product_id,product_name,unit_price
85123A,WHITE HANGING HEART T-LIGHT HOLDER,2.55
71053,WHITE METAL LANTERN,3.39
84406B,CREAM CUPID HEARTS COAT HANGER,2.75
84029G,KNITTED UNION FLAG HOT WATER BOTTLE,3.39
84029E,RED WOOLLY HOTTIE WHITE HEART.,3.39
22752,SET 7 BABUSHKA NESTING BOXES,7.65
21730,GLASS STAR FROSTED T-LIGHT HOLDER,4.25
22633,HAND WARMER UNION JACK,1.85
22632,HAND WARMER RED POLKA DOT,1.85
22745,POPPY'S PLAYHOUSE BEDROOM,2.1
22748,POPPY'S PLAYHOUSE KITCHEN,2.1
22749,FELTCRAFT PRINCESS CHARLOTTE DOLL,3.75
22310,IVORY KNITTED MUG COSY,1.65
84969,BOX OF 6 ASSORTED COLOUR TEASPOONS,4.25
22623,BOX OF VINTAGE JIGSAW BLOCKS,4.95
21754,HOME BUILDING BLOCK WORD,5.95
21755,LOVE BUILDING BLOCK WORD,5.95
21777,RECIPE BOX WITH METAL HEART,7.95
48187,DOORMAT NEW ENGLAND,7.95
22960,JAM MAKING SET WITH JARS,4.25
22913,RED COAT RACK PARIS FASHION,4.95
22912,YELLOW COAT RACK PARIS FASHION,4.95
22914,BLUE COAT RACK PARIS FASHION,4.95
21756,BATH BUILDING BLOCK WORD,5.95
22728,ALARM CLOCK BAKELIKE PINK,3.75
22727,ALARM CLOCK BAKELIKE RED,3.75
22726,ALARM CLOCK BAKELIKE GREEN,3.75
21724,PANDA AND BUNNIES STICKER SHEET,0.85
21883,STARS GIFT TAPE,0.65
21791,VINTAGE HEADS AND TAILS CARD GAME,1.25
21035,SET/2 RED RETROSPOT TEA TOWELS,2.95
22326,ROUND SNACK BOXES SET OF4 WOODLAND,2.95
22629,SPACEBOY LUNCH BOX,1.95
22659,LUNCH BOX I LOVE LONDON,1.95
22631,CIRCUS PARADE LUNCH BOX,1.95
22661,CHARLOTTE BAG DOLLY GIRL DESIGN,0.85
21731,RED TOADSTOOL LED NIGHT LIGHT,1.65
22900,SET 2 TEA TOWELS I LOVE LONDON,2.95
21913,VINTAGE SEASIDE JIGSAW PUZZLES,3.75
22540,MINI JIGSAW CIRCUS PARADE,0.42
22544,MINI JIGSAW SPACEBOY,0.42
20679,EDWARDIAN PARASOL RED,4.95
37370,RETRO COFFEE MUGS ASSORTED,1.06
21871,SAVE THE PLANET MUG,1.06
21071,VINTAGE BILLBOARD DRINK ME MUG,1.06
21068,VINTAGE BILLBOARD LOVE/HATE MUG,1.06
82483,WOOD 2 DRAWER CABINET WHITE FINISH,4.95
82486,WOOD S/3 CABINET ANT WHITE FINISH,6.95
82482,WOODEN PICTURE FRAME WHITE FINISH,2.1
82494L,WOODEN FRAME ANTIQUE WHITE,2.55
22386,JUMBO BAG PINK POLKADOT,1.95
85099C,JUMBO  BAG BAROQUE BLACK WHITE,1.95
21033,JUMBO BAG CHARLIE AND LOLA TOYS,2.95
20723,STRAWBERRY CHARLOTTE BAG,0.85
84997B,RED 3 PIECE RETROSPOT CUTLERY SET,3.75
84997C,BLUE 3 PIECE POLKADOT CUTLERY SET,3.75
21094,SET/6 RED SPOTTY PAPER PLATES,0.85
20725,LUNCH BAG RED RETROSPOT,1.65
21559,STRAWBERRY LUNCH BOX WITH CUTLERY,2.55
22352,LUNCH BOX WITH CUTLERY RETROSPOT,2.55
21975,PACK OF 60 DINOSAUR CAKE CASES,0.55
21977,PACK OF 60 PINK PAISLEY CAKE CASES,0.55
84991,60 TEATIME FAIRY CAKE CASES,0.55
84519A,TOMATO CHARLIE+LOLA COASTER SET,2.95
21931,JUMBO STORAGE BAG SUKI,1.95
21929,JUMBO BAG PINK VINTAGE PAISLEY,1.95
22961,JAM MAKING SET PRINTED,1.45
22139,RETROSPOT TEA SET CERAMIC 11 PC,4.25
84854,GIRLY PINK TOOL SET,4.95
22411,JUMBO SHOPPER VINTAGE RED PAISLEY,1.95
82567,"AIRLINE LOUNGE,METAL SIGN",2.1
21672,WHITE SPOT RED CERAMIC DRAWER KNOB,1.25
22774,RED DRAWER KNOB ACRYLIC EDWARDIAN,1.25
22771,CLEAR DRAWER KNOB ACRYLIC EDWARDIAN,1.25
71270,PHOTO CLIP LINE,1.25
22262,FELT EGG COSY CHICKEN,0.85
22637,PIGGY BANK RETROSPOT,2.55
21934,SKULL SHOULDER BAG,1.65
21169,YOU'RE CONFUSING ME METAL SIGN,1.69
21166,COOK WITH WINE METAL SIGN,1.95
21175,GIN + TONIC DIET METAL SIGN,2.1
37444A,YELLOW BREAKFAST CUP AND SAUCER,2.95
37444C,PINK BREAKFAST CUP AND SAUCER,2.95
22086,PAPER CHAIN KIT 50'S CHRISTMAS,2.95
22083,PAPER CHAIN KIT RETROSPOT,2.95
84971S,SMALL HEART FLOWERS HOOK,0.85
47580,TEA TIME DES TEA COSY,2.55
22261,FELT EGG COSY WHITE RABBIT,0.85
84832,ZINC WILLIE WINKIE  CANDLE STICK,0.85
22644,CERAMIC CHERRY CAKE MONEY BANK,1.45
21533,RETROSPOT LARGE MILK JUG,4.95
21557,SET OF 6 FUNKY BEAKERS,2.95
15056BL,EDWARDIAN PARASOL BLACK,5.95
15056N,EDWARDIAN PARASOL NATURAL,5.95
22646,CERAMIC STRAWBERRY CAKE MONEY BANK,1.45
22176,BLUE OWL SOFT TOY,2.95
22438,BALLOON ART MAKE YOUR OWN FLOWERS,1.95
22778,GLASS CLOCHE SMALL,3.95
21523,DOORMAT FANCY FONT HOME SWEET HOME,6.75
10002,INFLATABLE POLITICAL GLOBE,0.85
21912,VINTAGE SNAKES & LADDERS,3.75
21832,CHOCOLATE CALCULATOR,1.65
22379,RECYCLING BAG RETROSPOT,2.1
22798,ANTIQUE GLASS DRESSING TABLE POT,2.95
22926,IVORY GIANT GARDEN THERMOMETER,5.95
82484,WOOD BLACK BOARD ANT WHITE FINISH,6.45
22464,HANGING METAL HEART LANTERN,1.65
21324,HANGING MEDINA LANTERN SMALL,2.95
22457,NATURAL SLATE HEART CHALKBOARD,2.95
22224,WHITE LOVEBIRD LANTERN,2.95
22189,CREAM HEART CARD HOLDER,3.95
22427,ENAMEL FLOWER JUG CREAM,5.95
22428,ENAMEL FIRE BUCKET CREAM,6.95
22663,JUMBO BAG DOLLY GIRL DESIGN,1.95
85049A,TRADITIONAL CHRISTMAS RIBBONS,1.25
22662,LUNCH BAG DOLLY GIRL DESIGN,1.65
21523,DOORMAT FANCY FONT HOME SWEET HOME,7.95
21363,HOME SMALL WOOD LETTERS,4.95
21411,GINGHAM HEART  DOORSTOP RED,4.25
22318,FIVE HEART HANGING DECORATION,2.95
22915,ASSORTED BOTTLE TOP  MAGNETS,0.42
22922,FRIDGE MAGNETS US DINER ASSORTED,0.85
22969,HOMEMADE JAM SCENTED CANDLES,1.45
22923,FRIDGE MAGNETS LES ENFANTS ASSORTED,0.85
21115,ROSE CARAVAN DOORSTOP,6.75
22469,HEART OF WICKER SMALL,1.65
22242,5 HOOK HANGER MAGIC TOADSTOOL,1.65
21622,VINTAGE UNION JACK CUSHION COVER,4.95
35004C,SET OF 3 COLOURED  FLYING DUCKS,5.45
35004G,SET OF 3 GOLD FLYING DUCKS,6.35
85014B,RED RETROSPOT UMBRELLA,5.95
85014A,BLACK/BLUE POLKADOT UMBRELLA,5.95
22195,LARGE HEART MEASURING SPOONS,1.65
22196,SMALL HEART MEASURING SPOONS,0.85
22960,JAM MAKING SET WITH JARS,3.75
21533,RETROSPOT LARGE MILK JUG,4.25
21485,RETROSPOT HEART HOT WATER BOTTLE,4.25
84030E,ENGLISH ROSE HOT WATER BOTTLE,3.75
22150,3 STRIPEY MICE FELTCRAFT,1.95
22619,SET OF 6 SOLDIER SKITTLES,3.75
21891,TRADITIONAL WOODEN SKIPPING ROPE,1.25
21889,WOODEN BOX OF DOMINOES,1.25
22127,PARTY CONES CARNIVAL ASSORTED,1.25
22128,PARTY CONES CANDY ASSORTED,1.25
22502,PICNIC BASKET WICKER SMALL,5.95
84879,ASSORTED COLOUR BIRD ORNAMENT,1.69
22338,STAR DECORATION PAINTED ZINC,0.65
21506,"FANCY FONT BIRTHDAY CARD,",0.42
21485,RETROSPOT HEART HOT WATER BOTTLE,4.95
22349,DOG BOWL CHASING BALL DESIGN,3.75
85152,HAND OVER THE CHOCOLATE   SIGN,2.1
22652,TRAVEL SEWING KIT,1.65
22188,BLACK HEART CARD HOLDER,3.95
21212,PACK OF 72 RETROSPOT CAKE CASES,0.55
21484,CHICK GREY HOT WATER BOTTLE,3.45
21314,SMALL GLASS HEART TRINKET POT,2.1
22730,ALARM CLOCK BAKELIKE IVORY,3.75
22729,ALARM CLOCK BAKELIKE ORANGE,3.75
22114,HOT WATER BOTTLE TEA AND SYMPATHY,3.95
15056BL,EDWARDIAN PARASOL BLACK,4.95
35004B,SET OF 3 BLACK FLYING DUCKS,4.65
21980,PACK OF 12 RED RETROSPOT TISSUES,0.29
21844,RED RETROSPOT MUG,2.95
22468,BABUSHKA LIGHTS STRING OF 10,6.75
48185,DOORMAT FAIRY CAKE,7.95
22632,HAND WARMER RED RETROSPOT,2.1
22866,HAND WARMER SCOTTY DOG DESIGN,2.1
22865,HAND WARMER OWL DESIGN,2.1
21232,STRAWBERRY CERAMIC TRINKET BOX,1.25
22064,PINK DOUGHNUT TRINKET POT,1.65
22449,SILK PURSE BABUSHKA PINK,3.35
22835,HOT WATER BOTTLE I AM SO POORLY,4.65
22112,CHOCOLATE HOT WATER BOTTLE,4.95
21479,WHITE SKULL HOT WATER BOTTLE,3.75
22111,SCOTTIE DOG HOT WATER BOTTLE,4.95
22110,BIRD HOUSE HOT WATER BOTTLE,2.55
22098,BOUDOIR SQUARE TISSUE BOX,1.25
22100,SKULLS SQUARE TISSUE BOX,1.25
22766,PHOTO FRAME CORNICE,2.95
22451,SILK PURSE BABUSHKA RED,3.35
22549,PICTURE DOMINOES,1.45
84744,S/6 SEW ON CROCHET FLOWERS,1.25
85049E,SCANDINAVIAN REDS RIBBONS,1.25
21328,BALLOONS  WRITING SET,1.65
17091A,LAVENDER INCENSE IN TIN,1.25
22473,TV DINNER TRAY VINTAGE PAISLEY,4.95
84509A,SET OF 4 ENGLISH ROSE PLACEMATS,3.75
84510A,SET OF 4 ENGLISH ROSE COASTERS,1.25
21463,MIRRORED DISCO BALL,5.95
21464,DISCO BALL ROTATOR BATTERY OPERATED,4.25
20820,SILVER LOOKING MIRROR,4.95
85150,LADIES & GENTLEMEN METAL SIGN,2.55
22117,METAL SIGN HER DINNER IS SERVED,2.95
48129,DOORMAT TOPIARY,7.95
82580,BATHROOM METAL SIGN,0.55
82578,KITCHEN METAL SIGN,0.55
82581,TOILET METAL SIGN,0.55
22413,METAL SIGN TAKE IT OR LEAVE IT,2.95
21907,I'M ON HOLIDAY METAL SIGN,2.1
22441,GROW YOUR OWN BASIL IN ENAMEL MUG,2.1
21122,SET/10 PINK POLKADOT PARTY CANDLES,1.25
22851,SET 20 NAPKINS FAIRY CAKES DESIGN,0.85
22810,SET OF 6 T-LIGHTS SNOWMEN,2.95
22809,SET OF 6 T-LIGHTS SANTA,2.95
22435,SET OF 9 HEART SHAPED BALLOONS,1.25
20966,SANDWICH BATH SPONGE,1.25
20963,APPLE BATH SPONGE,1.25
20961,STRAWBERRY BATH SPONGE,1.25
22068,BLACK PIRATE TREASURE CHEST,1.65
21743,STAR PORTABLE TABLE LIGHT,2.95
21744,SNOWFLAKE PORTABLE TABLE LIGHT,2.95
84709B,PINK OVAL JEWELLED MIRROR,5.95
21592,RETROSPOT CIGAR BOX MATCHES,1.25
21587,COSY HOUR GIANT TUBE MATCHES,2.55
20992,JAZZ HEARTS PURSE NOTEBOOK,0.85
85123A,WHITE HANGING HEART T-LIGHT HOLDER,2.95
22804,CANDLEHOLDER PINK HANGING HEART,2.95
82483,WOOD 2 DRAWER CABINET WHITE FINISH,5.95
20749,ASSORTED COLOUR MINI CASES,7.95
22382,LUNCH BAG SPACEBOY DESIGN,1.65
20726,LUNCH BAG WOODLAND,1.65
22384,LUNCH BAG PINK POLKADOT,1.65
22467,GUMBALL COAT RACK,2.55
84625C,BLUE NEW BAROQUE CANDLESTICK CANDLE,2.95
84625A,PINK NEW BAROQUECANDLESTICK CANDLE,2.95
21108,FAIRY CAKE FLANNEL ASSORTED COLOUR,2.55
84030E,ENGLISH ROSE HOT WATER BOTTLE,4.25
22297,HEART IVORY TRELLIS SMALL,1.25
22772,PINK DRAWER KNOB ACRYLIC EDWARDIAN,1.25
22773,GREEN DRAWER KNOB ACRYLIC EDWARDIAN,1.25
22805,BLUE DRAWER KNOB ACRYLIC EDWARDIAN,1.25
21125,SET 6 FOOTBALL CELEBRATION CANDLES,1.25
21126,SET OF 6 GIRLS CELEBRATION CANDLES,1.25
85049C,ROMANTIC PINKS RIBBONS,1.25
85049D,BRIGHT BLUES RIBBONS,1.25
85049G,CHOCOLATE BOX RIBBONS,1.25
21061,PARTY INVITES FOOTBALL,0.85
21063,PARTY INVITES JAZZ HEARTS,0.85
21062,PARTY INVITES SPACEMAN,0.85
84380,SET OF 3 BUTTERFLY COOKIE CUTTERS,1.25
84378,SET OF 3 HEART COOKIE CUTTERS,1.25
22964,3 PIECE SPACEBOY COOKIE CUTTER SET,2.1
21213,PACK OF 72 SKULL CAKE CASES,0.55
22417,PACK OF 60 SPACEBOY CAKE CASES,0.55
84992,72 SWEETHEART FAIRY CAKE CASES,0.55
22383,LUNCH BAG SUKI  DESIGN,1.65
20728,LUNCH BAG CARS BLUE,1.65
20727,LUNCH BAG  BLACK SKULL.,1.65
22296,HEART IVORY TRELLIS LARGE,1.65
22537,MAGIC DRAWING SLATE DINOSAUR,0.42
22533,MAGIC DRAWING SLATE BAKE A CAKE,0.42
20982,12 PENCILS TALL TUBE SKULLS,0.85
21915,RED  HARMONICA IN BOX,1.25
21914,BLUE HARMONICA IN BOX,1.25
21544,SKULLS  WATER TRANSFER TATTOOS,0.85
22813,PACK 3 BOXES BIRD PANNETONE,1.95
84029E,RED WOOLLY HOTTIE WHITE HEART.,3.75
84375,SET OF 20 KIDS COOKIE CUTTERS,2.1
22418,10 COLOUR SPACEBOY PEN,0.85
22178,VICTORIAN GLASS HANGING T-LIGHT,1.25
84970L,SINGLE HEART ZINC T-LIGHT HOLDER,0.95
21733,RED HANGING HEART T-LIGHT HOLDER,2.95
22465,HANGING METAL STAR LANTERN,1.65
84949,SILVER HANGING T-LIGHT HOLDER,1.65
20685,DOORMAT RED RETROSPOT,7.95
48194,DOORMAT HEARTS,7.95
22488,NATURAL SLATE RECTANGLE CHALKBOARD,1.65
22219,LOVEBIRD HANGING DECORATION WHITE,0.85
22716,CARD CIRCUS PARADE,0.42
22706,WRAP COWBOYS,0.42
22371,AIRLINE BAG VINTAGE TOKYO 78,4.25
21210,SET OF 72 RETROSPOT PAPER  DOILIES,1.45
22553,PLASTERS IN TIN SKULLS,1.65
22714,CARD BIRTHDAY COWBOY,0.42
22812,PACK 3 BOXES CHRISTMAS PANNETONE,1.95
84347,ROTATING SILVER ANGELS T-LIGHT HLDR,2.55
22736,RIBBON REEL MAKING SNOWMEN,1.65
22620,4 TRADITIONAL SPINNING TOPS,1.25
21705,BAG 500G SWIRLY MARBLES,1.65
90199C,5 STRAND GLASS NECKLACE CRYSTAL,6.35
22785,SQUARECUSHION COVER PINK UNION FLAG,6.75
22975,SPACEBOY CHILDRENS EGG CUP,1.25
22972,CHILDREN'S SPACEBOY MUG,1.65
22568,FELTCRAFT CUSHION OWL,3.75
85116,BLACK CANDELABRA T-LIGHT HOLDER,2.1
22664,TOY TIDY DOLLY GIRL DESIGN,2.1
21609,SET 12 LAVENDER  BOTANICAL T-LIGHTS,2.95
21866,UNION JACK FLAG LUGGAGE TAG,1.25
20669,RED HEART LUGGAGE TAG,1.25
90129F,RED GLASS TASSLE BAG CHARM,2.95
90210B,CLEAR ACRYLIC FACETED BANGLE,2.95
21955,DOORMAT UNION JACK GUNS AND ROSES,7.95
72802C,VANILLA SCENT CANDLE JEWELLED BOX,4.25
22109,FULL ENGLISH BREAKFAST PLATE,3.75
22531,MAGIC DRAWING SLATE CIRCUS PARADE,0.42
21811,CHRISTMAS HANGING HEART WITH BELL,1.25
22183,CAKE STAND VICTORIAN FILIGREE MED,6.75
21678,PAISLEY PATTERN  STICKERS,0.85
21676,FLOWERS  STICKERS,0.85
85169B,BLACK LOVE BIRD CANDLE,1.25
20668,DISCO BALL CHRISTMAS DECORATION,0.12
84906,PINK B'FLY C/COVER W BOBBLES,5.95
21867,PINK UNION JACK  LUGGAGE TAG,1.25
22075,6 RIBBONS ELEGANT CHRISTMAS,1.65
21326,AGED GLASS SILVER T-LIGHT HOLDER,0.65
21065,BOOM BOX SPEAKER GIRLS,5.95
22074,6 RIBBONS SHIMMERING PINKS,1.65
20713,JUMBO BAG OWLS,1.95
21116,OWL DOORSTOP,4.95
22633,HAND WARMER UNION JACK,2.1
22198,LARGE POPCORN HOLDER,1.65
21824,PAINTED METAL STAR WITH HOLLY BELLS,1.45
21823,PAINTED METAL HEART WITH HOLLY BELL,1.45
22153,ANGEL DECORATION STARS ON DRESS,0.42
22197,SMALL POPCORN HOLDER,0.85
85099B,JUMBO BAG RED RETROSPOT,1.95
85099F,JUMBO BAG STRAWBERRY,1.95
20717,STRAWBERRY SHOPPER BAG,1.25
22328,ROUND SNACK BOXES SET OF 4 FRUITS,2.95
22327,ROUND SNACK BOXES SET OF 4 SKULLS,2.95
22630,DOLLY GIRL LUNCH BOX,1.95
21245,GREEN POLKADOT PLATE,1.69
21244,BLUE POLKADOT PLATE,1.69
21242,RED RETROSPOT PLATE,1.69
21243,PINK  POLKADOT PLATE,1.69
22273,FELTCRAFT DOLL MOLLY,2.95
22940,FELTCRAFT CHRISTMAS FAIRY,4.25
22759,SET OF 3 NOTEBOOKS IN PARCEL,1.65
21880,RED RETROSPOT TAPE,0.65
21738,COSY SLIPPER SHOES SMALL  RED,2.95
22077,6 RIBBONS RUSTIC CHARM,1.65
21448,12 DAISY PEGS IN WOOD BOX,1.65
22837,HOT WATER BOTTLE BABUSHKA,4.65
22243,5 HOOK HANGER RED MAGIC TOADSTOOL,1.65
22141,CHRISTMAS CRAFT TREE TOP ANGEL,2.1
22144,CHRISTMAS CRAFT LITTLE FRIENDS,2.1
21739,COSY SLIPPER SHOES SMALL GREEN,2.95
22271,FELTCRAFT DOLL ROSIE,2.95
22274,FELTCRAFT DOLL EMILY,2.95
22751,FELTCRAFT PRINCESS OLIVIA DOLL,3.75
21034,REX CASH+CARRY JUMBO SHOPPER,0.95
22570,FELTCRAFT CUSHION RABBIT,3.75
22569,FELTCRAFT CUSHION BUTTERFLY,3.75
22902,TOTE BAG I LOVE LONDON,2.1
21710,FOLDING UMBRELLA PINKWHITE POLKADOT,4.95
21708,FOLDING UMBRELLA CREAM POLKADOT,4.95
21711,FOLDING UMBRELLA WHITE/RED POLKADOT,4.95
22179,SET 10 LIGHTS NIGHT OWL,6.75
21706,FOLDING UMBRELLA RED/WHITE POLKADOT,4.95
85184C,S/4 VALENTINE DECOUPAGE HEART BOX,2.95
22988,SOLDIERS EGG CUP,1.25
20750,RED RETROSPOT MINI CASES,7.95
22952,60 CAKE CASES VINTAGE CHRISTMAS,0.55
22910,PAPER CHAIN KIT VINTAGE CHRISTMAS,2.95
22739,RIBBON REEL CHRISTMAS SOCK BAUBLE,1.65
22738,RIBBON REEL SNOWY VILLAGE,1.65
22909,SET OF 20 VINTAGE CHRISTMAS NAPKINS,0.85
35591T,TURQUOISE CHRISTMAS TREE,1.25
22186,RED STAR CARD HOLDER,2.95
22695,WICKER WREATH SMALL,1.45
22470,HEART OF WICKER LARGE,2.95
22580,ADVENT CALENDAR GINGHAM SACK,5.95
22147,FELTCRAFT BUTTERFLY HEARTS,1.45
22130,PARTY CONE CHRISTMAS DECORATION,0.85
22694,WICKER STAR,2.1
21790,VINTAGE SNAP CARDS,0.85
22149,FELTCRAFT 6 FLOWER FRIENDS,2.1
22321,BIRD DECORATION RED RETROSPOT,0.85
22594,CHRISTMAS GINGHAM TREE,0.85
22593,CHRISTMAS GINGHAM STAR,0.85
22595,CHRISTMAS GINGHAM HEART,0.85
21986,PACK OF 12 PINK POLKADOT TISSUES,0.29
22750,FELTCRAFT PRINCESS LOLA DOLL,3.75
22616,PACK OF 12 LONDON TISSUES,0.29
22775,PURPLE DRAWERKNOB ACRYLIC EDWARDIAN,1.25
22899,CHILDREN'S APRON DOLLY GIRL,2.1
22367,CHILDRENS APRON SPACEBOY DESIGN,1.95
21976,PACK OF 60 MUSHROOM CAKE CASES,0.55
22951,60 CAKE CASES DOLLY GIRL DESIGN,0.55
22834,HAND WARMER BABUSHKA DESIGN,2.1
22867,HAND WARMER BIRD DESIGN,2.1
21916,SET 12 RETRO WHITE CHALK STICKS,0.42
22587,FELTCRAFT HAIRBAND RED AND BLUE,0.85
22566,FELTCRAFT HAIRBAND PINK AND PURPLE,0.85
22565,FELTCRAFT HAIRBANDS PINK AND WHITE,0.85
22472,TV DINNER TRAY DOLLY GIRL,4.95
22557,PLASTERS IN TIN VINTAGE PAISLEY,1.65
22551,PLASTERS IN TIN SPACEBOY,1.65
22554,PLASTERS IN TIN WOODLAND ANIMALS,1.65
22534,MAGIC DRAWING SLATE SPACEBOY,0.42
22529,MAGIC DRAWING SLATE GO TO THE FAIR,0.42
22530,MAGIC DRAWING SLATE DOLLY GIRL,0.42
84032B,CHARLIE + LOLA RED HOT WATER BOTTLE,2.95
85049H,URBAN BLACK RIBBONS,1.25
22807,SET OF 6 T-LIGHTS TOADSTOOLS,2.95
21494,ROTATING LEAVES T-LIGHT HOLDER,1.25
22938,CUPCAKE LACE PAPER SET 6,1.95
82494L,WOODEN FRAME ANTIQUE WHITE,2.95
21892,TRADITIONAL WOODEN CATCH CUP GAME,1.25
21890,S/6 WOODEN SKITTLES IN COTTON BAG,2.95
21718,RED METAL BEACH SPADE,1.25
21716,BOYS VINTAGE TIN SEASIDE BUCKET,2.55
21715,GIRLS VINTAGE TIN SEASIDE BUCKET,2.55
22113,GREY HEART HOT WATER BOTTLE,3.75
22358,KINGS CHOICE TEA CADDY,2.95
22357,KINGS CHOICE BISCUIT TIN,4.25
22115,METAL SIGN EMPIRE TEA,2.95
21481,FAWN BLUE HOT WATER BOTTLE,2.95
22585,PACK OF 6 BIRDY GIFT TAGS,1.25
79321,CHILLI LIGHTS,4.95
21556,CERAMIC STRAWBERRY MONEY BOX,2.55
22645,CERAMIC HEART FAIRY CAKE MONEY BANK,1.45
22650,CERAMIC PIRATE CHEST MONEY BANK,1.45
22508,DOORSTOP RETROSPOT HEART,3.75
22511,RETROSPOT BABUSHKA DOORSTOP,3.75
22142,CHRISTMAS CRAFT WHITE FAIRY,1.45
21591,COSY HOUR CIGAR BOX MATCHES,1.25
22480,RED TEA TOWEL CLASSIC DESIGN,1.25
21156,RETROSPOT CHILDRENS APRON,1.95
10133,COLOURING PENCILS BROWN TUBE,0.85
72800E,4 IVORY DINNER CANDLES SILVER FLOCK,2.55
22294,HEART FILIGREE DOVE  SMALL,1.25
84836,ZINC METAL HEART DECORATION,1.25
20774,GREEN FERN NOTEBOOK,1.65
20773,BLUE PAISLEY NOTEBOOK,1.65
20777,CHRYSANTHEMUM NOTEBOOK,1.65
16016,LARGE CHINESE STYLE SCISSOR,0.85
16014,SMALL CHINESE STYLE SCISSOR,0.42
21651,HANGING GLASS ETCHED TEALIGHT,1.65
21586,KINGS CHOICE GIANT TUBE MATCHES,2.55
22152,PLACE SETTING WHITE STAR,0.42
85172,HYACINTH BULB T-LIGHT CANDLES,0.42
84754,S/15 SILVER GLASS BAUBLES IN BAG,1.25
22670,FRENCH WC SIGN BLUE METAL,1.25
84849B,FAIRY SOAP SOAP HOLDER,1.69
22927,GREEN GIANT GARDEN THERMOMETER,5.95
22925,BLUE GIANT GARDEN THERMOMETER,5.95
21259,VICTORIAN SEWING BOX SMALL,5.95
21257,VICTORIAN SEWING BOX MEDIUM,7.95
21121,SET/10 RED POLKADOT PARTY CANDLES,1.25
82552,WASHROOM METAL SIGN,1.45
90200B,BLACK SWEETHEART BRACELET,4.25
90059B,DIAMANTE HAIR GRIP PACK/2 BLACK DIA,1.65
90185C,BLACK DIAMANTE EXPANDABLE RING,4.25
90059E,DIAMANTE HAIR GRIP PACK/2 RUBY,1.65
90059C,DIAMANTE HAIR GRIP PACK/2 MONTANA,1.65
90200C,BLUE SWEETHEART BRACELET,4.25
90200D,PINK SWEETHEART BRACELET,4.25
90200A,PURPLE SWEETHEART BRACELET,4.25
22737,RIBBON REEL CHRISTMAS PRESENT,1.65
21260,FIRST AID TIN,3.25
22744,MAKE YOUR OWN MONSOON CARD KIT,2.95
21985,PACK OF 12 HEARTS DESIGN TISSUES,0.29
22295,HEART FILIGREE DOVE LARGE,1.65
16258A,SWIRLY CIRCULAR RUBBERS IN BAG,0.42
21992,VINTAGE PAISLEY STATIONERY SET,2.95
21124,SET/10 BLUE POLKADOT PARTY CANDLES,1.25
22735,RIBBON REEL SOCKS AND MITTENS,1.65
22945,CHRISTMAS METAL TAGS ASSORTED,0.85
21816,CHRISTMAS TREE T-LIGHT HOLDER,1.45
21815,STAR  T-LIGHT HOLDER,1.45
21814,HEART T-LIGHT HOLDER,1.45
10125,MINI FUNKY DESIGN TAPES,0.85
22573,STAR WOODEN CHRISTMAS DECORATION,0.85
22577,WOODEN HEART CHRISTMAS SCANDINAVIAN,0.85
22603,CHRISTMAS RETROSPOT TREE WOOD,0.85
20878,SET/9 CHRISTMAS T-LIGHTS SCENTED,1.25
20866,BLUE ROSE FABRIC MIRROR,1.25
85095,THREE CANVAS LUGGAGE TAGS,1.95
22333,RETROSPOT PARTY BAG + STICKER SET,1.65
21584,RETROSPOT SMALL TUBE MATCHES,1.65
22731,3D CHRISTMAS STAMPS STICKERS,1.25
22558,CLOTHES PEGS RETROSPOT PACK 24,1.49
22956,36 FOIL HEART CAKE CASES,2.1
22582,PACK OF 6 SWEETIE GIFT BOXES,2.55
85231B,CINAMMON SET OF 9 T-LIGHTS,0.85
85231G,ORANGE SCENTED SET/9 T-LIGHTS,0.85
22082,RIBBON REEL STRIPES DESIGN,1.65
22500,SET OF 2 TINS JARDIN DE PROVENCE,4.95
22742,MAKE YOUR OWN PLAYTIME CARD KIT,2.95
21329,DINOSAURS  WRITING SET,1.65
21327,SKULLS WRITING SET,1.65
48173C,DOORMAT BLACK FLOCK,7.95
72818,CHRISTMAS DECOUPAGE CANDLE,0.85
22312,OFFICE MUG WARMER POLKADOT,2.95
20979,36 PENCILS TUBE RED RETROSPOT,1.25
20977,36 PENCILS TUBE WOODLAND,1.25
47563A,RETRO LONGBOARD IRONING BOARD COVER,3.75
84558A,3D DOG PICTURE PLAYING CARDS,2.95
21577,SAVE THE PLANET COTTON TOTE BAG,2.25
22087,PAPER BUNTING WHITE LACE,2.95
22651,GENTLEMAN SHIRT REPAIR KIT,0.85
22713,CARD I LOVE LONDON,0.42
21370,MIRRORED WALL ART FOXY,6.35
21367,MIRRORED WALL ART GENTS,2.55
22376,AIRLINE BAG VINTAGE JET SET WHITE,4.25
21895,POTTING SHED SOW 'N' GROW SET,4.25
22372,AIRLINE BAG VINTAGE WORLD CHAMPION,4.25
21190,PINK HEARTS PAPER GARLAND,1.65
21894,POTTING SHED SEED ENVELOPES,1.25
70007,HI TEC ALPINE HAND WARMER,1.65
46000M,POLYESTER FILLER PAD 45X45CM,1.55
22712,CARD DOLLY GIRL,0.42
22983,CARD BILLBOARD FONT,0.42
22024,RAINY LADIES BIRTHDAY CARD,0.42
21488,RED WHITE SCARF  HOT WATER BOTTLE,3.95
22895,SET OF 2 TEA TOWELS APPLE AND PEARS,2.95
22784,LANTERN CREAM GAZEBO,4.95
21441,BLUE BIRDHOUSE DECORATION,0.85
21794,CLASSIC FRENCH STYLE BASKET NATURAL,6.75
20707,CRAZY DAISY HEART DECORATION,1.25
22588,CARD HOLDER GINGHAM HEART,2.55
21292,SMALL STRIPES CHOCOLATE GIFT BAG,0.85
22107,PIZZA PLATE IN BOX,3.75
21486,PINK HEART DOTS HOT WATER BOTTLE,3.75
22151,PLACE SETTING WHITE HEART,0.42
22643,SET OF 4 NAPKIN CHARMS LEAVES,2.55
22642,SET OF 4 NAPKIN CHARMS STARS,2.55
22604,SET OF 4 NAPKIN CHARMS CUTLERY,2.55
22099,CARAVAN SQUARE TISSUE BOX,1.25
22653,BUTTON BOX,1.95
22906,12 MESSAGE CARDS WITH ENVELOPES,1.65
22754,SMALL RED BABUSHKA NOTEBOOK,0.85
22919,HERB MARKER MINT,0.65
22917,HERB MARKER ROSEMARY,0.65
22920,HERB MARKER BASIL,0.65
22921,HERB MARKER CHIVES,0.65
22918,HERB MARKER PARSLEY,0.65
22916,HERB MARKER THYME,0.65
22575,METAL MERRY CHRISTMAS WREATH,1.95
21804,WHITE CHRISTMAS GARLAND STARS TREES,3.75
21588,RETROSPOT GIANT TUBE MATCHES,2.55
22955,36 FOIL STAR CAKE CASES,2.1
22583,PACK OF 6 HANDBAG GIFT BOXES,2.55
22241,GARLAND WOODEN HAPPY EASTER,1.25
22904,CALENDAR PAPER CUT DESIGN,2.95
22905,CALENDAR IN SEASON DESIGN,2.95
22092,BLUE PAISLEY TISSUE BOX,1.25
22096,PINK PAISLEY SQUARE TISSUE BOX,1.25
21358,TOAST ITS - HAPPY BIRTHDAY,1.25
21123,SET/10 IVORY POLKADOT PARTY CANDLES,1.25
21427,SKULLS STORAGE BOX SMALL,2.1
21930,JUMBO STORAGE BAG SKULLS,1.95
20772,GARDEN PATH JOURNAL,2.55
71406C,BLACK ORANGE SQUEEZER,0.42
84985A,SET OF 72 GREEN PAPER DOILIES,1.45
20754,RETROSPOT RED WASHING UP GLOVES,2.1
84596E,SMALL LICORICE DES PINK BOWL,1.25
21111,"SWISS ROLL TOWEL, CHOCOLATE  SPOTS",2.95
22854,CREAM SWEETHEART EGG HOLDER,4.95
84997D,PINK 3 PIECE POLKADOT CUTLERY SET,3.75
47599A,PINK PARTY BAGS,2.1
47599B,BLUE PARTY BAGS,2.1
20972,PINK CREAM FELT CRAFT TRINKET BOX,1.25
21041,RED RETROSPOT OVEN GLOVE DOUBLE,2.95
21664,RIDGED GLASS STORAGE JAR CREAM LID,3.75
22907,PACK OF 20 NAPKINS PANTRY DESIGN,0.85
21810,CHRISTMAS HANGING STAR WITH BELL,1.25
21197,MULTICOLOUR  CONFETTI IN TUBE,1.65
85035B,CHOCOLATE 3 WICK MORRIS BOX CANDLE,4.25
37370,RETRO COFFEE MUGS ASSORTED,1.25
21098,CHRISTMAS TOILET ROLL,1.25
20914,SET/5 RED RETROSPOT LID GLASS BOWLS,2.95
21192,WHITE BELL HONEYCOMB PAPER,1.65
72800B,4 PURPLE FLOCK DINNER CANDLES,2.55
84563A,PINK & WHITE BREAKFAST TRAY,5.95
47504H,ENGLISH ROSE SPIRIT LEVEL,1.95
21742,LARGE ROUND WICKER PLATTER,5.95
22481,BLACK TEA TOWEL CLASSIC DESIGN,1.25
22943,CHRISTMAS LIGHTS 10 VINTAGE BAUBLES,4.95
22699,ROSES REGENCY TEACUP AND SAUCER,2.95
22217,T-LIGHT HOLDER HANGING LACE,1.25
22227,HANGING HEART MIRROR DECORATION,0.65
21106,CREAM SLICE FLANNEL CHOCOLATE SPOT,2.95
21107,CREAM SLICE FLANNEL PINK SPOT,2.95
22697,GREEN REGENCY TEACUP AND SAUCER,2.95
21826,EIGHT PIECE DINOSAUR SET,1.25
22548,HEADS AND TAILS SPORTING FUN,1.25
17164B,ASS COL SMALL SAND GECKO P'WEIGHT,0.42
22429,ENAMEL MEASURING JUG CREAM,4.25
20974,12 PENCILS SMALL TUBE SKULL,0.65
20973,12 PENCIL SMALL TUBE WOODLAND,0.65
15044B,BLUE PAPER PARASOL,2.95
21135,VICTORIAN  METAL POSTCARD SPRING,1.69
22173,METAL 4 HOOK HANGER FRENCH CHATEAU,2.95
84945,MULTI COLOUR SILVER T-LIGHT HOLDER,0.85
22244,3 HOOK HANGER MAGIC GARDEN,1.95
47421,ASSORTED COLOUR LIZARD SUCTION HOOK,0.42
20712,JUMBO BAG WOODLAND ANIMALS,1.95
22973,CHILDREN'S CIRCUS PARADE MUG,1.65
84569B,PACK 3 FIRE ENGINE/CAR PATCHES,1.25
22815,CARD PSYCHEDELIC APPLES,0.42
85114B,IVORY ENCHANTED FOREST PLACEMAT,1.65
22584,PACK OF 6 PANNETONE GIFT BOXES,2.55
22454,MEASURING TAPE BABUSHKA RED,2.95
22963,JAM JAR WITH GREEN LID,0.85
85114C,RED ENCHANTED FOREST PLACEMAT,1.65
22974,CHILDRENS DOLLY GIRL MUG,1.65
21452,TOADSTOOL MONEY BOX,2.95
22743,MAKE YOUR OWN FLOWERPOWER CARD KIT,2.95
22911,PAPER CHAIN KIT LONDON,2.95
22453,MEASURING TAPE BABUSHKA BLUE,2.95
22445,PENCIL CASE LIFE IS BEAUTIFUL,2.95
22222,CAKE PLATE LOVEBIRD WHITE,4.95
22187,GREEN CHRISTMAS TREE CARD HOLDER,4.25
22164,STRING OF STARS CARD HOLDER,2.95
72598,SET/12 TAPER CANDLES,0.85
22360,GLASS JAR ENGLISH CONFECTIONERY,2.95
22364,GLASS JAR DIGESTIVE BISCUITS,2.95
21657,MILK BOTTLE WITH GLASS STOPPER,6.95
21071,VINTAGE BILLBOARD DRINK ME MUG,1.25
21038,SET/4 MODERN VINTAGE COTTON NAPKINS,2.95
21625,VINTAGE UNION JACK APRON,6.95
22097,SWALLOW SQUARE TISSUE BOX,1.25
21179,NO JUNK MAIL METAL SIGN,1.25
22185,SLATE TILE NATURAL HANGING,1.65
21662,VINTAGE GLASS COFFEE CADDY,5.95
85104,SILVER GLASS T-LIGHT SET,2.95
21654,RIDGED GLASS FINGER BOWL,1.45
21658,GLASS  BEURRE DISH,3.95
21519,GIN & TONIC DIET GREETING CARD,0.42
22819,"BIRTHDAY CARD, RETRO SPOT",0.42
22704,WRAP RED APPLES,0.42
21498,RED RETROSPOT WRAP,0.42
20679,EDWARDIAN PARASOL RED,5.95
22049,WRAP CHRISTMAS SCREEN PRINT,0.42
21497,FANCY FONTS BIRTHDAY WRAP,0.42
21333,CLASSIC WHITE FRAME,2.95
22688,DOORMAT PEACE ON EARTH BLUE,7.95
22556,PLASTERS IN TIN CIRCUS PARADE,1.65
22547,MINI JIGSAW DINOSAUR,0.42
22543,MINI JIGSAW BAKE A CAKE,0.42
22539,MINI JIGSAW DOLLY GIRL,0.42
22561,WOODEN SCHOOL COLOURING SET,1.65
22489,PACK OF 12 TRADITIONAL CRAYONS,0.42
22814,CARD PARTY GAMES,0.42
21520,BOOZE & WOMEN GREETING CARD,0.42
22095,LADS ONLY TISSUE BOX,1.25
22094,RED RETROSPOT TISSUE BOX,1.25
21786,POLKADOT RAIN HAT,0.42
22962,JAM JAR WITH PINK LID,0.85
22966,GINGERBREAD MAN COOKIE CUTTER,1.25
21874,GIN AND TONIC MUG,1.25
21873,IF YOU CAN'T STAND THE HEAT MUG,1.25
21870,I CAN ONLY PLEASE ONE PERSON MUG,1.25
22315,200 RED + WHITE BENDY STRAWS,1.25
22667,RECIPE BOX RETROSPOT,2.95
22666,RECIPE BOX PANTRY YELLOW DESIGN,2.95
22665,RECIPE BOX BLUE SKETCHBOOK DESIGN,2.95
22567,20 DOLLY PEGS RETROSPOT,1.25
82600,NO SINGING METAL SIGN,2.1
22842,BISCUIT TIN VINTAGE RED,6.75
22494,EMERGENCY FIRST AID TIN,1.25
22825,DECORATIVE PLANT POT WITH FRIEZE,7.95
22680,FRENCH BLUE METAL DOOR SIGN 5,1.25
22118,JOY WOODEN BLOCK LETTERS,4.95
22121,NOEL WOODEN BLOCK LETTERS,5.95
22119,PEACE WOODEN BLOCK LETTERS,6.95
22311,OFFICE MUG WARMER BLACK+SILVER,2.95
72817,SET OF 2 CHRISTMAS DECOUPAGE CANDLE,1.25
21688,SILVER PLATE CANDLE BOWL SMALL,2.95
21694,SMALL REGAL  SILVER CANDLEPOT,2.95
22800,ANTIQUE TALL SWIRLGLASS TRINKET POT,3.75
22801,ANTIQUE GLASS PEDESTAL BOWL,3.75
22781,GUMBALL MAGAZINE RACK,7.65
21466,RED FLOWER CROCHET FOOD COVER,3.75
21467,CHERRY CROCHET FOOD COVER,3.75
21471,STRAWBERRY RAFFIA FOOD COVER,3.75
21469,POLKA DOT RAFFIA FOOD COVER,3.75
21524,DOORMAT SPOTTY HOME SWEET HOME,7.95
22791,T-LIGHT GLASS FLUTED ANTIQUE,1.25
21690,SILVER  CANDLEPOT JARDIN,3.75
37343,POLKADOT MUG PINK,1.65
22088,PAPER BUNTING COLOURED LACE,2.95
21143,ANTIQUE GLASS HEART DECORATION,1.95
84944,SET OF 6 KASHMIR FOLKART BAUBLES,4.25
22601,CHRISTMAS RETROSPOT ANGEL WOOD,0.85
22600,CHRISTMAS RETROSPOT STAR WOOD,0.85
22574,HEART WOODEN CHRISTMAS DECORATION,0.85
85199L,LARGE HANGING IVORY & RED WOOD BIRD,0.65
85199S,SMALL HANGING IVORY/RED WOOD BIRD,0.42
72741,GRAND CHOCOLATECANDLE,1.45
37495,FAIRY CAKE BIRTHDAY CANDLE SET,3.75
82486,WOOD S/3 CABINET ANT WHITE FINISH,7.95
48184,DOORMAT ENGLISH ROSE,7.95
48138,DOORMAT UNION FLAG,7.95
85019A,ROMANTIC IMAGES NOTEBOOK SET,4.25
85019C,CURIOUS  IMAGES NOTEBOOK SET,4.25
20902,VINTAGE KEEPSAKE BOX PARIS DAYS,6.35
21429,RED GINGHAM ROSE JEWELLERY BOX,1.65
85071A,BLUE CHARLIE+LOLA PERSONAL DOORSIGN,2.95
85071C,"CHARLIE+LOLA""EXTREMELY BUSY"" SIGN",2.55
21579,LOLITA  DESIGN  COTTON TOTE BAG,2.25
21576,LETS GO SHOPPING COTTON TOTE BAG,2.25
22493,PAINT YOUR OWN CANVAS SET,1.65
21833,CAMOUFLAGE LED TORCH,1.69
85135B,BLUE DRAGONFLY HELICOPTER,7.95
85136A,YELLOW SHARK HELICOPTER,7.95
85136C,RED SHARK HELICOPTER,7.95
21928,JUMBO BAG SCANDINAVIAN PAISLEY,1.95
20711,JUMBO BAG TOYS,1.95
21773,DECORATIVE ROSE BATHROOM BOTTLE,2.51
21774,DECORATIVE CATS BATHROOM BOTTLE,2.51
21786,POLKADOT RAIN HAT,0.85
21787,RAIN PONCHO RETROSPOT,1.66
21790,VINTAGE SNAP CARDS,1.66
21791,VINTAGE HEADS AND TAILS CARD GAME,2.51
21801,CHRISTMAS TREE DECORATION WITH BELL,0.43
21802,CHRISTMAS TREE HEART DECORATION,0.43
21803,CHRISTMAS TREE STAR DECORATION,0.43
21809,CHRISTMAS HANGING TREE WITH BELL,2.51
21810,CHRISTMAS HANGING STAR WITH BELL,2.51
21811,CHRISTMAS HANGING HEART WITH BELL,2.51
21821,GLITTER STAR GARLAND WITH BELLS,7.62
21822,GLITTER CHRISTMAS TREE WITH BELLS,4.21
21823,PAINTED METAL HEART WITH HOLLY BELL,2.98
21844,RED RETROSPOT MUG,5.91
21851,LILAC DIAMANTE PEN IN GIFT BOX,4.21
21870,I CAN ONLY PLEASE ONE PERSON MUG,3.36
21871,SAVE THE PLANET MUG,3.36
21874,GIN AND TONIC MUG,3.36
21879,HEARTS GIFT TAPE,1.66
21884,CAKES AND BOWS GIFT  TAPE,1.66
21888,BINGO SET,7.62
21889,WOODEN BOX OF DOMINOES,2.51
21892,TRADITIONAL WOODEN CATCH CUP GAME,2.51
21894,POTTING SHED SEED ENVELOPES,2.51
21911,GARDEN METAL SIGN,3.36
21912,VINTAGE SNAKES & LADDERS,7.62
21913,VINTAGE SEASIDE JIGSAW PUZZLES,7.62
21914,BLUE HARMONICA IN BOX,2.51
21915,RED  HARMONICA IN BOX,2.51
21928,JUMBO BAG SCANDINAVIAN PAISLEY,4.21
21935,SUKI  SHOULDER BAG,3.36
21942,SKULLS DESIGN FLANNEL,1.66
21944,KITTENS DESIGN FLANNEL,1.66
21949,SET OF 6 STRAWBERRY CHOPSTICKS,2.51
21975,PACK OF 60 DINOSAUR CAKE CASES,1.28
21977,PACK OF 60 PINK PAISLEY CAKE CASES,1.28
21982,PACK OF 12 SUKI TISSUES,0.85
21990,MODERN FLORAL STATIONERY SET,2.51
21991,BOHEMIAN COLLAGE STATIONERY SET,2.51
21992,VINTAGE PAISLEY STATIONERY SET,2.51
21993,FLORAL FOLK STATIONERY SET,2.51
22037,ROBOT BIRTHDAY CARD,0.85
22043,CHRISTMAS CARD SCREEN PRINT,0.43
22064,PINK DOUGHNUT TRINKET POT,3.36
22065,CHRISTMAS PUDDING TRINKET POT,3.36
22067,CHOC TRUFFLE GOLD TRINKET POT,3.36
22068,BLACK PIRATE TREASURE CHEST,3.36
22069,BROWN  PIRATE TREASURE CHEST,3.36
22071,SMALL WHITE RETROSPOT MUG IN BOX,7.62
22075,6 RIBBONS ELEGANT CHRISTMAS,3.36
22076,6 RIBBONS EMPIRE,3.36
22077,6 RIBBONS RUSTIC CHARM,3.36
22080,RIBBON REEL POLKADOTS,3.36
22081,RIBBON REEL FLORA + FAUNA,3.36
22082,RIBBON REEL STRIPES DESIGN,3.36
22083,PAPER CHAIN KIT RETROSPOT,5.91
22087,PAPER BUNTING WHITE LACE,5.91
22090,PAPER BUNTING RETROSPOT,5.91
22095,LADS ONLY TISSUE BOX,2.51
22100,SKULLS SQUARE TISSUE BOX,2.51
22107,PIZZA PLATE IN BOX,7.62
22110,BIRD HOUSE HOT WATER BOTTLE,7.62
22115,METAL SIGN EMPIRE TEA,5.91
22134,LADLE LOVE HEART RED,0.85
22135,LADLE LOVE HEART PINK,0.85
22141,CHRISTMAS CRAFT TREE TOP ANGEL,4.21
22144,CHRISTMAS CRAFT LITTLE FRIENDS,4.21
22149,FELTCRAFT 6 FLOWER FRIENDS,4.21
22153,ANGEL DECORATION STARS ON DRESS,0.85
22154,ANGEL DECORATION 3 BUTTONS,0.85
22155,STAR DECORATION RUSTIC,0.85
22156,HEART DECORATION WITH PEARLS,1.66
22161,HEART DECORATION RUSTIC HANGING,0.81
22162,HEART GARLAND RUSTIC PADDED,3.36
22174,PHOTO CUBE,3.36
22178,VICTORIAN GLASS HANGING T-LIGHT,2.51
22182,CAKE STAND VICTORIAN FILIGREE SMALL,4.21
22185,SLATE TILE NATURAL HANGING,3.36
22190,LOCAL CAFE MUG,2.51
22195,LARGE HEART MEASURING SPOONS,3.36
22196,SMALL HEART MEASURING SPOONS,1.66
22197,SMALL POPCORN HOLDER,1.66
22198,LARGE POPCORN HOLDER,3.36
22203,MILK PAN RED RETROSPOT,7.62
22219,LOVEBIRD HANGING DECORATION WHITE,1.66
22224,WHITE LOVEBIRD LANTERN,5.91
22265,EASTER DECORATION NATURAL CHICK,1.28
22276,WASH BAG VINTAGE ROSE PAISLEY,5.91
22294,HEART FILIGREE DOVE  SMALL,2.51
22296,HEART IVORY TRELLIS LARGE,3.36
22297,HEART IVORY TRELLIS SMALL,2.51
22299,PIG KEYRING WITH LIGHT & SOUND,2.51
22300,COFFEE MUG DOG + BALL DESIGN,5.06
22301,COFFEE MUG CAT + BIRD DESIGN,5.06
22309,TEA COSY RED  STRIPE,5.06
22310,IVORY KNITTED MUG COSY,3.36
22314,OFFICE MUG WARMER CHOC+BLUE,5.91
22318,FIVE HEART HANGING DECORATION,5.91
22335,HEART DECORATION PAINTED ZINC,1.28
22336,DOVE DECORATION PAINTED ZINC,1.28
22345,PARTY PIZZA DISH BLUE POLKADOT,1.66
22348,TEA BAG PLATE RED RETROSPOT,1.66
22355,CHARLOTTE BAG SUKI DESIGN,1.66
22356,CHARLOTTE BAG PINK POLKADOT,1.66
22359,GLASS JAR KINGS CHOICE,5.91
22360,GLASS JAR ENGLISH CONFECTIONERY,5.91
22361,GLASS JAR DAISY FRESH COTTON WOOL,5.91
22367,CHILDRENS APRON SPACEBOY DESIGN,4.21
22378,WALL TIDY RETROSPOT,4.21
22379,RECYCLING BAG RETROSPOT,4.21
22380,TOY TIDY SPACEBOY,4.21
22383,LUNCH BAG SUKI  DESIGN,4.21
22384,LUNCH BAG PINK POLKADOT,4.21
22394,PAPERWEIGHT KINGS CHOICE,5.06
22396,MAGNETS PACK OF 4 RETRO PHOTO,2.51
22418,10 COLOUR SPACEBOY PEN,1.66
22419,LIPSTICK PEN RED,0.85
22422,TOOTHPASTE TUBE PEN,1.28
22432,WATERING CAN PINK BUNNY,4.21
22437,SET OF 9 BLACK SKULL BALLOONS,1.66
22444,GROW YOUR OWN PLANT IN A CAN,2.51
22451,SILK PURSE BABUSHKA RED,6.77
22457,NATURAL SLATE HEART CHALKBOARD,5.91
22469,HEART OF WICKER SMALL,3.36
22470,HEART OF WICKER LARGE,5.91
22477,WATERING CAN GARDEN MARKER,2.51
22478,BIRDHOUSE GARDEN MARKER,2.51
22479,DAISY GARDEN MARKER,2.51
22489,PACK OF 12 TRADITIONAL CRAYONS,0.85
22494,EMERGENCY FIRST AID TIN,2.51
22515,CHILDS GARDEN SPADE PINK,4.21
22517,CHILDS GARDEN RAKE PINK,4.21
22519,CHILDS GARDEN BRUSH PINK,4.21
22530,MAGIC DRAWING SLATE DOLLY GIRL,0.85
22531,MAGIC DRAWING SLATE CIRCUS PARADE,0.85
22539,MINI JIGSAW DOLLY GIRL,0.85
22540,MINI JIGSAW CIRCUS PARADE,0.85
22545,MINI JIGSAW BUNNIES,0.85
22548,HEADS AND TAILS SPORTING FUN,2.51
22549,PICTURE DOMINOES,3.36
22550,HOLIDAY FUN LUDO,7.62
22553,PLASTERS IN TIN SKULLS,3.36
22555,PLASTERS IN TIN STRONGMAN,3.36
22558,CLOTHES PEGS RETROSPOT PACK 24,2.51
22560,TRADITIONAL MODELLING CLAY,2.51
22569,FELTCRAFT CUSHION BUTTERFLY,7.62
22571,ROCKING HORSE RED CHRISTMAS,1.66
22573,STAR WOODEN CHRISTMAS DECORATION,1.66
22574,HEART WOODEN CHRISTMAS DECORATION,1.66
22582,PACK OF 6 SWEETIE GIFT BOXES,5.06
22583,PACK OF 6 HANDBAG GIFT BOXES,5.06
22588,CARD HOLDER GINGHAM HEART,5.06
22589,CARDHOLDER GINGHAM STAR,5.06
22595,CHRISTMAS GINGHAM HEART,1.66
22600,CHRISTMAS RETROSPOT STAR WOOD,1.66
22601,CHRISTMAS RETROSPOT ANGEL WOOD,1.66
22603,CHRISTMAS RETROSPOT TREE WOOD,1.66
22614,PACK OF 12 SPACEBOY TISSUES,0.85
22616,PACK OF 12 LONDON TISSUES,0.85
22620,4 TRADITIONAL SPINNING TOPS,2.51
22629,SPACEBOY LUNCH BOX,4.21
22632,HAND WARMER RED RETROSPOT,4.21
22639,SET OF 4 NAPKIN CHARMS HEARTS,5.06
22644,CERAMIC CHERRY CAKE MONEY BANK,3.36
22645,CERAMIC HEART FAIRY CAKE MONEY BANK,3.36
22646,CERAMIC STRAWBERRY CAKE MONEY BANK,3.36
22651,GENTLEMAN SHIRT REPAIR KIT,1.66
22662,LUNCH BAG DOLLY GIRL DESIGN,4.21
22664,TOY TIDY DOLLY GIRL DESIGN,4.21
22665,RECIPE BOX BLUE SKETCHBOOK DESIGN,5.91
22666,RECIPE BOX PANTRY YELLOW DESIGN,5.91
22669,RED BABY BUNTING,5.91
22675,FRENCH KITCHEN SIGN BLUE METAL,2.51
22694,WICKER STAR,4.21
22695,WICKER WREATH SMALL,3.36
22697,GREEN REGENCY TEACUP AND SAUCER,5.91
22699,ROSES REGENCY TEACUP AND SAUCER,5.91
22719,GUMBALL MONOCHROME COAT RACK,2.51
22727,ALARM CLOCK BAKELIKE RED,7.62
22728,ALARM CLOCK BAKELIKE PINK,7.62
22729,ALARM CLOCK BAKELIKE ORANGE,7.62
22730,ALARM CLOCK BAKELIKE IVORY,7.62
22734,SET OF 6 RIBBONS VINTAGE CHRISTMAS,5.06
22737,RIBBON REEL CHRISTMAS PRESENT,3.36
22738,RIBBON REEL SNOWY VILLAGE,3.36
22739,RIBBON REEL CHRISTMAS SOCK BAUBLE,3.36
22740,POLKADOT PEN,1.66
22741,FUNKY DIVA PEN,1.66
22744,MAKE YOUR OWN MONSOON CARD KIT,5.91
22745,POPPY'S PLAYHOUSE BEDROOM,4.21
22748,POPPY'S PLAYHOUSE KITCHEN,4.21
22755,SMALL PURPLE BABUSHKA NOTEBOOK,1.66
22757,LARGE RED BABUSHKA NOTEBOOK,2.51
22758,LARGE PURPLE BABUSHKA NOTEBOOK,2.51
22759,SET OF 3 NOTEBOOKS IN PARCEL,3.36
22791,T-LIGHT GLASS FLUTED ANTIQUE,2.51
22792,FLUTED ANTIQUE CANDLE HOLDER,1.66
22798,ANTIQUE GLASS DRESSING TABLE POT,5.91
22812,PACK 3 BOXES CHRISTMAS PANNETONE,4.21
22813,PACK 3 BOXES BIRD PANNETONE,4.21
22816,CARD MOTORBIKE SANTA,0.85
22818,CARD CHRISTMAS VILLAGE,0.85
22865,HAND WARMER OWL DESIGN,4.21
22866,HAND WARMER SCOTTY DOG DESIGN,4.21
22867,HAND WARMER BIRD DESIGN,4.21
22876,NUMBER TILE COTTAGE GARDEN 8,4.21
22899,CHILDREN'S APRON DOLLY GIRL,4.21
22900,SET 2 TEA TOWELS I LOVE LONDON,5.91
22906,12 MESSAGE CARDS WITH ENVELOPES,3.36
22909,SET OF 20 VINTAGE CHRISTMAS NAPKINS,1.66
22910,PAPER CHAIN KIT VINTAGE CHRISTMAS,5.91
22916,HERB MARKER THYME,1.66
22917,HERB MARKER ROSEMARY,1.66
22918,HERB MARKER PARSLEY,1.66
22919,HERB MARKER MINT,1.66
22920,HERB MARKER BASIL,1.66
22921,HERB MARKER CHIVES,1.66
22948,METAL DECORATION NAUGHTY CHILDREN,6.77
22949,36 DOILIES DOLLY GIRL,2.98
22951,60 CAKE CASES DOLLY GIRL DESIGN,1.28
22952,60 CAKE CASES VINTAGE CHRISTMAS,1.28
22956,36 FOIL HEART CAKE CASES,4.21
22961,JAM MAKING SET PRINTED,3.36
22962,JAM JAR WITH PINK LID,1.66
22963,JAM JAR WITH GREEN LID,1.66
22966,GINGERBREAD MAN COOKIE CUTTER,2.51
22969,HOMEMADE JAM SCENTED CANDLES,3.36
22972,CHILDREN'S SPACEBOY MUG,3.36
22974,CHILDRENS DOLLY GIRL MUG,3.36
22975,SPACEBOY CHILDRENS EGG CUP,2.51
22976,CIRCUS PARADE CHILDRENS EGG CUP,2.51
22988,SOLDIERS EGG CUP,2.51
35095A,BLUE VICTORIAN FABRIC OVAL BOX,0.84
35095B,RED VICTORIAN FABRIC OVAL BOX,0.84
35471D,SET OF 3 BIRD LIGHT PINK FEATHER,2.51
35598D,PINK/WHITE CHRISTMAS TREE 60CM,2.51
35599D,PINK AND WHITE CHRISTMAS TREE 120CM,5.91
35610A,PINK CHRISTMAS FLOCK DROPLET,2.51
35818P,"ACRYLIC JEWEL ICICLE, PINK",3.36
35957,SMALLFOLKART BAUBLE CHRISTMAS DEC,1.66
35961,FOLKART ZINC HEART CHRISTMAS DEC,1.66
35971,ROSE FOLKART HEART DECORATIONS,2.51
47559B,TEA TIME OVEN GLOVE,2.51
47580,TEA TIME DES TEA COSY,5.06
47591B,SCOTTIES CHILDRENS APRON,1.66
47591D,PINK FAIRY CAKE CHILDRENS APRON,4.21
47593B,SCOTTIE DOGS BABY BIB,0.85
70007,HI TEC ALPINE HAND WARMER,3.36
71459,HANGING JAM JAR T-LIGHT HOLDER,1.69
72586,SET OF 6 HALLOWEEN GHOST T-LIGHTS,0.85
72799E,IVORY PILLAR CANDLE SILVER FLOCK,3.36
72799F,IVORY PILLAR CANDLE GOLD FLOCK,3.36
72816,SET/3 CHRISTMAS DECOUPAGE CANDLES,2.51
72817,SET OF 2 CHRISTMAS DECOUPAGE CANDLE,1.66
82551,LAUNDRY 15C METAL SIGN,2.51
82578,KITCHEN METAL SIGN,1.28
82580,BATHROOM METAL SIGN,1.28
82583,HOT BATHS METAL SIGN,4.21
82613B,"METAL SIGN,CUPCAKE SINGLE HOOK",2.51
82613C,"METAL SIGN,CUPCAKE SINGLE HOOK",2.51
82613D,METAL SIGN CUPCAKE SINGLE HOOK,2.51
84029E,RED WOOLLY HOTTIE WHITE HEART.,7.62
84029G,KNITTED UNION FLAG HOT WATER BOTTLE,7.62
84031A,CHARLIE+LOLA RED HOT WATER BOTTLE,4.21
84031B,CHARLIE LOLA BLUE HOT WATER BOTTLE,4.21
84032A,CHARLIE+LOLA PINK HOT WATER BOTTLE,3.36
84032B,CHARLIE + LOLA RED HOT WATER BOTTLE,3.36
84050,PINK HEART SHAPE EGG FRYING PAN,4.21
84086C,PINK/PURPLE RETRO RADIO,4.21
84347,ROTATING SILVER ANGELS T-LIGHT HLDR,5.06
84992,72 SWEETHEART FAIRY CAKE CASES,1.28
85015,SET OF 12  VINTAGE POSTCARD SET,2.51
85016,SET OF 6 VINTAGE NOTELETS KIT,2.51
85017A,ENVELOPE 50 ROMANTIC IMAGES,0.85
85017B,ENVELOPE 50 BLOSSOM IMAGES,0.85
85032D,YULETIDE IMAGES GIFT WRAP SET,1.66
85039A,SET/4 RED MINI ROSE CANDLE IN BOWL,1.66
85049E,SCANDINAVIAN REDS RIBBONS,2.51
85049G,CHOCOLATE BOX RIBBONS,2.51
85049H,URBAN BLACK RIBBONS,2.51
85099B,JUMBO BAG RED RETROSPOT,4.21
85114B,IVORY ENCHANTED FOREST PLACEMAT,3.36
85116,BLACK CANDELABRA T-LIGHT HOLDER,1.66
85123A,WHITE HANGING HEART T-LIGHT HOLDER,5.91
85129D,BEADED CRYSTAL HEART PINK SMALL,2.51
85131B,BEADED CRYSTAL HEART GREEN ON STICK,0.85
85152,HAND OVER THE CHOCOLATE   SIGN,4.21
85176,SEWING SUSAN 21 NEEDLE SET,1.66
85177,BASKET OF FLOWERS SEWING KIT,1.66
85178,VICTORIAN SEWING KIT,2.51
85186A,EASTER BUNNY GARLAND OF FLOWERS,0.85
85199S,SMALL HANGING IVORY/RED WOOD BIRD,0.85
85231B,CINAMMON SET OF 9 T-LIGHTS,1.66
85232B,SET OF 3 BABUSHKA STACKING TINS,4.95
90003C,MIDNIGHT BLUE PAIR HEART HAIR SLIDE,3.81
90018A,SILVER M.O.P ORBIT DROP EARRINGS,4.24
90022,EDWARDIAN DROP EARRINGS JET BLACK,3.81
90071,RUBY GLASS CLUSTER EARRINGS,1.26
90099,NECKLACE+BRACELET SET BLUE HIBISCUS,5.06
90116,FRUIT SALAD BAG CHARM,2.51
90120C,GREEN MURANO TWIST BRACELET,4.24
90129A,PINK GLASS TASSLE BAG CHARM,1.66
90129B,TURQUOISE GLASS TASSLE BAG CHARM,1.66
90161A,ANT COPPER RED BOUDICCA BRACELET,5.09
90190C,SILVER/AMETHYST DROP EARRINGS LEAF,2.96
90194,SILVER LARIAT BLACK STONE EARRINGS,4.24
90200A,PURPLE SWEETHEART BRACELET,4.24
90200C,BLUE SWEETHEART BRACELET,4.24
90209B,GREEN ENAMEL+GLASS HAIR COMB,2.11
90214D,"LETTER ""D"" BLING KEY RING",0.85
90214G,"LETTER ""G"" BLING KEY RING",0.85
90214H,"LETTER ""H"" BLING KEY RING",0.85
90214J,"LETTER ""J"" BLING KEY RING",0.85
90214R,"LETTER ""R"" BLING KEY RING",0.85
84375,SET OF 20 KIDS COOKIE CUTTERS,4.21
84378,SET OF 3 HEART COOKIE CUTTERS,2.51
84380,SET OF 3 BUTTERFLY COOKIE CUTTERS,2.51
84534B,FAIRY CAKE NOTEBOOK A5 SIZE,1.66
84535B,FAIRY CAKES NOTEBOOK A6 SIZE,1.49
84536A,ENGLISH ROSE NOTEBOOK A7 SIZE,0.85
84536B,FAIRY CAKES NOTEBOOK A7 SIZE,0.85
84580,MOUSE TOY WITH PINK T-SHIRT,4.21
84581,DOG TOY WITH PINK CROCHET SKIRT,4.21
84598,BOYS ALPHABET IRON ON PATCHES,0.43
84625A,PINK NEW BAROQUECANDLESTICK CANDLE,5.91
84692,BOX OF 24 COCKTAIL PARASOLS,0.85
84832,ZINC WILLIE WINKIE  CANDLE STICK,1.66
84912B,GREEN ROSE WASHBAG,3.36
84913A,SOFT PINK ROSE TOWEL,3.36
84913B,MINT GREEN ROSE TOWEL,3.36
84923,PINK BUTTERFLY HANDBAG W BOBBLES,4.21
84949,SILVER HANGING T-LIGHT HOLDER,3.36
84988,SET OF 72 PINK HEART PAPER DOILIES,2.98
84991,60 TEATIME FAIRY CAKE CASES,1.28
20856,DENIM PATCH PURSE PINK BUTTERFLY,1.65
20854,BLUE PATCH PURSE PINK HEART,1.65
21218,RED SPOTTY BISCUIT TIN,3.75
22862,LOVE HEART NAPKIN BOX,4.25
22845,VINTAGE CREAM CAT FOOD CONTAINER,6.35
11001,ASSTD DESIGN RACING CAR PEN,3.36
16236,KITTY PENCIL ERASERS,0.43
16237,SLEEPING CAT ERASERS,0.43
16238,PARTY TIME PENCIL ERASERS,0.43
17003,BROCADE RING PURSE,0.43
17011F,ORIGAMI SANDLEWOOD INCENSE+FLOWER,4.21
17012A,ORIGAMI VANILLA INCENSE/CANDLE SET,2.51
17012B,ORIGAMI JASMINE INCENSE/CANDLE SET,2.51
17012C,ORIGAMI LAVENDER INCENSE/CANDL SET,2.51
17012D,ORIGAMI ROSE INCENSE/CANDLE SET,2.51
17012E,ORIGAMI OPIUM INCENSE/CANDLE SET,2.51
17012F,ORIGAMI SANDLEWOOD INCENSE/CAND SET,2.51
17129F,BLUE GLASS GEMS IN BAG,1.66
18098C,PORCELAIN BUTTERFLY OIL BURNER,5.91
20622,VIPPASSPORT COVER,4.21
20658,RED RETROSPOT LUGGAGE TAG,2.51
20662,FIRST CLASS HOLIDAY PURSE,2.51
20668,DISCO BALL CHRISTMAS DECORATION,0.43
20669,RED HEART LUGGAGE TAG,2.51
20676,RED RETROSPOT BOWL,2.51
20684,STRAWBERRY DREAM CHILDS UMBRELLA,6.77
20719,WOODLAND CHARLOTTE BAG,1.66
20724,RED RETROSPOT CHARLOTTE BAG,1.66
20725,LUNCH BAG RED RETROSPOT,4.21
20733,GOLD MINI TAPE MEASURE,0.85
20735,BLACK MINI TAPE MEASURE,0.85
20770,ABSTRACT CIRCLE JOURNAL,2.51
20772,GARDEN PATH JOURNAL,5.06
20867,PINK ROSE FABRIC MIRROR,2.51
20914,SET/5 RED RETROSPOT LID GLASS BOWLS,5.91
20956,PORCELAIN T-LIGHT HOLDERS ASSORTED,2.51
20961,STRAWBERRY BATH SPONGE,2.51
20963,APPLE BATH SPONGE,2.51
20966,SANDWICH BATH SPONGE,2.51
20969,RED FLORAL FELTCRAFT SHOULDER BAG,7.62
20971,PINK BLUE FELT CRAFT TRINKET BOX,2.51
20972,PINK CREAM FELT CRAFT TRINKET BOX,2.51
20973,12 PENCIL SMALL TUBE WOODLAND,1.28
20975,12 PENCILS SMALL TUBE RED RETROSPOT,1.28
20981,12 PENCILS TALL TUBE WOODLAND,1.66
20992,JAZZ HEARTS PURSE NOTEBOOK,1.66
20996,JAZZ HEARTS ADDRESS BOOK,0.84
21000,ROSE DU SUD COSMETICS BAG,3.36
21012,ANTIQUE ALL GLASS CANDLESTICK,2.51
21035,SET/2 RED RETROSPOT TEA TOWELS,5.91
21041,RED RETROSPOT OVEN GLOVE DOUBLE,5.91
21068,VINTAGE BILLBOARD LOVE/HATE MUG,2.51
21069,VINTAGE BILLBOARD TEA MUG,2.51
21070,VINTAGE BILLBOARD MUG,2.51
21071,VINTAGE BILLBOARD DRINK ME MUG,2.51
21080,SET/20 RED RETROSPOT PAPER NAPKINS,1.66
21098,CHRISTMAS TOILET ROLL,2.51
21107,CREAM SLICE FLANNEL PINK SPOT,5.91
21108,FAIRY CAKE FLANNEL ASSORTED COLOUR,5.06
21121,SET/10 RED POLKADOT PARTY CANDLES,2.51
21147,JINGLE BELLS TREE DECORATION,2.51
21154,RED RETROSPOT OVEN GLOVE,2.51
21158,MOODY GIRL DOOR HANGER,3.36
21165,BEWARE OF THE CAT METAL SIGN,4.21
21166,COOK WITH WINE METAL SIGN,4.21
21169,YOU'RE CONFUSING ME METAL SIGN,4.21
21174,POTTERING IN THE SHED METAL SIGN,4.21
21175,GIN + TONIC DIET METAL SIGN,4.21
21189,WHITE HONEYCOMB PAPER GARLAND,3.36
21191,LARGE WHITE HONEYCOMB PAPER BELL,4.21
21195,PINK  HONEYCOMB PAPER BALL,4.21
21207,SKULL AND CROSSBONES  GARLAND,3.36
21210,SET OF 72 RETROSPOT PAPER  DOILIES,2.98
21212,PACK OF 72 RETROSPOT CAKE CASES,1.28
21213,PACK OF 72 SKULL CAKE CASES,1.28
21231,SWEETHEART CERAMIC TRINKET BOX,2.51
21232,STRAWBERRY CERAMIC TRINKET BOX,2.51
21238,RED RETROSPOT CUP,1.66
21249,WOODLAND  HEIGHT CHART STICKERS,5.91
21262,WHITE GOOSE FEATHER CHRISTMAS TREE,7.62
21313,GLASS HEART T-LIGHT HOLDER,1.66
21314,SMALL GLASS HEART TRINKET POT,4.21
21327,SKULLS WRITING SET,3.36
21328,BALLOONS  WRITING SET,3.36
21352,EUCALYPTUS & PINECONE  WREATH,5.91
21354,TOAST ITS - BEST MUM,2.51
21365,MIRRORED WALL ART STARS,5.91
21369,MIRRORED WALL ART SPLODGES,7.62
21372,MIRRORED WALL ART TABLE LAMP,5.91
21385,IVORY HANGING DECORATION  HEART,1.66
21429,RED GINGHAM ROSE JEWELLERY BOX,3.36
21479,WHITE SKULL HOT WATER BOTTLE,7.62
21484,CHICK GREY HOT WATER BOTTLE,7.62
21486,PINK HEART DOTS HOT WATER BOTTLE,4.21
21507,"ELEPHANT, BIRTHDAY CARD,",0.85
21559,STRAWBERRY LUNCH BOX WITH CUTLERY,5.06
21563,RED HEART SHAPE LOVE BUCKET,5.91
21564,PINK  HEART SHAPE LOVE BUCKET,5.91
21577,SAVE THE PLANET COTTON TOTE BAG,5.06
21634,ASSORTED MINI MADRAS NOTEBOOK,2.51
21641,ASSORTED TUTTI FRUTTI KEYRING BALL,1.66
21679,SKULLS  STICKERS,1.66
21703,BAG 125G SWIRLY MARBLES,0.85
21704,BAG 250G SWIRLY MARBLES,1.66
21716,BOYS VINTAGE TIN SEASIDE BUCKET,5.06
21721,CANDY SHOP  STICKER SHEET,1.66
21722,SWEET PUDDING STICKER SHEET,1.66
21731,RED TOADSTOOL LED NIGHT LIGHT,3.36
84970S,HANGING HEART ZINC T-LIGHT HOLDER,0.85
22466,FAIRY TALE COTTAGE NIGHTLIGHT,1.95
22174,PHOTO CUBE,1.65
79144B,PAINTED LIGHTBULB STAR+ MOON,0.42
22555,PLASTERS IN TIN STRONGMAN,1.65
22482,BLUE TEA TOWEL CLASSIC DESIGN,1.25
21917,SET 12 KIDS  WHITE CHALK STICKS,0.42
20697,LITTLE GREEN MONSTER SOFT TOY,2.55
22599,CHRISTMAS MUSICAL ZINC STAR,0.85
22597,CHRISTMAS MUSICAL ZINC HEART,0.85
22336,DOVE DECORATION PAINTED ZINC,0.65
21922,UNION STRIPE WITH FRINGE  HAMMOCK,7.95
35961,FOLKART ZINC HEART CHRISTMAS DEC,0.85
21495,SKULLS AND CROSSBONES WRAP,0.42
46000R,POLYESTER FILLER PAD 45X30CM,1.45
46000S,POLYESTER FILLER PAD 40X40CM,1.45
84920,PINK FLOWER FABRIC PONY,3.75
22953,BIRTHDAY PARTY CORDON BARRIER TAPE,1.25
84508A,CAMOUFLAGE DESIGN TEDDY,2.55
22471,TV DINNER TRAY AIR HOSTESS,4.95
21935,SUKI  SHOULDER BAG,1.65
21670,BLUE SPOT CERAMIC DRAWER KNOB,1.25
22041,"RECORD FRAME 7"" SINGLE SIZE",2.55
22786,CUSHION COVER PINK UNION JACK,5.95
85064,CREAM SWEETHEART LETTER RACK,5.45
22212,FOUR HOOK  WHITE LOVEBIRDS,2.1
22678,FRENCH BLUE METAL DOOR SIGN 3,1.25
22686,FRENCH BLUE METAL DOOR SIGN NO,1.25
84029G,KNITTED UNION FLAG HOT WATER BOTTLE,3.75
84685,BEACH HUT KEY CABINET,3.75
22755,SMALL PURPLE BABUSHKA NOTEBOOK,0.85
20616,CHERRY BLOSSOM PASSPORT COVER,2.1
22753,SMALL YELLOW BABUSHKA NOTEBOOK,0.85
79066K,RETRO MOD TRAY,0.85
22794,SWEETHEART WIRE MAGAZINE RACK,7.95
22592,CARDHOLDER HOLLY WREATH METAL,3.75
79321,CHILLI LIGHTS,4.25
22795,SWEETHEART RECIPE BOOK STAND,6.75
22278,OVERNIGHT BAG VINTAGE ROSE PAISLEY,4.95
84884A,ANT WHITE WIRE HEART SPIRAL,3.95
51014C,"FEATHER PEN,COAL BLACK",0.85
51014L,"FEATHER PEN,LIGHT PINK",0.85
51014A,"FEATHER PEN,HOT PINK",0.85
22366,DOORMAT AIRMAIL,6.75
22876,NUMBER TILE COTTAGE GARDEN 8,1.95
48129,DOORMAT TOPIARY,6.75
48111,DOORMAT 3 SMILEY CATS,6.75
22402,MAGNETS PACK OF 4 VINTAGE COLLAGE,1.25
22400,MAGNETS PACK OF 4 HOME SWEET HOME,1.25
22399,MAGNETS PACK OF 4 CHILDHOOD MEMORY,1.25
20685,DOORMAT RED RETROSPOT,6.75
22780,LIGHT GARLAND BUTTERFILES PINK,4.25
22779,WOODEN OWLS LIGHT GARLAND,4.25
79302M,"ART LIGHTS,FUNK MONKEY",2.95
37446,MINI CAKE STAND WITH HANGING CAKES,1.45
21231,SWEETHEART CERAMIC TRINKET BOX,1.25
84509B,SET OF 4 FAIRY CAKE PLACEMATS,3.75
22313,OFFICE MUG WARMER PINK,2.95
22314,OFFICE MUG WARMER CHOC+BLUE,2.95
21181,PLEASE ONE PERSON METAL SIGN,2.1
22976,CIRCUS PARADE CHILDRENS EGG CUP,1.25
21372,MIRRORED WALL ART TABLE LAMP,2.95
21369,MIRRORED WALL ART SPLODGES,3.75
21668,RED STRIPE CERAMIC DRAWER KNOB,1.25
21462,"NURSERY A,B,C PAINTED LETTERS",6.75
22496,SET OF 2 ROUND TINS DUTCH CHEESE,2.95
84870C,GREEN GEISHA GIRL,3.75
84870B,BLUE GEISHA GIRL,3.75
21351,CINAMMON & ORANGE WREATH,6.75
21191,LARGE WHITE HONEYCOMB PAPER BELL,2.1
22581,WOOD STOCKING CHRISTMAS SCANDISPOT,0.85
22639,SET OF 4 NAPKIN CHARMS HEARTS,2.55
22579,WOODEN TREE CHRISTMAS SCANDINAVIAN,0.85
22572,ROCKING HORSE GREEN CHRISTMAS,0.85
21809,CHRISTMAS HANGING TREE WITH BELL,1.25
21818,GLITTER CHRISTMAS HEART,0.85
22571,ROCKING HORSE RED CHRISTMAS,0.85
21147,JINGLE BELLS TREE DECORATION,2.1
22640,SET OF 4 NAPKIN CHARMS 3 KEYS,2.55
22641,SET OF 4 NAPKIN CHARMS INSTRUMENT,2.55
22638,SET OF 4 NAPKIN CHARMS CROWNS,2.55
22576,SWALLOW WOODEN CHRISTMAS DECORATION,0.85
21817,GLITTER CHRISTMAS TREE,0.85
21813,GARLAND WITH STARS AND BELLS,4.95
21808,"CHRISTMAS GARLAND STARS,TREES",3.75
21014,SWISS CHALET TREE DECORATION,0.85
21018,BIRD BOX CHRISTMAS TREE DECORATION,0.85
21871,SAVE THE PLANET MUG,1.25
M,MANUAL,1.25
22816,CARD MOTORBIKE SANTA,0.42
22818,CARD CHRISTMAS VILLAGE,0.42
22660,DOORMAT I LOVE LONDON,7.95
22835,HOT WATER BOTTLE I AM SO POORLY,4.25
85032D,YULETIDE IMAGES GIFT WRAP SET,2.1
22696,WICKER WREATH LARGE,1.95
84360,TABLE LAMP WHITE SHADE WOOD BASE,5.95
84760S,SMALL HANGING GLASS+ZINC LANTERN,1.45
72816,SET/3 CHRISTMAS DECOUPAGE CANDLES,1.25
22444,GROW YOUR OWN PLANT IN A CAN,1.25
35598D,PINK/WHITE CHRISTMAS TREE 60CM,0.65
85045,GREEN CHRISTMAS TREE STRING 20LIGHT,4.95
21352,EUCALYPTUS & PINECONE  WREATH,6.75
22065,CHRISTMAS PUDDING TRINKET POT,1.45
35598B,BLACK CHRISTMAS TREE 60CM,0.65
85048,15CM CHRISTMAS GLASS BALL 20 LIGHTS,7.95
22589,CARDHOLDER GINGHAM STAR,2.55
22578,WOODEN STAR CHRISTMAS SCANDINAVIAN,0.85
22855,FINE WICKER HEART,1.25
84755,COLOUR GLASS T-LIGHT HOLDER HANGING,0.65
85174,S/4 CACTI CANDLES,4.25
21156,RETROSPOT CHILDRENS APRON,1.65
21354,TOAST ITS - BEST MUM,1.05
22965,3 TRADITIONAL COOKIE CUTTERS  SET,2.1
22972,CHILDRENS SPACEBOY MUG,1.65
21374,MIRRORED WALL ART SKULLS,3.75
21365,MIRRORED WALL ART STARS,2.95
84032A,CHARLIE+LOLA PINK HOT WATER BOTTLE,2.95
84031A,CHARLIE+LOLA RED HOT WATER BOTTLE,4.65
21509,COWBOYS AND INDIANS BIRTHDAY CARD,0.42
22025,RING OF ROSES BIRTHDAY CARD,0.42
22725,ALARM CLOCK BAKELIKE CHOCOLATE,3.75
37448,CERAMIC CAKE DESIGN SPOTTED MUG,1.49
22355,CHARLOTTE BAG SUKI DESIGN,0.85
21982,PACK OF 12 SUKI TISSUES,0.29
22421,LIPSTICK PEN FUSCHIA,0.42
84997A,GREEN 3 PIECE POLKADOT CUTLERY SET,3.75
21136,PAINTED METAL PEARS ASSORTED,1.69
71477,COLOUR GLASS. STAR T-LIGHT HOLDER,3.25
22030,SWALLOWS GREETING CARD,0.42
22135,LADLE LOVE HEART PINK,0.42
90214M,"LETTER ""M"" BLING KEY RING",1.25
90214V,"LETTER ""V"" BLING KEY RING",1.25
90214S,"LETTER ""S"" BLING KEY RING",1.25
90214J,"LETTER ""J"" BLING KEY RING",1.25
22378,WALL TIDY RETROSPOT,2.1
21888,BINGO SET,3.75
21789,KIDS RAIN MAC PINK,0.85
21238,RED RETROSPOT CUP,0.85
21629,SQUARE FLOOR CUSHION VINTAGE RED,7.95
72807C,SET/3 VANILLA SCENTED CANDLE IN BOX,4.25
22497,SET OF 2 TINS VINTAGE BATHROOM,4.25
21850,BLUE  DIAMANTE PEN IN GIFT BOX,4.95
20978,36 PENCILS TUBE SKULLS,1.25
20768,GREEN FERN JOURNAL,2.55
22081,RIBBON REEL FLORA + FAUNA,1.65
20780,BLACK EAR MUFF HEADPHONES,5.49
21398,RED POLKADOT COFFEE  MUG,2.1
22476,EMPIRE UNION JACK TV DINNER TRAY,4.95
21643,ASSORTED TUTTI FRUTTI MIRROR,1.25
21620,SET OF 4 ROSE BOTANICAL CANDLES,3.75
22260,FELT EGG COSY BLUE RABBIT,0.85
22136,LOVE HEART SOCK HANGER,1.65
47591B,SCOTTIES CHILDRENS APRON,1.65
10135,COLOURING PENCILS BROWN TUBE,2.51
16168M,FUNKY MONKEY GIFT BAG MEDIUM,0.85
17014A,ORIGAMI VANILLA INCENSE CONES,3.36
17084N,FAIRY DREAMS INCENSE,0.43
17084P,DRAGONS BLOOD INCENSE,0.43
20616,CHERRY BLOSSOM PASSPORT COVER,4.21
20617,FIRST CLASS PASSPORT COVER,4.21
20619,TROPICAL PASSPORT COVER,4.21
20653,CHERRY BLOSSOM LUGGAGE TAG,2.51
20681,PINK POLKADOT CHILDRENS UMBRELLA,6.77
20682,RED RETROSPOT CHILDRENS UMBRELLA,6.77
20696,FLORAL SOFT CAR TOY,7.62
20699,MOUSEY LONG LEGS SOFT TOY,5.06
20717,STRAWBERRY SHOPPER BAG,2.51
20718,RED RETROSPOT SHOPPER BAG,2.51
20723,STRAWBERRY CHARLOTTE BAG,1.66
20727,LUNCH BAG  BLACK SKULL.,4.21
20752,BLUE POLKADOT WASHING UP GLOVES,4.21
20754,RETROSPOT RED WASHING UP GLOVES,4.21
20761,BLUE PAISLEY SKETCHBOOK,7.62
20846,ZINC HEART LATTICE T-LIGHT HOLDER,2.51
20931,BLUE POT PLANT CANDLE,7.62
20974,12 PENCILS SMALL TUBE SKULL,1.28
21002,ROSE DU SUD DRAWSTRING BAG,3.36
21015,DARK BIRD HOUSE TREE DECORATION,1.28
21067,VINTAGE RED TEATIME MUG,2.51
21111,"SWISS ROLL TOWEL, CHOCOLATE  SPOTS",5.91
21164,HOME SWEET HOME METAL SIGN,5.91
21181,PLEASE ONE PERSON METAL SIGN,4.21
21188,3D HEARTS  HONEYCOMB PAPER GARLAND,5.91
21192,WHITE BELL HONEYCOMB PAPER,3.36
21208,PASTEL COLOUR HONEYCOMB FAN,3.36
21220,SET/4 BADGES DOGS,2.51
21272,SALLE DE BAIN HOOK,2.51
21279,VINTAGE KITCHEN PRINT FRUITS,5.06
21281,VINTAGE KITCHEN PRINT SEAFOOD,5.06
21288,STRIPEY CHOCOLATE NESTING BOXES,5.91
21356,TOAST ITS - FAIRY FLOWER,2.51
21439,BASKET OF TOADSTOOLS,2.51
21447,12 IVORY ROSE PEG PLACE SETTINGS,2.51
21481,FAWN BLUE HOT WATER BOTTLE,5.91
21494,ROTATING LEAVES T-LIGHT HOLDER,5.06
21519,GIN & TONIC DIET GREETING CARD,0.85
21520,BOOZE & WOMEN GREETING CARD,0.85
21544,SKULLS  WATER TRANSFER TATTOOS,1.66
21547,CERAMIC BIRDHOUSE CRESTED TIT SMALL,5.91
21557,SET OF 6 FUNKY BEAKERS,5.91
21576,LETS GO SHOPPING COTTON TOTE BAG,5.06
21594,DR. JAM'S AROUZER STRESS BALL,4.21
21638,ASSORTED TUTTI FRUTTI NOTEBOOK,4.21
21648,ASSORTED TUTTI FRUTTI SMALL PURSE,2.51
21656,RIDGED GLASS POSY VASE,3.36
21671,RED SPOT CERAMIC DRAWER KNOB,2.51
21684,SMALL MEDINA STAMPED METAL BOWL,2.51
21698,MOCK LOBSTER FRIDGE MAGNET,1.66
21705,BAG 500G SWIRLY MARBLES,3.36
21718,RED METAL BEACH SPADE,2.51
21743,STAR PORTABLE TABLE LIGHT,5.91
21775,DECORATIVE FLORE BATHROOM BOTTLE,2.51
21789,KIDS RAIN MAC PINK,1.66
21820,GLITTER HEART GARLAND WITH BELLS,7.62
21830,ASSORTED CREEPY CRAWLIES,0.85
21832,CHOCOLATE CALCULATOR,3.36
21833,CAMOUFLAGE LED TORCH,3.36
21846,PINK DIAMANTE PEN IN GIFT BOX,4.21
21868,POTTING SHED TEA MUG,3.36
21875,KINGS CHOICE MUG,3.36
21891,TRADITIONAL WOODEN SKIPPING ROPE,2.51
21896,POTTING SHED TWINE,4.21
21899,"KEY FOB , GARAGE DESIGN",1.66
21908,CHOCOLATE THIS WAY METAL SIGN,4.21
21929,JUMBO BAG PINK VINTAGE PAISLEY,4.21
21931,JUMBO STORAGE BAG SUKI,4.21
21934,SKULL SHOULDER BAG,3.36
21974,SET OF 36 PAISLEY FLOWER DOILIES,2.98
21976,PACK OF 60 MUSHROOM CAKE CASES,1.28
21981,PACK OF 12 WOODLAND TISSUES,0.85
21984,PACK OF 12 PINK PAISLEY TISSUES,0.85
21985,PACK OF 12 HEARTS DESIGN TISSUES,0.85
22078,RIBBON REEL LACE DESIGN,4.21
22084,PAPER CHAIN KIT EMPIRE,5.91
22086,PAPER CHAIN KIT 50'S CHRISTMAS,5.91
22091,EMPIRE TISSUE BOX,2.51
22109,FULL ENGLISH BREAKFAST PLATE,7.62
22117,METAL SIGN HER DINNER IS SERVED,5.91
22124,SET OF 2 TEA TOWELS PING MICROWAVE,2.51
22142,CHRISTMAS CRAFT WHITE FAIRY,3.36
22147,FELTCRAFT BUTTERFLY HEARTS,3.36
22183,CAKE STAND VICTORIAN FILIGREE MED,5.91
22208,WOOD STAMP SET THANK YOU,3.36
22245,"HOOK, 1 HANGER ,MAGIC GARDEN",1.66
22246,MAGIC GARDEN FELT GARLAND,4.21
22260,FELT EGG COSY BLUE RABBIT,1.66
22261,FELT EGG COSY WHITE RABBIT,1.66
22262,FELT EGG COSY CHICKEN,1.66
22277,COSMETIC BAG VINTAGE ROSE PAISLEY,4.21
22304,COFFEE MUG BLUE PAISLEY DESIGN,5.06
22308,TEA COSY BLUE STRIPE,5.06
22311,OFFICE MUG WARMER BLACK+SILVER,5.91
22312,OFFICE MUG WARMER POLKADOT,5.91
22317,FIVE CATS HANGING DECORATION,5.91
22324,BLUE POLKADOT KIDS BAG,4.21
22331,WOODLAND PARTY BAG + STICKER SET,3.36
22342,HOME GARLAND PAINTED ZINC,3.36
22350,ILLUSTRATED CAT BOWL,5.06
22352,LUNCH BOX WITH CUTLERY RETROSPOT,5.06
22364,GLASS JAR DIGESTIVE BISCUITS,5.91
22381,TOY TIDY PINK POLKADOT,4.21
22386,JUMBO BAG PINK POLKADOT,4.21
22393,PAPERWEIGHT VINTAGE COLLAGE,5.06
22405,MONEY BOX POCKET MONEY DESIGN,2.51
22409,MONEY BOX BISCUITS DESIGN,2.51
22411,JUMBO SHOPPER VINTAGE RED PAISLEY,4.21
22413,METAL SIGN TAKE IT OR LEAVE IT,5.91
22420,LIPSTICK PEN BABY PINK,0.85
22421,LIPSTICK PEN FUSCHIA,0.85
22449,SILK PURSE BABUSHKA PINK,6.77
22458,CAST IRON HOOK GARDEN FORK,5.06
22459,CAST IRON HOOK GARDEN TROWEL,5.06
22467,GUMBALL COAT RACK,5.06
22508,DOORSTOP RETROSPOT HEART,7.62
22534,MAGIC DRAWING SLATE SPACEBOY,0.85
22536,MAGIC DRAWING SLATE PURDEY,0.85
22537,MAGIC DRAWING SLATE DINOSAUR,0.85
22544,MINI JIGSAW SPACEBOY,0.85
22547,MINI JIGSAW DINOSAUR,0.85
22557,PLASTERS IN TIN VINTAGE PAISLEY,3.36
22561,WOODEN SCHOOL COLOURING SET,3.36
22565,FELTCRAFT HAIRBANDS PINK AND WHITE,1.66
22566,FELTCRAFT HAIRBAND PINK AND PURPLE,1.66
22570,FELTCRAFT CUSHION RABBIT,7.62
22581,WOOD STOCKING CHRISTMAS SCANDISPOT,1.66
22584,PACK OF 6 PANNETONE GIFT BOXES,5.06
22586,FELTCRAFT HAIRBAND PINK AND BLUE,1.66
22587,FELTCRAFT HAIRBAND RED AND BLUE,1.66
22602,CHRISTMAS RETROSPOT HEART WOOD,1.66
22619,SET OF 6 SOLDIER SKITTLES,7.62
22631,CIRCUS PARADE LUNCH BOX,4.21
22637,PIGGY BANK RETROSPOT,5.06
22659,LUNCH BOX I LOVE LONDON,4.21
22663,JUMBO BAG DOLLY GIRL DESIGN,4.21
22668,PINK BABY BUNTING,5.91
22673,FRENCH GARDEN SIGN BLUE METAL,2.51
22678,FRENCH BLUE METAL DOOR SIGN 3,2.51
22692,DOORMAT WELCOME TO OUR HOME,7.95
22696,WICKER WREATH LARGE,4.21
22712,CARD DOLLY GIRL,0.85
22713,CARD I LOVE LONDON,0.85
22726,ALARM CLOCK BAKELIKE GREEN,7.62
22735,RIBBON REEL SOCKS AND MITTENS,3.36
22742,MAKE YOUR OWN PLAYTIME CARD KIT,5.91
22746,POPPY'S PLAYHOUSE LIVINGROOM,4.21
22747,POPPY'S PLAYHOUSE BATHROOM,4.21
22749,FELTCRAFT PRINCESS CHARLOTTE DOLL,7.62
22751,FELTCRAFT PRINCESS OLIVIA DOLL,7.62
22754,SMALL RED BABUSHKA NOTEBOOK,1.66
22756,LARGE YELLOW BABUSHKA NOTEBOOK,2.51
22775,PURPLE DRAWERKNOB ACRYLIC EDWARDIAN,2.51
22800,ANTIQUE TALL SWIRLGLASS TRINKET POT,7.62
22801,ANTIQUE GLASS PEDESTAL BOWL,7.62
22805,BLUE DRAWER KNOB ACRYLIC EDWARDIAN,2.51
22810,SET OF 6 T-LIGHTS SNOWMEN,5.91
22814,CARD PARTY GAMES,0.85
22831,WHITE BROCANTE SOAP DISH,5.91
22834,HAND WARMER BABUSHKA DESIGN,4.21
22855,FINE WICKER HEART,2.51
22863,SOAP DISH BROCANTE,5.91
22870,NUMBER TILE COTTAGE GARDEN 2,4.21
22895,SET OF 2 TEA TOWELS APPLE AND PEARS,5.91
22897,OVEN MITT APPLES DESIGN,2.98
22898,CHILDRENS APRON APPLES DESIGN,4.21
22904,CALENDAR PAPER CUT DESIGN,5.91
22915,ASSORTED BOTTLE TOP  MAGNETS,5.06
22973,CHILDREN'S CIRCUS PARADE MUG,3.36
22977,DOLLY GIRL CHILDRENS EGG CUP,2.51
35598B,BLACK CHRISTMAS TREE 60CM,6.77
35916B,BLUE FELT HANGING HEART W FLOWER,1.66
35916C,PINK FELT HANGING HEART W FLOWER,1.66
35964,FOLKART CLIP ON STARS,1.66
35965,FOLKART HEART NAPKIN RINGS,3.36
35967,FOLK ART METAL STAR T-LIGHT HOLDER,1.66
37444C,PINK BREAKFAST CUP AND SAUCER,5.91
37446,MINI CAKE STAND WITH HANGING CAKES,3.36
37450,CERAMIC CAKE BOWL + HANGING CAKES,5.91
37491A,YELLOW/PINK CERAMIC CANDLE HOLDER,3.36
46776B,WOVEN BERRIES CUSHION COVER,4.21
47563A,RETRO LONGBOARD IRONING BOARD COVER,5.91
47594A,CAROUSEL DESIGN WASHBAG,4.21
47599A,PINK PARTY BAGS,4.21
51014A,"FEATHER PEN,HOT PINK",1.66
51014C,"FEATHER PEN,COAL BLACK",1.66
70006,LOVE HEART POCKET WARMER,3.36
71477,COLOUR GLASS. STAR T-LIGHT HOLDER,6.77
71496A,A4 WALL TIDY BLUE OFFICE,1.49
72134,COLUMBIAN  CUBE CANDLE,1.66
72741,GRAND CHOCOLATECANDLE,2.82
79302M,"ART LIGHTS,FUNK MONKEY",5.91
82552,WASHROOM METAL SIGN,2.51
82582,AREA PATROLLED METAL SIGN,4.21
82599,FANNY'S REST STOPMETAL SIGN,4.21
82616C,MIDNIGHT GLAMOUR SCARF KNITTING KIT,2.51
84459B,YELLOW METAL CHICKEN HEART,3.36
84509A,SET OF 4 ENGLISH ROSE PLACEMATS,7.62
84510A,SET OF 4 ENGLISH ROSE COASTERS,2.51
84520B,PACK 20 ENGLISH ROSE PAPER NAPKINS,1.66
84559A,3D SHEET OF DOG STICKERS,1.69
84559B,3D SHEET OF CAT STICKERS,1.69
84596J,MIXED NUTS LIGHT GREEN BOWL,2.51
84659A,WHITE TRAVEL ALARM CLOCK,2.51
84663A,GRASS HOPPER WOODEN WALL CLOCK,5.91
84754,S/15 SILVER GLASS BAUBLES IN BAG,2.51
84755,COLOUR GLASS T-LIGHT HOLDER HANGING,1.27
84828,JUNGLE POPSICLES ICE LOLLY HOLDERS,2.51
84879,ASSORTED COLOUR BIRD ORNAMENT,3.19
84915,HAND TOWEL PINK FLOWER AND DAISY,4.21
84950,ASSORTED COLOUR T-LIGHT HOLDER,0.99
84970L,SINGLE HEART ZINC T-LIGHT HOLDER,2.13
84970S,HANGING HEART ZINC T-LIGHT HOLDER,2.13
84971S,SMALL HEART FLOWERS HOOK,1.66
84976,RECTANGULAR SHAPED MIRROR,3.36
85040B,SET/4 BLUE FLOWER CANDLES IN BOWL,3.36
85049A,TRADITIONAL CHRISTMAS RIBBONS,2.51
85053,FRENCH ENAMEL CANDLEHOLDER,4.21
85099F,JUMBO BAG STRAWBERRY,4.21
85114A,BLACK ENCHANTED FOREST PLACEMAT,3.36
85114C,RED ENCHANTED FOREST PLACEMAT,3.36
85131D,BEADED CRYSTAL HEART PINK ON STICK,0.85
85150,LADIES & GENTLEMEN METAL SIGN,5.06
85170D,SET/6 PINK BIRD T-LIGHT CANDLES,4.21
85199L,LARGE HANGING IVORY & RED WOOD BIRD,1.28
85212,MINI PAINTED GARDEN DECORATION,1.66
85227,SET OF 6 3D KIT CARDS FOR KIDS,1.66
90013B,BLACK VINTAGE EARRINGS,4.24
90018B,GOLD M.O.P ORBIT DROP EARRINGS,4.24
90019B,GOLD M.O.P ORBIT BRACELET,5.51
90036F,"FLOWER GLASS GARLD NECKL36""TURQUOIS",8.07
90040B,MURANO STYLE GLASS BRACELET BLACK,3.81
90051,CRACKED GLAZE NECKLACE RED,7.22
90054,CRACKED GLAZE EARRINGS RED,2.54
90077,BLACK DIAMOND CLUSTER EARRINGS,2.96
90134,OLD ROSE COMBO BEAD NECKLACE,2.96
90138,WHITE/PINK MINI CRYSTALS NECKLACE,5.51
90161B,ANT COPPER TURQ BOUDICCA BRACELET,5.09
90166,PINK & WHITE ROSEBUD RING,4.24
90173,PAIR BUTTERFLY HAIR CLIPS,3.81
90177C,DROP DIAMANTE EARRINGS CRYSTAL,2.96
90177E,DROP DIAMANTE EARRINGS GREEN,2.96
90192,JADE DROP EARRINGS W FILIGREE,5.09
90206C,CRYSTAL DIAMANTE STAR BROOCH,5.09
90209C,PINK ENAMEL+GLASS HAIR COMB,2.11
90211A,DIAMOND LAS VEGAS NECKLACE 45CM,5.94
90214A,"LETTER ""A"" BLING KEY RING",0.85
90214E,"LETTER ""E"" BLING KEY RING",0.85
90214S,"LETTER ""S"" BLING KEY RING",0.85
20970,PINK FLORAL FELTCRAFT SHOULDER BAG,3.75
84658,WHITE STITCHED CUSHION COVER,6.95
22448,PIN CUSHION BABUSHKA RED,3.35
22447,PIN CUSHION BABUSHKA BLUE,3.35
22446,PIN CUSHION BABUSHKA PINK,3.35
20665,RED RETROSPOT PURSE,2.95
22366,DOORMAT AIRMAIL,7.95
22519,CHILDS GARDEN BRUSH PINK,2.1
21472,LADYBIRD + BEE RAFFIA FOOD COVER,3.75
21877,HOME SWEET HOME MUG,1.25
22524,CHILDRENS GARDEN GLOVES BLUE,1.25
20765,CHRYSANTHEMUM SKETCHBOOK,3.75
21624,VINTAGE UNION JACK DOORSTOP,5.95
21967,PACK OF 12 SKULL TISSUES,0.29
84926A,WAKE UP COCKEREL TILE COASTER,1.25
21704,BAG 250G SWIRLY MARBLES,0.85
21703,BAG 125G SWIRLY MARBLES,0.42
85035C,ROSE 3 WICK MORRIS BOX CANDLE,4.25
72803A,ROSE SCENT CANDLE JEWELLED DRAWER,4.25
20682,RED RETROSPOT CHILDRENS UMBRELLA,3.25
40001,WHITE BAMBOO RIBS LAMPSHADE,0.85
21709,FOLDING UMBRELLA CHOCOLATE POLKADOT,4.95
85034A,3 GARDENIA MORRIS BOXED CANDLES,4.25
72798C,SET/4 GARDEN ROSE DINNER CANDLE,1.65
35271S,GOLD PRINT PAPER BAG,0.19
21380,WOODEN HAPPY BIRTHDAY GARLAND,2.95
21221,SET/4 BADGES CUTE CREATURES,1.25
20755,BLUE PAISLEY POCKET BOOK,0.85
21421,PORCELAIN ROSE LARGE,1.25
21422,PORCELAIN ROSE SMALL,0.85
22617,BAKING SET SPACEBOY DESIGN,4.25
20749,ASSORTED COLOUR MINI CASES,6.35
22411,JUMBO SHOPPER VINTAGE RED PAISLEY,1.65
22863,SOAP DISH BROCANTE,2.95
22792,FLUTED ANTIQUE CANDLE HOLDER,0.85
21364,PEACE SMALL WOOD LETTERS,6.75
21042,RED RETROSPOT APRON,5.95
47567B,TEA TIME KITCHEN APRON,5.95
22272,FELTCRAFT DOLL MARIA,2.95
21172,PARTY METAL SIGN,1.45
22602,CHRISTMAS RETROSPOT HEART WOOD,0.85
22365,DOORMAT RESPECTABLE HOUSE,7.95
22507,MEMO BOARD RETROSPOT  DESIGN,4.95
62096A,PINK/YELLOW FLOWERS HANDBAG,1.25
85071D,CHARLIE+LOLA MY ROOM DOOR SIGN,2.55
21272,SALLE DE BAIN HOOK,1.25
22044,CHRISTMAS CARD STACK OF PRESENTS,0.42
21918,SET 12 KIDS COLOUR  CHALK STICKS,0.42
22029,SPACEBOY BIRTHDAY CARD,0.42
22037,ROBOT BIRTHDAY CARD,0.42
22898,CHILDRENS APRON APPLES DESIGN,1.95
84792,ENCHANTED BIRD COATHANGER 5 HOOK,4.65
21356,TOAST ITS - FAIRY FLOWER,1.25
21354,TOAST ITS - BEST MUM,1.25
22179,SET 10 LIGHTS NIGHT OWL,5.95
79302M,"ART LIGHTS,FUNK MONKEY",2.55
20975,12 PENCILS SMALL TUBE RED RETROSPOT,0.65
22434,BALLOON PUMP WITH 10 BALLOONS,1.95
22564,ALPHABET STENCIL CRAFT,1.25
22943,CHRISTMAS LIGHTS 10 VINTAGE BAUBLES,4.25
22965,3 TRADITIONAL BISCUIT CUTTERS  SET,2.1
21058,PARTY INVITES WOODLAND,0.85
21060,PARTY INVITES BALLOON GIRL,0.85
21719,LOVELY BONBON STICKER SHEET,0.85
21722,SWEET PUDDING STICKER SHEET,0.85
21881,CUTE CATS TAPE,0.65
10135,COLOURING PENCILS BROWN TUBE,1.25
22422,TOOTHPASTE TUBE PEN,0.65
22491,PACK OF 12 COLOURED PENCILS,0.85
21355,TOAST ITS - I LOVE YOU,1.25
21518,BANK ACCOUNT  GREETING  CARD,0.42
22023,EMPIRE BIRTHDAY CARD,0.42
22027,TEA PARTY BIRTHDAY CARD,0.42
22718,CARD CAT AND TREE,0.42
22717,CARD DOG AND BALL,0.42
22028,PENNY FARTHING BIRTHDAY CARD,0.42
21669,BLUE STRIPE CERAMIC DRAWER KNOB,1.25
21671,RED SPOT CERAMIC DRAWER KNOB,1.25
21673,WHITE SPOT BLUE CERAMIC DRAWER KNOB,1.25
22245,"HOOK, 1 HANGER ,MAGIC GARDEN",0.85
22460,EMBOSSED GLASS TEALIGHT HOLDER,1.25
22432,WATERING CAN PINK BUNNY,1.95
22433,WATERING CAN GREEN DINOSAUR,1.95
22431,WATERING CAN BLUE ELEPHANT,1.95
84674,FLYING PIG WATERING CAN,2.95
21068,VINTAGE BILLBOARD LOVE/HATE MUG,1.25
21069,VINTAGE BILLBOARD TEA MUG,1.25
21070,VINTAGE BILLBOARD MUG,1.25
22676,FRENCH BLUE METAL DOOR SIGN 1,1.25
22672,FRENCH BATHROOM SIGN BLUE METAL,1.65
22109,FULL ENGLISH BREAKFAST PLATE,3.39
22928,YELLOW GIANT GARDEN THERMOMETER,5.95
22778,GLASS BELL JAR SMALL,3.95
22477,WATERING CAN GARDEN MARKER,1.25
21875,KINGS CHOICE MUG,1.25
22924,FRIDGE MAGNETS LA VIE EN ROSE,0.85
22301,COFFEE MUG CAT + BIRD DESIGN,2.55
20674,GREEN POLKADOT BOWL,1.25
20676,RED RETROSPOT BOWL,1.25
82582,AREA PATROLLED METAL SIGN,2.1
22170,PICTURE FRAME WOOD TRIPLE PORTRAIT,6.75
21428,SET3 BOOK BOX GREEN GINGHAM FLOWER,4.25
21868,POTTING SHED TEA MUG,1.25
22840,ROUND CAKE TIN VINTAGE RED,7.95
79191C,RETRO PLASTIC ELEPHANT TRAY,0.85
47471,RAINBOW PEGS PHOTO CLIP STRING,0.65
16046,TEATIME PEN CASE & PENS,0.85
22654,DELUXE SEWING KIT,5.95
21154,RED RETROSPOT OVEN GLOVE,1.25
22733,3D TRADITIONAL CHRISTMAS STICKERS,1.25
22560,TRADITIONAL MODELLING CLAY,1.25
84692,BOX OF 24 COCKTAIL PARASOLS,0.42
22559,SEASIDE FLYING DISC,1.25
22896,PEG BAG APPLES DESIGN,2.55
20967,GREY FLORAL FELTCRAFT SHOULDER BAG,3.75
84031B,CHARLIE LOLA BLUE HOT WATER BOTTLE,4.65
21430,SET/3 RED GINGHAM ROSE STORAGE BOX,3.75
21313,GLASS HEART T-LIGHT HOLDER,0.85
47566B,TEA TIME PARTY BUNTING,4.65
22499,WOODEN UNION JACK BUNTING,5.95
22090,PAPER BUNTING RETROSPOT,2.95
22071,SMALL WHITE RETROSPOT MUG IN BOX,3.75
22070,SMALL RED RETROSPOT MUG IN BOX,3.75
21216,"SET 3 RETROSPOT TEA,COFFEE,SUGAR",4.95
20983,12 PENCILS TALL TUBE RED RETROSPOT,0.85
21537,RED RETROSPOT PUDDING BOWL,4.25
21527,RED RETROSPOT TRADITIONAL TEAPOT,7.95
21538,DAIRY MAID  PUDDING BOWL,3.75
85216,ASSORTED CAKES FRIDGE MAGNETS,0.65
22131,FOOD CONTAINER SET 3 LOVE HEART,1.95
21163,DO NOT TOUCH MY STUFF DOOR HANGER,1.45
21158,MOODY GIRL DOOR HANGER,1.45
21161,KEEP OUT BOYS DOOR HANGER,1.45
21159,MOODY BOY  DOOR HANGER,1.45
84406B,CREAM CUPID HEARTS COAT HANGER,3.25
21390,FILIGRIS HEART WITH BUTTERFLY,1.25
22335,HEART DECORATION PAINTED ZINC,0.65
22285,"DECORATION HEN ON NEST, HANGING",1.65
22284,HEN HOUSE DECORATION,1.65
21383,PACK OF 12 STICKY BUNNIES,0.65
21381,MINI WOODEN HAPPY BIRTHDAY GARLAND,1.69
47590B,PINK HAPPY BIRTHDAY BUNTING,5.45
47590A,BLUE HAPPY BIRTHDAY BUNTING,5.45
22210,WOOD STAMP SET BEST WISHES,1.65
22209,WOOD STAMP SET HAPPY BIRTHDAY,1.65
22208,WOOD STAMP SET THANK YOU,1.65
21872,GLAMOROUS  MUG,1.25
48111,DOORMAT 3 SMILEY CATS,7.95
22822,CREAM WALL PLANTER HEART SHAPED,5.95
85035A,GARDENIA 3 WICK MORRIS BOXED CANDLE,4.25
22385,JUMBO BAG SPACEBOY DESIGN,1.95
20969,RED FLORAL FELTCRAFT SHOULDER BAG,3.75
22374,AIRLINE BAG VINTAGE JET SET RED,4.25
22375,AIRLINE BAG VINTAGE JET SET BROWN,4.25
21741,COSY SLIPPER SHOES LARGE GREEN,2.95
85061W,WHITE JEWELLED HEART DECORATION,0.85
21385,IVORY HANGING DECORATION  HEART,0.85
21288,STRIPEY CHOCOLATE NESTING BOXES,2.95
22202,MILK PAN PINK POLKADOT,3.75
21064,BOOM BOX SPEAKER BOYS,5.95
47591D,PINK FAIRY CAKE CHILDRENS APRON,1.95
85038,6 CHOCOLATE LOVE HEART T-LIGHTS,2.1
84341B,SMALL PINK MAGIC CHRISTMAS TREE,0.85
84509G,SET OF 4 FAIRY CAKE PLACEMATS,3.75
20986,BLUE CALCULATOR RULER,1.25
20832,RED FLOCK LOVE HEART PHOTO FRAME,0.85
84846A,SCENTED CANDLE IN DIGITALIS TIN,2.1
22442,GROW YOUR OWN FLOWERS SET OF 3,7.95
21563,RED HEART SHAPE LOVE BUCKET,2.95
85227,SET OF 6 3D KIT CARDS FOR KIDS,0.85
20798,CLEAR MILKSHAKE GLASS,2.1
22669,RED BABY BUNTING,2.95
22320,BIRDS MOBILE VINTAGE DESIGN,5.95
21249,WOODLAND  HEIGHT CHART STICKERS,2.95
21561,DINOSAUR LUNCH BOX WITH CUTLERY,2.55
20675,BLUE POLKADOT BOWL,1.25
21239,PINK  POLKADOT CUP,0.85
21679,SKULLS  STICKERS,0.85
21207,SKULL AND CROSSBONES  GARLAND,1.65
21987,PACK OF 6 SKULL PAPER CUPS,0.65
21988,PACK OF 6 SKULL PAPER PLATES,0.85
21989,PACK OF 20 SKULL PAPER NAPKINS,0.85
22316,200 BENDY SKULL STRAWS,1.25
22332,SKULLS PARTY BAG + STICKER SET,1.65
22437,SET OF 9 BLACK SKULL BALLOONS,0.85
21080,SET/20 RED RETROSPOT PAPER NAPKINS,0.85
21086,SET/6 RED SPOTTY PAPER CUPS,0.65
21206,STRAWBERRY HONEYCOMB  GARLAND,1.65
20677,PINK POLKADOT BOWL,1.25
22806,SET OF 6 T-LIGHTS WEDDING CAKE,2.95
22893,MINI CAKE STAND T-LIGHT HOLDER,0.42
22841,ROUND CAKE TIN VINTAGE GREEN,7.95
85159A,"BLACK TEA,COFFEE,SUGAR JARS",6.35
17090D,VANILLA INCENSE 40 CONES IN TIN,1.25
17090A,LAVENDER INCENSE 40 CONES IN TIN,1.25
72127,COLUMBIAN CANDLE ROUND,1.25
72133,COLUMBIAN CANDLE RECTANGLE,1.25
84763,ZINC FINISH 15CM PLANTER POTS,1.25
85127,SMALL SQUARE CUT GLASS CANDLESTICK,4.95
22450,SILK PURSE BABUSHKA BLUE,3.35
10124G,ARMY CAMO BOOKCOVER TAPE,0.42
84519B,CARROT CHARLIE+LOLA COASTER SET,2.95
22505,MEMO BOARD COTTAGE DESIGN,4.95
22514,CHILDS GARDEN SPADE BLUE,2.1
21504,SKULLS GREETING CARD,0.42
22292,HANGING CHICK  YELLOW DECORATION,1.45
21211,SET OF 72 SKULL PAPER  DOILIES,1.45
21974,SET OF 36 PAISLEY FLOWER DOILIES,1.45
22045,SPACEBOY GIFT WRAP,0.42
22746,POPPY'S PLAYHOUSE LIVINGROOM,2.1
22986,GINGHAM ROSE WRAP,0.42
20984,12 PENCILS TALL TUBE POSY,0.85
22436,12 COLOURED PARTY BALLOONS,0.65
21465,PINK FLOWER CROCHET FOOD COVER,3.75
21470,FLOWER VINE RAFFIA FOOD COVER,3.75
16012,FOOD/DRINK SPONGE STICKERS,0.21
85025C,PINK HEART SHAPE PHOTO FRAME,1.65
21851,LILAC DIAMANTE PEN IN GIFT BOX,4.95
21849,SILVER DIAMANTE PEN IN GIFT BOX,4.95
85124B,BLUE JUICY FRUIT PHOTO FRAME,2.55
85124C,GREEN JUICY FRUIT PHOTO FRAME,2.55
20828,GLITTER BUTTERFLY CLIPS,2.55
85177,BASKET OF FLOWERS SEWING KIT,0.85
84947,ANTIQUE SILVER TEA GLASS ENGRAVED,1.25
84946,ANTIQUE SILVER TEA GLASS ETCHED,1.25
16156S,WRAP PINK FAIRY CAKES,0.42
85049F,BABY BOOM RIBBONS,1.25
22426,ENAMEL WASH BOWL CREAM,3.75
22190,LOCAL CAFE MUG,2.1
90082D,DIAMANTE BOW BROOCH BLACK COLOUR,6.35
90082A,DIAMANTE BOW BROOCH GREEN COLOUR,6.35
90082B,DIAMANTE BOW BROOCH RED COLOUR,6.35
90081A,LILY BROOCH AMETHYST COLOUR,4.95
90204,PAIR OF ENAMEL BUTTERFLY HAIRCLIP,3.35
90185B,AMETHYST DIAMANTE EXPANDABLE RING,4.25
90199A,5 STRAND GLASS NECKLACE BLACK,6.35
90177C,DROP DIAMANTE EARRINGS CRYSTAL,2.95
90186A,AMETHYST HOOP EARRING FLORAL LEAF,2.95
20894,HANGING BAUBLE T-LIGHT HOLDER LARGE,2.95
85106,CUT GLASS HEXAGON T-LIGHT HOLDER,2.55
21415,CLAM SHELL SMALL,2.1
21416,CLAM SHELL LARGE,3.75
21417,COCKLE SHELL DISH,2.1
22343,PARTY PIZZA DISH RED RETROSPOT,0.85
22474,SPACEBOY TV DINNER TRAY,4.95
18097A,PINK TALL PORCELAIN T-LIGHT HOLDER,2.55
18097C,WHITE TALL PORCELAIN T-LIGHT HOLDER,2.55
22977,DOLLY GIRL CHILDRENS EGG CUP,1.25
21137,BLACK RECORD COVER FRAME,3.75
21899,"KEY FOB , GARAGE DESIGN",0.65
21911,GARDEN METAL SIGN,1.65
21902,"KEY FOB , FRONT  DOOR",0.65
21901,"KEY FOB , BACK DOOR",0.65
21948,SET OF 6 CAKE CHOPSTICKS,1.25
21949,SET OF 6 STRAWBERRY CHOPSTICKS,1.25
20759,CHRYSANTHEMUM POCKET BOOK,0.85
20760,GARDEN PATH POCKET BOOK,0.85
20757,RED DAISY POCKET BOOK,0.85
20981,12 PENCILS TALL TUBE WOODLAND,0.85
20971,PINK BLUE FELT CRAFT TRINKET BOX,1.25
85185D,FROG SOCK PUPPET,2.95
85185B,PINK HORSE SOCK PUPPET,2.95
21993,FLORAL FOLK STATIONERY SET,2.95
22897,OVEN MITT APPLES DESIGN,1.45
22325,MOBILE VINTAGE HEARTS,4.95
21349,IVY HEART WREATH,6.75
22439,6 ROCKET BALLOONS,0.65
79164,BLACK WINE GLASS,1.65
84683,CLASSICAL ROSE CANDLESTAND,1.25
21745,GAOLERS KEYS DECORATIVE GARDEN,3.75
79163,BLACK CHAMPAGNE GLASS,1.65
21155,RED RETROSPOT PEG BAG,2.1
15060B,FAIRY CAKE DESIGN UMBRELLA,3.75
21700,BIG DOUGHNUT FRIDGE MAGNETS,0.85
22985,"WRAP, BILLBOARD FONTS DESIGN",0.42
22821,GIFT BAG PSYCHEDELIC APPLES,0.65
22705,WRAP GREEN PEARS,0.42
20724,RED RETROSPOT CHARLOTTE BAG,0.85
22084,PAPER CHAIN KIT EMPIRE,2.95
22356,CHARLOTTE BAG PINK POLKADOT,0.85
22380,TOY TIDY SPACEBOY,2.1
72801C,4 ROSE PINK DINNER CANDLES,1.25
72801D,4 SKY BLUE DINNER CANDLES,1.25
21500,PINK POLKADOT WRAP,0.42
15036,ASSORTED COLOURS SILK FAN,0.75
21408,SPOTTY PINK DUCK DOORSTOP,4.25
20718,RED RETROSPOT SHOPPER BAG,1.25
21539,RED RETROSPOT BUTTER DISH,4.95
22341,LOVE GARLAND PAINTED ZINC,1.65
22075,6 RIBBONS ELEGANT CHRISTMAS,1.45
21509,COWBOYS AND INDIANS BIRTHDAY CARD,0.36
21508,VINTAGE KID DOLLY CARD,0.36
85178,VICTORIAN SEWING KIT,1.25
85116,BLACK CANDELABRA T-LIGHT HOLDER,1.25
22533,MAGIC DRAWING SLATE BAKE A CAKE,0.36
84952B,BLACK LOVE BIRD T-LIGHT HOLDER,1.25
22454,MEASURING TAPE BABUSHKA RED,2.55
22453,MEASURING TAPE BABUSHKA BLUE,2.55
22452,MEASURING TAPE BABUSHKA PINK,2.55
22558,CLOTHES PEGS RETROSPOT PACK 24,1.25
22264,FELT FARM ANIMAL WHITE BUNNY,0.85
22181,SNOWSTORM PHOTO FRAME FRIDGE MAGNET,0.85
21981,PACK OF 12 WOODLAND TISSUES,0.29
21392,RED POLKADOT PUDDING BOWL,2.1
21393,BLUE POLKADOT PUDDING BOWL,2.1
21268,VINTAGE BLUE TINSEL REEL,0.42
84952C,MIRROR LOVE BIRD T-LIGHT HOLDER,3.75
84952B,BLACK LOVE BIRD T-LIGHT HOLDER,3.75
85144,JARDIN ETCHED GLASS BUTTER DISH,7.25
21025,SPACE FROG,1.25
21031,SPACE CADET BLACK,1.25
21030,SPACE CADET RED,1.25
21026,SPACE OWL,1.25
21032,SPACE CADET WHITE,1.25
21578,WOODLAND DESIGN  COTTON TOTE BAG,2.25
22350,ILLUSTRATED CAT BOWL,2.55
21357,TOAST ITS - DINOSAUR,1.25
20719,WOODLAND CHARLOTTE BAG,0.85
20766,GARDEN PATH SKETCHBOOK,3.75
21399,BLUE POLKADOT COFFEE MUG,2.1
22562,MONSTERS STENCIL CRAFT,1.25
21714,CITRONELLA CANDLE GARDEN POT,1.25
21984,PACK OF 12 PINK PAISLEY TISSUES,0.29
21990,MODERN FLORAL STATIONERY SET,2.95
20751,FUNKY WASHING UP GLOVES ASSORTED,2.1
20752,BLUE POLKADOT WASHING UP GLOVES,2.1
22617,BAKING SET SPACEBOY DESIGN,4.95
21426,WOODLAND STORAGE BOX SMALL,2.1
21581,SKULLS  DESIGN  COTTON TOTE BAG,2.25
90002D,FLOWER BURST SILVER RING CRYSTAL,3.75
82551,LAUNDRY 15C METAL SIGN,1.45
82599,FANNY'S REST STOPMETAL SIGN,2.1
21908,CHOCOLATE THIS WAY METAL SIGN,2.1
82583,HOT BATHS METAL SIGN,2.1
21174,POTTERING IN THE SHED METAL SIGN,1.95
70006,LOVE HEART POCKET WARMER,1.65
22031,BOTANICAL LAVENDER BIRTHDAY CARD,0.42
21067,VINTAGE RED TEATIME MUG,1.25
21745,GAOLERS KEYS DECORATIVE GARDEN,3.39
22777,GLASS CLOCHE LARGE,7.65
22778,GLASS CLOCHE SMALL,3.39
21524,DOORMAT SPOTTY HOME SWEET HOME,6.75
48138,DOORMAT UNION FLAG,6.75
22365,DOORMAT RESPECTABLE HOUSE,6.75
79067,CORONA MEXICAN TRAY,3.75
21788,KIDS RAIN MAC BLUE,0.85
22408,MONEY BOX CONFECTIONERY DESIGN,1.25
22406,MONEY BOX KINGS CHOICE DESIGN,1.25
22405,MONEY BOX POCKET MONEY DESIGN,1.25
37450,CERAMIC CAKE BOWL + HANGING CAKES,2.95
22043,CHRISTMAS CARD SCREEN PRINT,0.42
22042,CHRISTMAS CARD SINGING ANGEL,0.42
22089,PAPER BUNTING VINTAGE PAISLEY,2.95
21059,PARTY INVITES DINOSAURS,0.85
22430,ENAMEL WATERING CAN CREAM,4.95
22425,ENAMEL COLANDER CREAM,4.95
21240,BLUE POLKADOT CUP,0.85
84880,WHITE WIRE EGG HOLDER,4.95
21927,BLUE/CREAM STRIPE CUSHION COVER,1.25
21925,UNION STRIPE CUSHION COVER,1.25
71053,WHITE METAL LANTERN,3.75
22334,DINOSAUR PARTY BAG + STICKER SET,1.65
21531,RED RETROSPOT SUGAR JAM BOWL,2.55
21039,RED RETROSPOT SHOPPING BAG,2.55
21157,RED RETROSPOT WASHBAG,2.1
47559B,TEA TIME OVEN GLOVE,1.25
22649,STRAWBERRY FAIRY CAKE TEAPOT,4.95
16161P,WRAP ENGLISH ROSE,0.42
82482,WOODEN PICTURE FRAME WHITE FINISH,2.55
16161M,WRAP  PINK FLOCK,0.42
85214,TUB 24 PINK FLOWER PEGS,1.65
21499,BLUE POLKADOT WRAP,0.42
40016,CHINESE DRAGON PAPER LANTERNS,0.42
21508,VINTAGE KID DOLLY CARD,0.42
21530,DAIRY MAID TOASTRACK,2.95
21528,DAIRY MAID TRADITIONAL TEAPOT,6.95
21820,GLITTER HEART GARLAND WITH BELLS,3.75
21821,GLITTER STAR GARLAND WITH BELLS,3.75
22162,HEART GARLAND RUSTIC PADDED,2.95
21114,LAVENDER SCENTED FABRIC HEART,1.25
20615,BLUE POLKADOT PASSPORT COVER,2.1
47021G,SET/6 BEAD COASTERS GAUZE BAG GOLD,1.25
22443,GROW YOUR OWN HERBS SET OF 3,7.95
20681,PINK POLKADOT CHILDRENS UMBRELLA,3.25
22161,HEART DECORATION RUSTIC HANGING,0.65
20956,PORCELAIN T-LIGHT HOLDERS ASSORTED,1.25
22067,CHOC TRUFFLE GOLD TRINKET POT,1.65
22632,HAND WARMER RED POLKA DOT,2.1
22747,POPPY'S PLAYHOUSE BATHROOM,2.1
22621,TRADITIONAL KNITTING NANCY,1.45
79000,MOROCCAN TEA GLASS,0.85
22078,RIBBON REEL LACE DESIGN,2.1
85049B,LUSH GREENS RIBBONS,1.25
21730,GLASS STAR FROSTED T-LIGHT HOLDER,4.95
21878,PACK OF 6 SANDCASTLE FLAGS ASSORTED,0.85
85131A,BEADED PEARL HEART WHITE ON STICK,1.25
22155,STAR DECORATION RUSTIC,0.42
22158,3 HEARTS HANGING DECORATION RUSTIC,2.95
22636,CHILDS BREAKFAST SET CIRCUS PARADE,7.65
22300,COFFEE MUG DOG + BALL DESIGN,2.55
20725,LUNCH BAG RED RETROSPOT,5.06
20941,FROG CANDLE,2.51
21066,VINTAGE RED MUG,2.51
21086,SET/6 RED SPOTTY PAPER CUPS,1.66
21156,RETROSPOT CHILDRENS APRON,4.21
21205,MULTICOLOUR 3D BALLS GARLAND,5.06
21557,SET OF 6 FUNKY BEAKERS,5.74
21876,POTTERING MUG,3.36
21890,S/6 WOODEN SKITTLES IN COTTON BAG,5.91
22023,EMPIRE BIRTHDAY CARD,0.85
22136,LOVE HEART SOCK HANGER,3.36
22173,METAL 4 HOOK HANGER FRENCH CHATEAU,5.91
22186,RED STAR CARD HOLDER,5.91
22202,MILK PAN PINK POLKADOT,7.62
22358,KINGS CHOICE TEA CADDY,5.91
22386,JUMBO BAG PINK POLKADOT,5.06
22412,METAL SIGN NEIGHBOURHOOD WITCH,4.21
22469,HEART OF WICKER SMALL,4.21
22525,CHILDRENS GARDEN GLOVES PINK,3.36
22659,LUNCH BOX I LOVE LONDON,2.51
22766,PHOTO FRAME CORNICE,5.91
22772,PINK DRAWER KNOB ACRYLIC EDWARDIAN,2.51
72349b,SET/6 PURPLE BUTTERFLY T-LIGHTS,4.21
79067,CORONA MEXICAN TRAY,7.62
84946,ANTIQUE SILVER TEA GLASS ETCHED,2.51
84970l,SINGLE HEART ZINC T-LIGHT HOLDER,2.13
84970s,HANGING HEART ZINC T-LIGHT HOLDER,2.13
85038,6 CHOCOLATE LOVE HEART T-LIGHTS,4.21
85039a,SET/4 RED MINI ROSE CANDLE IN BOWL,3.36
10123C,HEARTS WRAPPING TAPE,0.65
10120,DOGGY RUBBER,0.21
16237,SLEEPING CAT ERASERS,0.21
84006,MAGIC TREE -PAPER FLOWERS,0.85
20767,BLUE PAISLEY JOURNAL,2.55
90094,NECKLACE+BRACELET SET FRUIT SALAD,2.55
22758,LARGE PURPLE BABUSHKA NOTEBOOK,1.25
21882,SKULLS TAPE,0.65
21884,CAKES AND BOWS GIFT  TAPE,0.65
22756,LARGE YELLOW BABUSHKA NOTEBOOK,1.25
22757,LARGE RED BABUSHKA NOTEBOOK,1.25
20886,BOX OF 9 PEBBLE CANDLES,4.21
21481,FAWN BLUE HOT WATER BOTTLE,6.77
21733,RED HANGING HEART T-LIGHT HOLDER,5.91
21935,SUKI  SHOULDER BAG,4.21
21945,STRAWBERRIES  DESIGN FLANNEL,1.66
21948,SET OF 6 CAKE CHOPSTICKS,2.51
22094,RED RETROSPOT TISSUE BOX,2.51
22133,PINK LOVE HEART SHAPE CUP,1.66
22964,3 PIECE SPACEBOY COOKIE CUTTER SET,4.21
84032A,CHARLIE+LOLA PINK HOT WATER BOTTLE,5.91
10002,INFLATABLE POLITICAL GLOBE,1.66
18098c,PORCELAIN BUTTERFLY OIL BURNER,5.06
20615,BLUE POLKADOT PASSPORT COVER,4.21
20655,QUEEN OF SKIES LUGGAGE TAG,2.51
20723,STRAWBERRY CHARLOTTE BAG,2.51
20724,RED RETROSPOT CHARLOTTE BAG,2.51
21100,CHARLIE AND LOLA CHARLOTTE BAG,4.21
21154,RED RETROSPOT OVEN GLOVE,3.36
21157,RED RETROSPOT WASHBAG,4.21
21201,TROPICAL  HONEYCOMB PAPER GARLAND,5.06
21558,SKULL LUNCH BOX WITH CUTLERY,5.06
21786,POLKADOT RAIN HAT,0.81
21803,CHRISTMAS TREE STAR DECORATION,0.85
21865,PINK UNION JACK  PASSPORT COVER,4.21
21916,SET 12 RETRO WHITE CHALK STICKS,0.81
21981,PACK OF 12 WOODLAND TISSUES,0.81
21988,PACK OF 6 SKULL PAPER PLATES,1.66
22024,RAINY LADIES BIRTHDAY CARD,0.85
22132,RED LOVE HEART SHAPE CUP,1.66
22212,FOUR HOOK  WHITE LOVEBIRDS,4.21
22355,CHARLOTTE BAG SUKI DESIGN,2.51
22383,LUNCH BAG SUKI  DESIGN,5.06
22518,CHILDS GARDEN BRUSH BLUE,4.21
22629,SPACEBOY LUNCH BOX,2.51
22804,CANDLEHOLDER PINK HANGING HEART,5.91
22807,SET OF 6 T-LIGHTS TOADSTOOLS,5.91
82581,TOILET METAL SIGN,1.28
82600,NO SINGING METAL SIGN,4.21
84509c,SET OF 4 POLKADOT PLACEMATS,7.62
84534b,FAIRY CAKE NOTEBOOK A5 SIZE,1.66
84559a,3D SHEET OF DOG STICKERS,1.69
84596e,SMALL LICORICE DES PINK BOWL,2.51
M,MANUAL,2.55
22154,ANGEL DECORATION 3 BUTTONS,0.42
84993A,75 GREEN PETIT FOUR CASES,0.42
84987,SET OF 36 TEATIME PAPER DOILIES,1.45
20998,ROSE DU SUD OVEN GLOVE,2.95
21407,BROWN CHECK CAT DOORSTOP,4.25
22702,BLACK AND WHITE CAT BOWL,2.1
22550,HOLIDAY FUN LUDO,3.75
22076,6 RIBBONS EMPIRE,1.65
84925D,LA PALMIERA WALL THERMOMETER,2.55
84520B,PACK 20 ENGLISH ROSE PAPER NAPKINS,0.85
21078,SET/20 STRAWBERRY PAPER NAPKINS,0.85
35001G,HAND OPEN SHAPE GOLD,4.25
22028,PENNY FARTHING BIRTHDAY CARD,0.85
22041,"RECORD FRAME 7"" SINGLE SIZE",5.06
22042,CHRISTMAS CARD SINGING ANGEL,0.43
22059,CERAMIC STRAWBERRY DESIGN MUG,3.36
22099,CARAVAN SQUARE TISSUE BOX,2.51
22105,MIRROR MOSAIC GOBLET CANDLE HOLDER,4.21
22131,FOOD CONTAINER SET 3 LOVE HEART,4.21
22163,HEART STRING MEMO HOLDER HANGING,3.36
22175,PINK OWL SOFT TOY,5.91
22216,T-LIGHT HOLDER WHITE LACE,1.66
22227,HANGING HEART MIRROR DECORATION,1.28
22244,3 HOOK HANGER MAGIC GARDEN,4.21
22248,DECORATION  PINK CHICK MAGIC GARDEN,1.66
22250,DECORATION  BUTTERFLY  MAGIC GARDEN,1.66
22251,BIRDHOUSE DECORATION MAGIC GARDEN,2.51
22255,FELT TOADSTOOL  SMALL,1.66
22271,FELTCRAFT DOLL ROSIE,5.91
22272,FELTCRAFT DOLL MARIA,5.91
22273,FELTCRAFT DOLL MOLLY,5.91
22274,FELTCRAFT DOLL EMILY,5.91
22288,HANGING METAL RABBIT DECORATION,2.51
22326,ROUND SNACK BOXES SET OF4 WOODLAND,5.91
22338,STAR DECORATION PAINTED ZINC,1.28
22363,GLASS JAR MARMALADE,5.91
22382,LUNCH BAG SPACEBOY DESIGN,4.21
22395,PAPERWEIGHT VINTAGE PAISLEY,5.06
22402,MAGNETS PACK OF 4 VINTAGE COLLAGE,2.51
22406,MONEY BOX KINGS CHOICE DESIGN,2.51
22460,EMBOSSED GLASS TEALIGHT HOLDER,2.51
22466,FAIRY TALE COTTAGE NIGHTLIGHT,4.21
22483,RED GINGHAM TEDDY BEAR,5.91
22491,PACK OF 12 COLOURED PENCILS,1.66
22492,MINI PAINT SET VINTAGE,1.66
22493,PAINT YOUR OWN CANVAS SET,3.36
22546,MINI JIGSAW PURDEY,0.85
22551,PLASTERS IN TIN SPACEBOY,3.36
22554,PLASTERS IN TIN WOODLAND ANIMALS,3.36
22567,20 DOLLY PEGS RETROSPOT,2.51
22568,FELTCRAFT CUSHION OWL,7.62
22575,METAL MERRY CHRISTMAS WREATH,4.21
22576,SWALLOW WOODEN CHRISTMAS DECORATION,1.66
22577,WOODEN HEART CHRISTMAS SCANDINAVIAN,1.66
22578,WOODEN STAR CHRISTMAS SCANDINAVIAN,1.66
22593,CHRISTMAS GINGHAM STAR,1.66
22594,CHRISTMAS GINGHAM TREE,1.66
22609,PENS ASSORTED SPACEBALL,1.66
22630,DOLLY GIRL LUNCH BOX,4.21
22661,CHARLOTTE BAG DOLLY GIRL DESIGN,1.66
22717,CARD DOG AND BALL,0.85
22731,3D CHRISTMAS STAMPS STICKERS,2.51
22736,RIBBON REEL MAKING SNOWMEN,3.36
22743,MAKE YOUR OWN FLOWERPOWER CARD KIT,5.91
22753,SMALL YELLOW BABUSHKA NOTEBOOK,1.66
22809,SET OF 6 T-LIGHTS SANTA,5.91
22811,SET OF 6 T-LIGHTS CACTI,5.91
22851,SET 20 NAPKINS FAIRY CAKES DESIGN,1.66
22882,NUMBER TILE VINTAGE FONT 3,4.21
22884,NUMBER TILE VINTAGE FONT 5,4.21
22902,TOTE BAG I LOVE LONDON,4.21
22908,PACK OF 20 NAPKINS RED APPLES,1.66
35599B,BLACK CHRISTMAS TREE 120CM,5.91
35954,SMALL FOLKART STAR CHRISTMAS DEC,3.36
44234,ASSORTED CIRCULAR MOBILE,1.66
71143,SILVER BOOK MARK WITH BEADS,2.51
72351A,SET/6 TURQUOISE BUTTERFLY T-LIGHTS,4.21
75049L,LARGE CIRCULAR MIRROR MOBILE,2.51
75131,METAL TUBE CHIME ON BAMBOO,3.36
79000,MOROCCAN TEA GLASS,1.69
79191B,RETRO PLASTIC POLKA TRAY,1.66
82001S,VINYL RECORD FRAME SILVER,7.62
82482,WOODEN PICTURE FRAME WHITE FINISH,5.06
84077,WORLD WAR 2 GLIDERS ASSTD DESIGNS,0.43
84270,ASSTD DESIGN BUBBLE GUM RING,0.21
84558A,3D DOG PICTURE PLAYING CARDS,5.91
84660C,PINK STITCHED WALL CLOCK,7.62
84661B,BLACK SQUARE TABLE CLOCK,5.06
84673B,BLUE FLY SWAT,1.28
84685,BEACH HUT KEY CABINET,7.62
84763,ZINC FINISH 15CM PLANTER POTS,2.51
84926A,WAKE UP COCKEREL TILE COASTER,2.51
84927A,WAKE UP COCKEREL TILE HOOK,4.21
84927F,PSYCHEDELIC TILE HOOK,4.21
84945,MULTI COLOUR SILVER T-LIGHT HOLDER,1.84
84947,ANTIQUE SILVER TEA GLASS ENGRAVED,2.51
84987,SET OF 36 TEATIME PAPER DOILIES,2.98
85025B,EAU DE NILE HEART SHAPE PHOTO FRAME,3.36
85054,FRENCH ENAMEL POT W LID,5.91
85055,FRENCH ENAMEL UTENSIL HOLDER,7.62
85106,CUT GLASS HEXAGON T-LIGHT HOLDER,4.21
85169A,IVORY LOVE BIRD CANDLE,2.51
85169B,BLACK LOVE BIRD CANDLE,2.51
85169C,EAU DE NIL LOVE BIRD CANDLE,2.51
85169D,PINK LOVE BIRD CANDLE,2.51
85203,HANGING WOOD AND FELT BUTTERFLY,0.84
90000D,COPPER/OLIVE GREEN FLOWER NECKLACE,6.37
90003E,GREEN PAIR HEART HAIR SLIDES,3.81
90060F,FIRE POLISHED GLASS NECKL GREEN,5.94
90114,SUMMER DAISIES BAG CHARM,2.51
90115,SUMMER BUTTERFLIES BAG CHARM,2.51
90120B,BLUE MURANO TWIST BRACELET,4.24
90129F,RED GLASS TASSLE BAG CHARM,1.66
90141A,GREEN PENDANT TRIPLE SHELL NECKLACE,5.51
90199B,5 STRAND GLASS NECKLACE AMETHYST,6.37
90205A,LARGE MINT DIAMANTE HAIRSLIDE,1.69
90214B,"LETTER ""B"" BLING KEY RING",0.85
90214C,"LETTER ""C"" BLING KEY RING",0.85
90214F,"LETTER ""F"" BLING KEY RING",0.85
90214I,"LETTER ""I"" BLING KEY RING",0.85
90214L,"LETTER ""L"" BLING KEY RING",0.85
90214N,"LETTER ""N"" BLING KEY RING",0.85
90214Y,"LETTER ""Y"" BLING KEY RING",0.85
10133,COLOURING PENCILS BROWN TUBE,1.66
15036,ASSORTED COLOURS SILK FAN,1.28
16218,CARTOON  PENCIL SHARPENERS,2.13
16225,RATTLE SNAKE EGGS,3.36
16235,RECYCLED PENCIL WITH RABBIT ERASER,0.43
20686,DOLLY MIXTURE CHILDREN'S UMBRELLA,6.77
20712,JUMBO BAG WOODLAND ANIMALS,4.21
20726,LUNCH BAG WOODLAND,4.21
21200,MULTICOLOUR HONEYCOMB PAPER GARLAND,1.65
20970,PINK FLORAL FELTCRAFT SHOULDER BAG,7.62
21025,SPACE FROG,2.51
21051,RIBBONS PURSE,4.21
21112,"SWISS ROLL TOWEL, PINK  SPOTS",5.91
21155,RED RETROSPOT PEG BAG,4.21
21215,IVORY PAPER CUP CAKE CASES,1.28
21219,SET/4 BADGES BALLOON GIRL,2.51
21221,SET/4 BADGES CUTE CREATURES,2.51
21224,SET/4 SKULL BADGES,2.51
21240,BLUE POLKADOT CUP,1.66
21261,GREEN GOOSE FEATHER CHRISTMAS TREE,7.62
21263,GREEN GOOSE FEATHER TREE 60CM,5.91
21286,RETROSPOT CANDLE  LARGE,5.06
21381,MINI WOODEN HAPPY BIRTHDAY GARLAND,3.36
21446,12 RED ROSE PEG PLACE SETTINGS,2.51
21530,DAIRY MAID TOASTRACK,5.91
21619,4 VANILLA BOTANICAL CANDLES,7.62
21640,ASSORTED TUTTI FRUTTI  FOB NOTEBOOK,1.66
21643,ASSORTED TUTTI FRUTTI MIRROR,2.51
21651,HANGING GLASS ETCHED TEALIGHT,3.36
21675,BUTTERFLIES STICKERS,1.66
21725,SWEETIES  STICKERS,1.66
21815,STAR  T-LIGHT HOLDER,2.98
21826,EIGHT PIECE DINOSAUR SET,2.51
21828,EIGHT PIECE SNAKE  SET,2.51
21829,DINOSAUR KEYRINGS ASSORTED,0.43
21866,UNION JACK FLAG LUGGAGE TAG,2.51
21872,GLAMOROUS  MUG,3.36
21883,STARS GIFT TAPE,1.66
21903,MAN FLU METAL SIGN,4.21
21917,SET 12 KIDS  WHITE CHALK STICKS,0.85
21918,SET 12 KIDS COLOUR  CHALK STICKS,0.85
21936,RED RETROSPOT PICNIC BAG,5.91
21986,PACK OF 12 PINK POLKADOT TISSUES,0.85
22959,WRAP CHRISTMAS VILLAGE,0.42
48184,DOORMAT ENGLISH ROSE,6.75
16235,RECYCLED PENCIL WITH RABBIT ERASER,0.21
21027,NINJA RABBIT PINK,1.25
90099,NECKLACE+BRACELET SET BLUE HIBISCUS,2.55
84539,KNITTED RABBIT DOLL,1.65
90096,NECKLACE+BRACELET SET BLUE BLOSSOM,2.55
21095,SET/6 POSIES PAPER PLATES,0.85
85018D,YULETIDE IMAGES S/6 PAPER BOXES,2.55
22732,3D VINTAGE CHRISTMAS STICKERS,1.25
47503J,SET/3 FLORAL GARDEN TOOLS IN BAG,7.95
37464,ROBOT MUG IN DISPLAY BOX,1.25
84247N,PACK/12 BLUE FOLKART CARDS,2.95
84247K,"FOLK ART GREETING CARD,PACK/12",2.95
22035,VINTAGE CARAVAN GREETING CARD,0.42
21250,SET OF SKULL WALL STICKERS,2.95
21677,HEARTS  STICKERS,0.85
21830,ASSORTED CREEPY CRAWLIES,0.42
47504K,ENGLISH ROSE GARDEN SECATEURS,1.95
84212,"ASSORTED FLOWER COLOUR ""LEIS""",0.65
21828,EIGHT PIECE SNAKE  SET,1.25
21377,SMALL CAMPHOR WOOD FIELD  MUSHROOM,1.65
21379,CAMPHOR WOOD PORTOBELLO MUSHROOM,1.25
37489D,PINK/GREEN FLOWER DESIGN BIG MUG,1.95
17107D,"FLOWER FAIRY,5 SUMMER B'DRAW LINERS",2.55
22132,RED LOVE HEART SHAPE CUP,0.85
22133,PINK LOVE HEART SHAPE CUP,0.85
37489B,BLUE/YELLOW FLOWER DESIGN BIG MUG,1.95
37489C,GREEN/BLUE FLOWER DESIGN BIG MUG,1.95
21564,PINK  HEART SHAPE LOVE BUCKET,2.95
21932,SCANDINAVIAN PAISLEY PICNIC BAG,2.95
21933,PINK VINTAGE PAISLEY PICNIC BAG,2.95
21100,CHARLIE AND LOLA CHARLOTTE BAG,1.65
37489A,YELLOW/PINK FLOWER DESIGN BIG MUG,1.95
22452,MEASURING TAPE BABUSHKA PINK,2.95
22072,RED RETROSPOT TEA CUP AND SAUCER,3.75
84534B,FAIRY CAKE NOTEBOOK A5 SIZE,0.85
84536A,ENGLISH ROSE NOTEBOOK A7 SIZE,0.42
21905,MORE BUTTER METAL SIGN,2.1
21164,HOME SWEET HOME METAL SIGN,2.95
47566,PARTY BUNTING,4.65
22624,IVORY KITCHEN SCALES,7.65
21945,STRAWBERRIES  DESIGN FLANNEL,0.85
22414,DOORMAT NEIGHBOURHOOD WITCH,7.95
21906,PHARMACIE FIRST AID TIN,6.75
22456,NATURAL SLATE CHALKBOARD LARGE,4.95
22116,METAL SIGN HIS DINNER IS SERVED,2.95
85130A,BEADED PEARL HEART WHITE LARGE,1.65
85129C,BEADED CRYSTAL HEART BLUE SMALL,1.25
15056P,EDWARDIAN PARASOL PINK,5.95
22892,SET OF SALT AND PEPPER TOADSTOOLS,1.25
22080,RIBBON REEL POLKADOTS,1.65
22948,METAL DECORATION NAUGHTY CHILDREN,0.85
22944,CHRISTMAS METAL POSTCARD WITH BELLS,1.25
22246,"GARLAND, MAGIC GARDEN 1.8M",1.95
35967,FOLK ART METAL STAR T-LIGHT HOLDER,0.38
22299,PIG KEYRING WITH LIGHT & SOUND,1.25
84849A,HELLO SAILOR BLUE SOAP HOLDER,1.69
22304,COFFEE MUG BLUE PAISLEY DESIGN,2.55
22121,NOEL WOODEN BLOCK LETTERS,5.45
21165,BEWARE OF THE CAT METAL SIGN,1.69
84559A,3D SHEET OF DOG STICKERS,0.85
84559B,3D SHEET OF CAT STICKERS,0.85
22137,BATHROOM SET LOVE HEART DESIGN,2.95
85230B,CINNAMON SCENTED VOTIVE CANDLE,0.29
85230F,JASMINE VOTIVE CANDLE,0.29
22306,SILVER MUG BONE CHINA TREE OF LIFE,1.95
M,MANUAL,0.85
20676,RED RETROSPOT BOWL,3.36
20711,JUMBO BAG TOYS,4.21
20712,JUMBO BAG WOODLAND ANIMALS,5.06
20717,STRAWBERRY SHOPPER BAG,3.36
20718,RED RETROSPOT SHOPPER BAG,3.36
20726,LUNCH BAG WOODLAND,5.06
20727,LUNCH BAG  BLACK SKULL.,5.06
20728,LUNCH BAG CARS BLUE,5.06
20734,SILVER MINI TAPE MEASURE,2.51
20735,BLACK MINI TAPE MEASURE,2.51
20960,WATERMELON BATH SPONGE,2.51
21078,SET/20 STRAWBERRY PAPER NAPKINS,2.51
21080,SET/20 RED RETROSPOT PAPER NAPKINS,2.51
21210,SET OF 72 RETROSPOT PAPER  DOILIES,3.83
21215,IVORY PAPER CUP CAKE CASES,2.13
21238,RED RETROSPOT CUP,2.51
21239,PINK  POLKADOT CUP,2.51
21240,BLUE POLKADOT CUP,2.51
21242,RED RETROSPOT PLATE,4.21
21329,DINOSAURS  WRITING SET,3.36
21668,RED STRIPE CERAMIC DRAWER KNOB,3.36
21669,BLUE STRIPE CERAMIC DRAWER KNOB,3.36
21670,BLUE SPOT CERAMIC DRAWER KNOB,3.36
21673,WHITE SPOT BLUE CERAMIC DRAWER KNOB,3.36
21864,UNION JACK FLAG PASSPORT COVER,4.21
21866,UNION JACK FLAG LUGGAGE TAG,3.36
21928,JUMBO BAG SCANDINAVIAN PAISLEY,5.06
21929,JUMBO BAG PINK VINTAGE PAISLEY,5.06
21930,JUMBO STORAGE BAG SKULLS,4.21
21931,JUMBO STORAGE BAG SUKI,5.06
21976,PACK OF 60 MUSHROOM CAKE CASES,2.13
21977,PACK OF 60 PINK PAISLEY CAKE CASES,2.13
22069,BROWN  PIRATE TREASURE CHEST,4.21
22075,6 RIBBONS ELEGANT CHRISTMAS,4.21
22076,6 RIBBONS EMPIRE,4.21
22077,6 RIBBONS RUSTIC CHARM,4.21
22080,RIBBON REEL POLKADOTS,4.21
22082,RIBBON REEL STRIPES DESIGN,4.21
22083,PAPER CHAIN KIT RETROSPOT,6.77
22147,FELTCRAFT BUTTERFLY HEARTS,4.21
22149,FELTCRAFT 6 FLOWER FRIENDS,5.06
22150,3 STRIPEY MICE FELTCRAFT,5.06
22174,PHOTO CUBE,4.21
22326,ROUND SNACK BOXES SET OF4 WOODLAND,6.77
22327,ROUND SNACK BOXES SET OF 4 SKULLS,6.77
22367,CHILDRENS APRON SPACEBOY DESIGN,5.06
22378,WALL TIDY RETROSPOT,5.06
22379,RECYCLING BAG RETROSPOT,5.06
22384,LUNCH BAG PINK POLKADOT,5.06
22417,PACK OF 60 SPACEBOY CAKE CASES,2.13
22418,10 COLOUR SPACEBOY PEN,2.51
22524,CHILDRENS GARDEN GLOVES BLUE,3.36
22553,PLASTERS IN TIN SKULLS,4.21
22554,PLASTERS IN TIN WOODLAND ANIMALS,4.21
22555,PLASTERS IN TIN STRONGMAN,4.21
22556,PLASTERS IN TIN CIRCUS PARADE,4.21
22631,CIRCUS PARADE LUNCH BOX,3.36
22637,PIGGY BANK RETROSPOT,5.91
22644,CERAMIC CHERRY CAKE MONEY BANK,4.21
22646,CERAMIC STRAWBERRY CAKE MONEY BANK,4.21
22652,TRAVEL SEWING KIT,4.21
22734,SET OF 6 RIBBONS VINTAGE CHRISTMAS,5.91
22735,RIBBON REEL SOCKS AND MITTENS,4.21
22736,RIBBON REEL MAKING SNOWMEN,4.21
22737,RIBBON REEL CHRISTMAS PRESENT,4.21
22738,RIBBON REEL SNOWY VILLAGE,4.21
22739,RIBBON REEL CHRISTMAS SOCK BAUBLE,4.21
22812,PACK 3 BOXES CHRISTMAS PANNETONE,5.06
22834,HAND WARMER BABUSHKA DESIGN,5.06
22865,HAND WARMER OWL DESIGN,5.06
22910,PAPER CHAIN KIT VINTAGE CHRISTMAS,6.77
35970,ZINC FOLKART SLEIGH BELLS,4.21
47559b,TEA TIME OVEN GLOVE,3.36
47580,TEA TIME DES TEA COSY,5.91
47591d,PINK FAIRY CAKE CHILDRENS APRON,5.06
84032B,CHARLIE + LOLA RED HOT WATER BOTTLE,5.91
84380,SET OF 3 BUTTERFLY COOKIE CUTTERS,3.36
84692,BOX OF 24 COCKTAIL PARASOLS,1.66
84987,SET OF 36 TEATIME PAPER DOILIES,3.83
84991,60 TEATIME FAIRY CAKE CASES,2.13
85049a,TRADITIONAL CHRISTMAS RIBBONS,3.36
85049e,SCANDINAVIAN REDS RIBBONS,3.36
85099f,JUMBO BAG STRAWBERRY,5.06
22331,WOODLAND PARTY BAG + STICKER SET,1.65
84849D,HOT BATHS SOAP HOLDER,1.69
21446,12 RED ROSE PEG PLACE SETTINGS,1.25
84507C,BLUE CIRCLES DESIGN MONKEY DOLL,2.55
20910,VINTAGE PHOTO ALBUM PARIS DAYS,6.35
82616C,MIDNIGHT GLAMOUR SCARF KNITTING KIT,2.95
82616B,FRAPPUCINO SCARF KNITTING KIT,2.95
21558,SKULL LUNCH BOX WITH CUTLERY,2.55
22409,MONEY BOX BISCUITS DESIGN,1.25
90128B,BLUE LEAVES AND BEADS PHONE CHARM,1.25
90198B,VINTAGE ROSE BEAD BRACELET BLACK,4.25
90152B,BLUE/GREEN SHELL NECKLACE W PENDANT,5.95
20661,BLUE POLKADOT PURSE,2.95
20652,BLUE POLKADOT LUGGAGE TAG,1.25
21845,DAIRY MAID STRIPE MUG,2.95
22398,MAGNETS PACK OF 4 SWALLOWS,1.25
84877D,BLUE ROUND COMPACT MIRROR,3.75
20657,TROPICAL LUGGAGE TAG,1.25
47422,ASSORTED MONKEY SUCTION CUP HOOK,0.42
21642,ASSORTED TUTTI FRUTTI PEN,0.85
20658,RED RETROSPOT LUGGAGE TAG,1.25
22396,MAGNETS PACK OF 4 RETRO PHOTO,1.25
16238,PARTY TIME PENCIL ERASERS,0.21
47503H,ASS FLORAL PRINT SPIRIT LEVEL,1.95
72130,COLUMBIAN CANDLE ROUND,0.65
72128,COLUMBIAN CANDLE ROUND,0.85
47343A,FUSCHIA FLOWER PURSE WITH BEADS,1.49
72802A,ROSE SCENT CANDLE IN JEWELLED BOX,4.25
84581,DOG TOY WITH PINK CROCHET SKIRT,3.75
84580,MOUSE TOY WITH PINK T-SHIRT,3.75
72807B,SET/3 OCEAN SCENT CANDLE JEWEL BOX,4.25
72802B,OCEAN SCENT CANDLE IN JEWELLED BOX,4.25
21991,BOHEMIAN COLLAGE STATIONERY SET,2.95
22339,CHRISTMAS TREE PAINTED ZINC,0.65
22337,ANGEL DECORATION PAINTED ZINC,0.65
84562A,PINK/WHITE RIBBED MELAMINE JUG,7.95
21936,RED RETROSPOT PICNIC BAG,2.95
21040,MODERN VINTAGE COTTON SHOPPING BAG,2.55
21937,STRAWBERRY   PICNIC BAG,2.95
22701,PINK DOG BOWL,2.95
22359,GLASS JAR KINGS CHOICE,2.95
22361,GLASS JAR DAISY FRESH COTTON WOOL,2.95
22362,GLASS JAR PEACOCK BATH SALTS,2.95
82011C,BATHROOM SCALES FOOTPRINTS IN SAND,3.75
84880,WHITE WIRE EGG HOLDER,5.95
21287,SCENTED VELVET LOUNGE CANDLE,1.25
79337,BLUE FLOCK GLASS CANDLEHOLDER,1.65
85111,SILVER GLITTER FLOWER VOTIVE HOLDER,1.25
22307,GOLD MUG BONE CHINA TREE OF LIFE,1.95
85078,SCANDINAVIAN 3 HEARTS NAPKIN RING,0.65
85036B,CHOCOLATE 1 WICK MORRIS BOX CANDLE,4.25
85034C,3 ROSE MORRIS BOXED CANDLES,4.25
84614A,PINK BAROQUE FLOCK CANDLE HOLDER,5.95
90054,CRACKED GLAZE EARRINGS RED,2.55
90145,SILVER HOOP EARRINGS WITH FLOWER,5.95
90143,SILVER BRACELET W PASTEL FLOWER,7.5
90051,CRACKED GLAZE NECKLACE RED,6.95
90050,CRACKED GLAZE NECKLACE IVORY,6.95
90053,CRACKED GLAZE EARRINGS IVORY,2.55
22586,FELTCRAFT HAIRBAND PINK AND BLUE,0.85
22348,TEA BAG PLATE RED RETROSPOT,0.85
20829,GLITTER HANGING BUTTERFLY STRING,2.1
84247G,"DECOUPAGE,GREETING CARD,",0.42
21224,SET/4 SKULL BADGES,1.25
21721,CANDY SHOP  STICKER SHEET,0.85
84988,SET OF 72 PINK HEART PAPER DOILIES,1.45
21947,SET OF 6 HEART CHOPSTICKS,1.25
21726,MULTI HEARTS  STICKERS,0.85
22200,FRYING PAN PINK POLKADOT,4.25
20699,MOUSEY LONG LEGS SOFT TOY,2.55
22671,FRENCH LAUNDRY SIGN BLUE METAL,1.65
85135C,RED DRAGONFLY HELICOPTER,7.95
21876,POTTERING MUG,1.25
85054,FRENCH ENAMEL POT W LID,2.95
85055,FRENCH ENAMEL UTENSIL HOLDER,3.75
84924A,WAKE UP COCKEREL CALENDAR SIGN,3.75
35810B,ENAMEL BLUE RIM COFFEE CONTAINER,2.1
35241,ENAMEL BLUE RIM BISCUIT BIN,4.95
21112,"SWISS ROLL TOWEL, PINK  SPOTS",2.95
17109D,FLOWER FAIRY INCENSE BOUQUET,1.69
21011,GLITTER SNOW PEAR TREE DECORATION,1.45
22853,CAT BOWL VINTAGE CREAM,3.25
85034B,3 WHITE CHOC MORRIS BOXED CANDLES,4.25
72800D,4 BLUE DINNER CANDLES SILVER FLOCK,2.55
84819,DANISH ROSE ROUND SEWING BOX,4.25
90185D,CRYSTAL DIAMANTE EXPANDABLE RING,4.25
22458,CAST IRON HOOK GARDEN FORK,2.55
22459,CAST IRON HOOK GARDEN TROWEL,2.55
22156,HEART DECORATION WITH PEARLS,0.85
22169,FAMILY ALBUM WHITE PICTURE FRAME,7.65
21754,HOME BUILDING BLOCK WORD,5.45
22079,RIBBON REEL HEARTS DESIGN,1.65
90162B,ANT SILVER LIME GREEN BOUDICCA RING,2.95
90162D,ANT SILVER PURPLE BOUDICCA RING,2.95
21626,VINTAGE UNION JACK PENNANT,1.95
90167,BEADED LOVE HEART JEWELLERY SET,0.85
22403,MAGNETS PACK OF 4 VINTAGE LABELS,1.25
11001,ASSTD DESIGN RACING CAR PEN,1.69
22563,HAPPY STENCIL CRAFT,1.25
22440,BALLOON WATER BOMB PACK OF 35,0.42
20936,FORKED CACTUS CANDLE,2.95
85174,S/4 CACTI CANDLES,4.95
22305,COFFEE MUG PINK PAISLEY DESIGN,2.55
21216,"SET 3 RETROSPOT TEA,COFFEE,SUGAR",4.25
84898F,YELLOW FLOWERS FELT HANDBAG KIT,2.1
22415,WHITE TISSUE REAM,7.95
22255,FELT TOADSTOOL  SMALL,0.85
22256,FELT FARM ANIMAL CHICKEN,1.25
21447,12 IVORY ROSE PEG PLACE SETTINGS,1.25
47310M,"SMALL POP BOX,FUNKY MONKEY",1.25
22525,CHILDRENS GARDEN GLOVES PINK,1.25
22479,DAISY GARDEN MARKER,1.25
22478,BIRDHOUSE GARDEN MARKER,1.25
84508B,STRIPES DESIGN TEDDY,2.55
84678,CLASSICAL ROSE SMALL VASE,2.55
21787,RAIN PONCHO RETROSPOT,0.85
21774,DECORATIVE CATS BATHROOM BOTTLE,1.25
21439,BASKET OF TOADSTOOLS,1.25
21195,PINK  HONEYCOMB PAPER BALL,2.1
21555,CERAMIC STRAWBERRY TRINKET TRAY,2.55
84279P,CHERRY BLOSSOM  DECORATIVE FLASK,3.75
22614,PACK OF 12 SPACEBOY TISSUES,0.29
22615,PACK OF 12 CIRCUS PARADE TISSUES,0.29
22390,PAPERWEIGHT CHILDHOOD MEMORIES,2.55
22483,RED GINGHAM TEDDY BEAR,2.95
72349B,SET/6 PURPLE BUTTERFLY T-LIGHTS,2.1
17091J,VANILLA INCENSE IN TIN,1.25
72232,FENG SHUI PILLAR CANDLE,0.19
M,MANUAL,0.42
84993B,75 BLACK PETIT FOUR CASES,0.42
20686,DOLLY MIXTURE CHILDREN'S UMBRELLA,3.25
22568,FELTCRAFT CUSHION OWL,3.39
85206A,CREAM FELT EASTER EGG BASKET,1.65
22021,BLUE FELT EASTER EGG BASKET,1.65
35965,FOLKART HEART NAPKIN RINGS,2.95
20684,STRAWBERRY DREAM CHILDS UMBRELLA,3.25
84536B,FAIRY CAKES NOTEBOOK A7 SIZE,0.42
84596G,SMALL CHOCOLATES PINK BOWL,1.25
21110,LARGE CAKE TOWEL PINK SPOTS,6.75
21445,12 PINK ROSE PEG PLACE SETTINGS,1.25
77101A,UNION FLAG WINDSOCK,1.25
21468,BUTTERFLY CROCHET FOOD COVER,3.75
22123,PING MICROWAVE APRON,5.95
22939,APRON APPLE DELIGHT,4.95
21836,GINGHAM OVEN GLOVE RED HEART,3.75
22598,CHRISTMAS MUSICAL ZINC TREE,0.85
21801,CHRISTMAS TREE DECORATION WITH BELL,0.42
21807,WHITE CHRISTMAS STAR DECORATION,0.42
21803,CHRISTMAS TREE STAR DECORATION,0.42
21802,CHRISTMAS TREE HEART DECORATION,0.42
22536,MAGIC DRAWING SLATE PURDEY,0.42
22532,MAGIC DRAWING SLATE LEAP FROG,0.42
21413,PERIWINKLE T-LIGHT HOLDER,1.25
79149B,SILICON STAR BULB  BLUE,0.42
21682,LARGE MEDINA STAMPED METAL BOWL,4.95
78034B,BLUE NETTING STORAGE HANGER,1.95
79151B,"SILICON CUBE 25W, BLUE",0.42
21090,SET/6 COLLAGE PAPER PLATES,0.85
21209,MULTICOLOUR HONEYCOMB FAN,1.65
22354,RETROSPOT PADDED SEAT CUSHION,3.75
21635,MADRAS NOTEBOOK LARGE,3.75
35471D,SET OF 3 BIRD LIGHT PINK FEATHER,1.25
21983,PACK OF 12 BLUE PAISLEY TISSUES,0.29
21351,CINAMMON & ORANGE WREATH,5.95
35653,VINTAGE BEAD NOTEBOOK,2.95
85130D,BEADED CRYSTAL HEART PINK LARGE,1.65
15039,SANDALWOOD FAN,0.85
84978,HANGING HEART JAR T-LIGHT HOLDER,1.25
84569D,PACK 6 HEART/ICE-CREAM PATCHES,1.25
22175,PINK OWL SOFT TOY,2.95
84050,PINK HEART SHAPE EGG FRYING PAN,1.65
72351A,SET/6 TURQUOISE BUTTERFLY T-LIGHTS,2.1
84921,CREAM AND PINK FLOWERS PONY,3.75
22381,TOY TIDY PINK POLKADOT,2.1
84508C,BLUE CIRCLES DESIGN TEDDY,2.55
90086,CRYSTAL FROG PHONE CHARM,0.85
84827,ASS DES PHONE SPONGE CRAFT STICKER,0.65
62018,SOMBRERO,1.95
16011,ANIMAL STICKERS,0.21
85179A,GREEN BITTY LIGHT CHAIN,4.65
21785,RAIN PONCHO,0.85
21650,ASSORTED TUTTI FRUTTI BRACELET,0.65
84874B,BLUE TRAVEL FIRST AID KIT,1.65
22674,FRENCH TOILET SIGN BLUE METAL,1.25
85167B,BLACK GRAND BAROQUE PHOTO FRAME,4.25
22412,METAL SIGN NEIGHBOURHOOD WITCH,2.1
21900,"KEY FOB , SHED",0.65
72051S,BAG OF SILVER STONES,0.42
72799E,IVORY PILLAR CANDLE SILVER FLOCK,2.95
72799F,IVORY PILLAR CANDLE GOLD FLOCK,2.95
21864,UNION JACK FLAG PASSPORT COVER,2.1
20764,ABSTRACT CIRCLES SKETCHBOOK,3.75
84535B,FAIRY CAKES NOTEBOOK A6 SIZE,0.65
47579,TEA TIME BREAKFAST BASKET,2.1
21723,ALPHABET HEARTS STICKER SHEET,0.85
35953,FOLKART STAR CHRISTMAS DECORATIONS,1.25
84051,ASS COLOUR GLOWING TIARAS,0.85
21187,WHITE BELL HONEYCOMB PAPER GARLAND,1.65
21696,SMALL SILVER TRELLIS CANDLEPOT,2.95
22034,ROBIN CHRISTMAS CARD,0.42
35598B,BLACK CHRISTMAS TREE 60CM,2.95
20980,36 PENCILS TUBE POSY,1.25
35954,SMALL FOLKART STAR CHRISTMAS DEC,0.42
35958,FOLKART ZINC STAR CHRISTMAS DEC,0.85
75013B,"STRING OF 8 BUTTERFLIES,PINK",1.65
22684,FRENCH BLUE METAL DOOR SIGN 9,1.25
82011B,BATHROOM SCALES RUBBER DUCKS,3.75
21580,RABBIT  DESIGN  COTTON TOTE BAG,2.25
22231,JIGSAW TREE WITH BIRDHOUSE,1.45
22859,EASTER TIN BUNNY BOUQUET,1.65
22860,EASTER TIN CHICKS PINK DAISY,1.65
22093,MOTORING TISSUE BOX,1.25
22091,EMPIRE TISSUE BOX,1.25
21865,PINK UNION JACK  PASSPORT COVER,2.1
85208,SET/12 FUNKY FELT FLOWER PEG IN BAG,2.1
22129,PARTY CONES CANDY TREE DECORATION,0.85
22808,SET OF 6 T-LIGHTS EASTER CHICKS,2.95
21109,"LARGE CAKE TOWEL, CHOCOLATE SPOTS",6.75
20702,PINK PADDED MOBILE,4.25
85187,S/12 MINI RABBIT EASTER,1.65
22719,GUMBALL MONOCHROME COAT RACK,1.25
22891,TEA FOR ONE POLKADOT,4.25
21683,MEDIUM MEDINA STAMPED METAL BOWL,2.95
84563B,BLUE & WHITE BREAKFAST TRAY,5.95
82613B,"METAL SIGN,CUPCAKE SINGLE HOOK",1.25
35004C,SET OF 3 COLOURED  FLYING DUCKS,4.65
79190A,RETRO PLASTIC 70'S TRAY,0.42
15034,PAPER POCKET TRAVELING FAN,0.14
47593B,SCOTTIE DOGS BABY BIB,1.25
85129D,BEADED CRYSTAL HEART PINK SMALL,1.25
85129B,BEADED CRYSTAL HEART GREEN SMALL,1.25
35924,HANGING FAIRY CAKE DECORATION,2.1
20671,BLUE TEATIME PRINT BOWL,1.25
35004B,SET OF 3 BLACK FLYING DUCKS,5.45
21903,MAN FLU METAL SIGN,2.1
21904,HOUSE WRECKING METAL SIGN,2.1
21137,BLACK RECORD COVER FRAME,3.39
22843,BISCUIT TIN VINTAGE GREEN,6.75
22199,FRYING PAN RED RETROSPOT,4.25
M,MANUAL,0.65
37509,NEW ENGLAND MUG W GIFT BOX,2.55
47369A,PINK GREEN EMBROIDERY COSMETIC BAG,2.95
47369B,BLUE GREEN EMBROIDERY COSMETIC BAG,2.95
47367B,PAIR PADDED HANGERS PINK CHECK,3.75
21695,SMALL SILVER FLOWER CANDLE POT,2.95
84773,RED ROSE AND LACE C/COVER,2.95
21819,GLITTER CHRISTMAS STAR,0.85
22817,CARD SUKI BIRTHDAY,0.42
16161U,WRAP SUKI AND FRIENDS,0.42
22251,BIRDHOUSE DECORATION MAGIC GARDEN,1.25
22252,BIRDCAGE DECORATION TEALIGHT HOLDER,1.25
22069,BROWN  PIRATE TREASURE CHEST,1.65
21401,BLUE PUDDING SPOON,0.42
84597C,RETRO PINK BALL ASHTRAY,1.25
51020A,SUMMER FUN DESIGN SHOWER CAP,1.25
51020B,STRIPY DESIGN SHOWER CAP,1.25
21306,SET/4 DAISY MIRROR MAGNETS,2.1
21311,SET/4 BIRD MIRROR MAGNETS,2.1
21307,SET/4 BUTTERFLY MIRROR MAGNETS,2.1
85114A,BLACK ENCHANTED FOREST PLACEMAT,1.65
22475,SKULL DESIGN TV DINNER TRAY,4.95
90200E,GREEN SWEETHEART BRACELET,4.25
21616,4 PEAR BOTANICAL DINNER CANDLES,3.75
17003,BROCADE RING PURSE,0.21
37461,FUNKY MONKEY MUG,1.25
20655,QUEEN OF SKIES LUGGAGE TAG,1.25
20659,ECONOMY LUGGAGE TAG,1.25
71459,HANGING JAM JAR T-LIGHT HOLDER,0.85
20985,HEART CALCULATOR,1.25
84596L,BISCUITS SMALL BOWL LIGHT BLUE,1.25
84596F,SMALL MARSHMALLOWS PINK BOWL,1.25
22346,PARTY PIZZA DISH GREEN POLKADOT,0.85
22344,PARTY PIZZA DISH PINK POLKADOT,0.85
22345,PARTY PIZZA DISH BLUE POLKADOT,0.85
85215,ASSORTED CHEESE FRIDGE MAGNETS,0.65
85062,PEARL CRYSTAL PUMPKIN T-LIGHT HLDR,1.65
71477,COLOUR GLASS. STAR T-LIGHT HOLDER,2.75
18098C,PORCELAIN BUTTERFLY OIL BURNER,2.95
85016,SET OF 6 VINTAGE NOTELETS KIT,2.55
22984,CARD GINGHAM ROSE,0.42
85015,SET OF 12  VINTAGE POSTCARD SET,2.55
22134,LADLE LOVE HEART RED,0.42
22949,36 DOILIES DOLLY GIRL,1.45
85036C,ROSE 1 WICK MORRIS BOXED CANDLE,4.25
85170D,SET/6 PINK BIRD T-LIGHT CANDLES,2.1
21640,ASSORTED TUTTI FRUTTI  FOB NOTEBOOK,0.85
21202,DOLLY HONEYCOMB GARLAND,1.65
35971,ROSE FOLKART HEART DECORATIONS,1.25
21822,GLITTER CHRISTMAS TREE WITH BELLS,1.95
84531A,PINK KNITTED EGG COSY,1.95
84531B,BLUE KNITTED EGG COSY,1.95
21910,WAY OUT METAL SIGN,1.65
22690,DOORMAT HOME SWEET HOME BLUE,7.95
84881,BLUE WIRE SPIRAL CANDLE HOLDER,6.35
21613,S/12 VANILLA  BOTANICAL T-LIGHTS,2.95
21693,SMALL HAMMERED SILVER CANDLEPOT,2.95
84809A,WHITE CHRYSANTHEMUMS ART FLOWER,2.1
79190D,RETRO PLASTIC DAISY TRAY,0.42
84950,ASSORTED COLOUR T-LIGHT HOLDER,0.65
22157,ANGEL DECORATION WITH LACE PADDED,0.85
84795B,SUNSET CHECK HAMMOCK,7.95
79191B,RETRO PLASTIC POLKA TRAY,0.85
22831,WHITE BROCANTE SOAP DISH,2.95
20770,ABSTRACT CIRCLE JOURNAL,2.55
20771,CHRYSANTHEMUM  JOURNAL,2.55
37327,ASSTD MULTICOLOUR CIRCLES MUG,1.69
22283,6 EGG HOUSE PAINTED WOOD,7.95
85027L,FRENCH CHATEAU LARGE PLATTER,7.95
M,MANUAL,1.0
85017C,ENVELOPE 50 CURIOUS IMAGES,0.85
16010,FOLDING CAMPING SCISSOR W/KNIF & S,0.12
35001W,HAND OPEN SHAPE DECO.WHITE,3.49
51008,AFGHAN SLIPPER SOCK PAIR,3.45
22811,SET OF 6 T-LIGHTS CACTI,2.95
21713,CITRONELLA CANDLE FLOWERPOT,2.1
20802,SMALL GLASS SUNDAE DISH CLEAR,1.65
22052,VINTAGE CARAVAN GIFT WRAP,0.42
20781,GOLD EAR MUFF HEADPHONES,5.49
22389,PAPERWEIGHT SAVE THE PLANET,2.55
72807A,SET/3 ROSE CANDLE IN JEWELLED BOX,4.25
82484,WOOD BLACK BOARD ANT WHITE FINISH,5.55
21531,RED RETROSPOT SUGAR JAM BOWL,2.1
22073,RED RETROSPOT STORAGE JAR,3.39
21527,RED RETROSPOT TRADITIONAL TEAPOT,6.95
22073,RED RETROSPOT STORAGE JAR,3.75
16258A,SWIRLY CIRCULAR RUBBERS IN BAG,0.84
20665,RED RETROSPOT PURSE,5.91
20713,JUMBO BAG OWLS,4.21
20716,PARTY FOOD SHOPPER BAG,2.51
20751,FUNKY WASHING UP GLOVES ASSORTED,4.21
20847,ZINC HEART LATTICE CHARGER LARGE,7.62
20936,FORKED CACTUS CANDLE,5.91
20985,HEART CALCULATOR,2.51
21014,SWISS CHALET TREE DECORATION,1.28
21026,SPACE OWL,2.51
21039,RED RETROSPOT SHOPPING BAG,5.91
21137,BLACK RECORD COVER FRAME,7.62
21187,WHITE BELL HONEYCOMB PAPER GARLAND,3.36
21291,SMALL POLKADOT CHOCOLATE GIFT BAG,1.66
21319,GLASS CHALICE GREEN  SMALL,3.36
21326,AGED GLASS SILVER T-LIGHT HOLDER,1.66
21355,TOAST ITS - I LOVE YOU,2.51
21397,BLUE POLKADOT EGG CUP,3.36
21506,"FANCY FONT BIRTHDAY CARD,",0.85
21626,VINTAGE UNION JACK PENNANT,4.21
21650,ASSORTED TUTTI FRUTTI BRACELET,1.66
21669,BLUE STRIPE CERAMIC DRAWER KNOB,2.51
21677,HEARTS  STICKERS,1.66
21678,PAISLEY PATTERN  STICKERS,1.66
21688,SILVER PLATE CANDLE BOWL SMALL,5.91
21726,MULTI HEARTS  STICKERS,1.66
21738,COSY SLIPPER SHOES SMALL  RED,5.91
21824,PAINTED METAL STAR WITH HOLLY BELLS,2.98
21882,SKULLS TAPE,1.66
21900,"KEY FOB , SHED",1.66
21916,SET 12 RETRO WHITE CHALK STICKS,0.85
21937,STRAWBERRY   PICNIC BAG,5.91
21967,PACK OF 12 SKULL TISSUES,0.85
21983,PACK OF 12 BLUE PAISLEY TISSUES,0.85
22079,RIBBON REEL HEARTS DESIGN,3.36
22096,PINK PAISLEY SQUARE TISSUE BOX,2.51
22106,MIRROR MOSAIC HURRICANE LAMP,5.06
22108,PING! MICROWAVE PLATE,3.36
22113,GREY HEART HOT WATER BOTTLE,7.62
22116,METAL SIGN HIS DINNER IS SERVED,5.91
22150,3 STRIPEY MICE FELTCRAFT,4.21
22151,PLACE SETTING WHITE HEART,1.66
22242,5 HOOK HANGER MAGIC TOADSTOOL,3.36
22285,"DECORATION HEN ON NEST, HANGING",3.36
22321,BIRD DECORATION RED RETROSPOT,1.66
22328,ROUND SNACK BOXES SET OF 4 FRUITS,5.91
22329,ROUND CONTAINER SET OF 5 RETROSPOT,3.36
22337,ANGEL DECORATION PAINTED ZINC,1.28
22344,PARTY PIZZA DISH PINK POLKADOT,1.66
22398,MAGNETS PACK OF 4 SWALLOWS,2.51
22403,MAGNETS PACK OF 4 VINTAGE LABELS,2.51
22416,SET OF 36 DOILIES SPACEBOY DESIGN,2.98
22417,PACK OF 60 SPACEBOY CAKE CASES,1.28
22464,HANGING METAL HEART LANTERN,3.36
22465,HANGING METAL STAR LANTERN,3.36
22556,PLASTERS IN TIN CIRCUS PARADE,3.36
22563,HAPPY STENCIL CRAFT,2.51
22572,ROCKING HORSE GREEN CHRISTMAS,1.66
22592,CARDHOLDER HOLLY WREATH METAL,7.62
22613,PACK OF 20 SPACEBOY NAPKINS,1.66
22633,HAND WARMER UNION JACK,4.21
22652,TRAVEL SEWING KIT,3.36
22670,FRENCH WC SIGN BLUE METAL,2.51
22684,FRENCH BLUE METAL DOOR SIGN 9,2.51
22725,ALARM CLOCK BAKELIKE CHOCOLATE,7.62
22732,3D VINTAGE CHRISTMAS STICKERS,2.51
22750,FELTCRAFT PRINCESS LOLA DOLL,7.62
22893,MINI CAKE STAND T-LIGHT HOLDER,0.85
22955,36 FOIL STAR CAKE CASES,4.21
22983,CARD BILLBOARD FONT,0.85
35648,VINTAGE BEAD PINK PURSE,5.91
35653,VINTAGE BEAD NOTEBOOK,5.91
37447,CERAMIC CAKE DESIGN SPOTTED PLATE,3.36
46776C,WOVEN FROST CUSHION COVER,4.21
46776E,WOVEN CANDY CUSHION COVER,4.21
62094B,TURQ ICE CREAM BUM BAG,5.06
79066K,RETRO MOD TRAY,1.66
82567,"AIRLINE LOUNGE,METAL SIGN",4.21
82616B,FRAPPUCINO SCARF KNITTING KIT,2.51
84006,MAGIC TREE -PAPER FLOWERS,1.66
84228,HEN HOUSE W CHICK STANDING,0.84
84341B,SMALL PINK MAGIC CHRISTMAS TREE,1.66
84789,ENCHANTED BIRD PLANT CAGE,7.62
84836,ZINC METAL HEART DECORATION,2.51
84849B,FAIRY SOAP SOAP HOLDER,3.36
85025C,PINK HEART SHAPE PHOTO FRAME,3.36
85093,CANDY SPOT EGG WARMER HARE,2.51
85096,HILDA CANDY SPOT RABBIT,7.62
85099C,JUMBO  BAG BAROQUE BLACK WHITE,4.21
85185B,PINK HORSE SOCK PUPPET,5.91
85202,HANGING WOOD AND FELT HEART,0.84
85204,HANGING WOOD AND FELT FLOWER,0.84
90001D,ANTIQUE OLIVE GREEN FLOWER EARRINGS,4.24
90013C,GREEN VINTAGE EARRINGS,4.24
90059B,DIAMANTE HAIR GRIP PACK/2 BLACK DIA,1.69
90085,CRYSTAL STILETTO PHONE CHARM,1.66
90086,CRYSTAL FROG PHONE CHARM,1.66
90132,LIGHT TOPAZ TEAL/AQUA COL NECKLACE,5.09
90140,PINK SWEETIE NECKLACE,7.64
90141B,IVORY PENDANT TRIPLE SHELL NECKLACE,5.09
90143,SILVER BRACELET W PASTEL FLOWER,8.07
90158,ST TROPEZ NECKLACE,5.09
90183A,AMBER DROP EARRINGS W LONG BEADS,2.96
90183B,AMETHYST DROP EARRINGS W LONG BEADS,2.96
90199A,5 STRAND GLASS NECKLACE BLACK,6.37
90201B,BLACK ENAMEL FLOWER RING,2.96
90212B,JET BLACK LAS VEGAS BRACELET ROUND,3.81
90214V,"LETTER ""V"" BLING KEY RING",0.85
84712B,PINK JEWELLED PHOTO FRAME,7.95
22279,POCKET BAG BLUE PAISLEY RED SPOT,1.25
22280,POCKET BAG PINK PAISELY BROWN SPOT,1.25
20967,GREY FLORAL FELTCRAFT SHOULDER BAG,7.62
22377,BOTTLE BAG RETROSPOT,4.21
22431,WATERING CAN BLUE ELEPHANT,4.21
22433,WATERING CAN GREEN DINOSAUR,4.21
22447,PIN CUSHION BABUSHKA BLUE,6.77
22450,SILK PURSE BABUSHKA BLUE,6.77
22454,MEASURING TAPE BABUSHKA RED,5.91
22488,NATURAL SLATE RECTANGLE CHALKBOARD,3.36
22495,SET OF 2 ROUND TINS CAMEMBERT,5.91
22521,CHILDS GARDEN TROWEL PINK,1.66
22523,CHILDS GARDEN FORK PINK,1.66
22579,WOODEN TREE CHRISTMAS SCANDINAVIAN,1.66
22650,CERAMIC PIRATE CHEST MONEY BANK,3.36
22653,BUTTON BOX,4.21
22672,FRENCH BATHROOM SIGN BLUE METAL,3.36
22676,FRENCH BLUE METAL DOOR SIGN 1,2.51
22677,FRENCH BLUE METAL DOOR SIGN 2,2.51
22682,FRENCH BLUE METAL DOOR SIGN 7,2.51
22715,CARD WEDDING DAY,0.85
22733,3D TRADITIONAL CHRISTMAS STICKERS,2.51
22905,CALENDAR IN SEASON DESIGN,5.91
20986,BLUE CALCULATOR RULER,2.51
21027,NINJA RABBIT PINK,2.51
21031,SPACE CADET BLACK,2.51
21143,ANTIQUE GLASS HEART DECORATION,4.21
21172,PARTY METAL SIGN,4.21
21253,SET OF PICTURE FRAME  STICKERS,5.91
21265,PINK GOOSE FEATHER TREE 60CM,5.91
21333,CLASSIC WHITE FRAME,5.91
21358,TOAST ITS - HAPPY BIRTHDAY,2.51
21389,IVORY HANGING DECORATION  BIRD,1.66
21391,FRENCH LAVENDER SCENT HEART,4.21
21403,BLUE EGG  SPOON,0.85
21452,TOADSTOOL MONEY BOX,5.91
21508,VINTAGE KID DOLLY CARD,0.85
21581,SKULLS  DESIGN  COTTON TOTE BAG,5.06
21618,4 WILDFLOWER BOTANICAL CANDLES,7.62
21642,ASSORTED TUTTI FRUTTI PEN,1.66
21673,WHITE SPOT BLUE CERAMIC DRAWER KNOB,2.51
21693,SMALL HAMMERED SILVER CANDLEPOT,5.91
21696,SMALL SILVER TRELLIS CANDLEPOT,5.91
21719,LOVELY BONBON STICKER SHEET,1.66
21723,ALPHABET HEARTS STICKER SHEET,1.66
21724,PANDA AND BUNNIES STICKER SHEET,1.66
21847,GREEN  DIAMANTE PEN IN GIFT BOX,4.21
21873,IF YOU CAN'T STAND THE HEAT MUG,3.36
21878,PACK OF 6 SANDCASTLE FLAGS ASSORTED,1.66
21933,PINK VINTAGE PAISLEY PICNIC BAG,5.91
21943,CAKES AND RABBITS DESIGN FLANNEL,1.66
21947,SET OF 6 HEART CHOPSTICKS,2.51
21980,PACK OF 12 RED RETROSPOT TISSUES,0.85
22027,TEA PARTY BIRTHDAY CARD,0.85
22093,MOTORING TISSUE BOX,2.51
22098,BOUDOIR SQUARE TISSUE BOX,2.51
22104,MIRROR MOSAIC CANDLE PLATE,1.66
22209,WOOD STAMP SET HAPPY BIRTHDAY,3.36
22210,WOOD STAMP SET BEST WISHES,3.36
22284,HEN HOUSE DECORATION,3.36
22322,BIRD DECORATION GREEN POLKADOT,1.66
22339,CHRISTMAS TREE PAINTED ZINC,1.28
22340,NOEL GARLAND PAINTED ZINC,3.36
22965,3 TRADITIONAL BISCUIT CUTTERS  SET,4.21
35833G,4 GOLD FLOCK CHRISTMAS BALLS,3.36
35916A,YELLOW FELT HANGING HEART W FLOWER,1.66
46776A,WOVEN BUBBLE GUM CUSHION COVER,4.21
47369A,PINK GREEN EMBROIDERY COSMETIC BAG,5.91
72351B,SET/6 PINK  BUTTERFLY T-LIGHTS,4.21
72598,SET/12 TAPER CANDLES,1.66
72800E,4 IVORY DINNER CANDLES SILVER FLOCK,3.36
84459A,PINK METAL CHICKEN HEART,3.36
84509B,SET OF 4 FAIRY CAKE PLACEMATS,7.62
84978,HANGING HEART JAR T-LIGHT HOLDER,2.51
84997D,PINK 3 PIECE POLKADOT CUTLERY SET,7.62
85039B,S/4 IVORY MINI ROSE CANDLE IN BOWL,1.66
85039C,S/4 BLACK MINI ROSE CANDLE IN BOWL,1.66
85061W,WHITE JEWELLED HEART DECORATION,1.66
85062,PEARL CRYSTAL PUMPKIN T-LIGHT HLDR,2.51
85131A,BEADED PEARL HEART WHITE ON STICK,0.85
85131C,BEADED CRYSTAL HEART BLUE ON STICK,0.85
85231G,ORANGE SCENTED SET/9 T-LIGHTS,1.66
90039C,FIRE POLISHED GLASS BRACELET BLACK,3.81
90081C,LILY BROOCH OLIVE COLOUR,5.09
90096,NECKLACE+BRACELET SET BLUE BLOSSOM,2.51
90101,WHITE FRANGIPANI NECKLACE,2.54
90130B,TURQ STONE/CRYSTAL EARRINGS,2.96
90130C,GREEN STONE/CRYSTAL EARRINGS,2.96
90200D,PINK SWEETHEART BRACELET,4.24
90200E,GREEN SWEETHEART BRACELET,4.24
10125,MINI FUNKY DESIGN TAPES,1.66
15044C,PURPLE PAPER PARASOL,5.91
20728,LUNCH BAG CARS BLUE,4.21
20755,BLUE PAISLEY POCKET BOOK,1.66
20762,GREEN FERN SKETCHBOOK,7.62
20803,SMALL PINK GLASS SUNDAE DISH,3.36
18007,ESSENTIAL BALM 3.5G TIN IN ENVELOPE,0.18
22419,LIPSTICK PEN RED,0.42
21675,BUTTERFLIES STICKERS,0.85
21720,CAKE SHOP  STICKER SHEET,0.85
22952,72 CAKE CASES VINTAGE CHRISTMAS,0.55
79030D,"TUMBLER, BAROQUE",1.65
21291,SMALL POLKADOT CHOCOLATE GIFT BAG,0.85
21289,LARGE STRIPES CHOCOLATE GIFT BAG,1.25
37479B,CUBIC MUG FLOCK BLUE ON BROWN,2.55
37482P,CUBIC MUG PINK POLKADOT,2.55
20903,VINTAGE KEEPSAKE BOX TRAVELOGUE,6.35
20897,VINTAGE NOTEBOOK PARIS DAYS,2.95
71403,"PINK/WHITE ""KEEP CLEAN"" BULLET BIN",2.95
21430,SET/3 RED GINGHAM ROSE STORAGE BOX,3.39
22683,FRENCH BLUE METAL DOOR SIGN 8,1.25
22685,FRENCH BLUE METAL DOOR SIGN 0,1.25
21973,SET OF 36 MUSHROOM PAPER DOILIES,1.45
48188,DOORMAT WELCOME PUPPIES,7.95
22691,DOORMAT WELCOME SUNRISE,7.95
47594A,CAROUSEL DESIGN WASHBAG,1.95
21162,TOXIC AREA  DOOR HANGER,1.45
84926D,LA PALMIERA TILE COASTER,1.25
22233,JIGSAW RABBIT AND BIRDHOUSE,1.65
72801G,4 BURGUNDY WINE DINNER CANDLES,1.25
16169N,WRAP BLUE RUSSIAN FOLKART,0.42
20769,DAISY JOURNAL,2.55
35597A,DUSTY PINK CHRISTMAS TREE 30CM,1.25
47480,HANGING PHOTO CLIP ROPE LADDER,1.65
84522,PINK PARTY SUNGLASSES,1.95
20731,POSY CANDY BAG,1.25
35597B,BLACKCHRISTMAS TREE 30CM,1.25
21253,SET OF PICTURE FRAME  STICKERS,2.95
21366,MIRRORED WALL ART PHOTO FRAMES,4.25
21219,SET/4 BADGES BALLOON GIRL,1.25
84596B,SMALL DOLLY MIX DESIGN ORANGE BOWL,1.25
21226,POCKET MIRROR WOODLAND,1.25
21725,SWEETIES  STICKERS,0.85
79030G,"TUMBLER, NEW ENGLAND",1.65
79160,HEART SHAPE WIRELESS DOORBELL,2.1
22203,MILK PAN RED RETROSPOT,3.75
22329,ROUND CONTAINER SET OF 5 RETROSPOT,1.65
72351B,SET/6 PINK  BUTTERFLY T-LIGHTS,2.1
21648,ASSORTED TUTTI FRUTTI SMALL PURSE,1.25
72131,COLUMBIAN CANDLE RECTANGLE,1.95
21089,SET/6 GREEN SPRING PAPER CUPS,0.65
21647,ASSORTED TUTTI FRUTTI LARGE PURSE,2.1
72122,COFFEE SCENT PILLAR CANDLE,0.95
84912A,PINK ROSE WASHBAG,3.75
85036A,GARDENIA 1 WICK MORRIS BOXED CANDLE,4.25
21692,SILVER LATTICE VANILLA CANDLE POT,3.75
21618,4 WILDFLOWER BOTANICAL CANDLES,3.75
84569A,PACK 3 IRON ON DOG PATCHES,1.25
20775,DAISY NOTEBOOK,1.65
90179C,BLACK FINE BEAD NECKLACE W TASSEL,5.95
90060D,FIRE POLISHED GLASS NECKL BRONZE,5.95
85020,ROUND PINK HEART MIRROR,2.1
22059,CERAMIC STRAWBERRY DESIGN MUG,1.49
20861,GOLD COSMETIC BAG PINK STAR,2.1
21827,EIGHT PIECE CREEPY CRAWLIE SET,1.25
79051A,SMOKEY GREY COLOUR D.O.F. GLASS,0.65
85169A,IVORY LOVE BIRD CANDLE,1.25
22570,FELTCRAFT CUSHION RABBIT,3.39
22569,FELTCRAFT CUSHION BUTTERFLY,3.39
M,MANUAL,0.19
17007B,S/3 POT POURI CUSHIONS BLUE COLOURS,2.1
22700,BLACK AND WHITE DOG BOWL,2.95
10124A,SPOTS ON RED BOOKCOVER TAPE,0.42
21644,ASSORTED TUTTI FRUTTI HEART BOX,1.25
46000P,POLYESTER FILLER PAD 65CMX65CM,4.25
21638,ASSORTED TUTTI FRUTTI NOTEBOOK,2.1
22681,FRENCH BLUE METAL DOOR SIGN 6,1.25
21746,SMALL RED RETROSPOT WINDMILL,1.25
84916,HAND TOWEL PALE BLUE W FLOWERS,5.95
40005B,BLUE ORGANDY ROUND LAMPSHADE W BEA,0.85
18094C,WHITE AND BLUE CERAMIC OIL BURNER,1.25
22666,RECIPE BOX PANTRY YELLOW DESIGN,2.55
22114,HOT WATER BOTTLE TEA AND SYMPATHY,3.45
22112,CHOCOLATE HOT WATER BOTTLE,4.25
21479,WHITE SKULL HOT WATER BOTTLE,3.39
22085,PAPER CHAIN KIT SKULLS,2.95
47586A,PINK FAIRY CAKE CUSHION COVER,2.55
85183B,CHARLIE & LOLA WASTEPAPER BIN FLORA,3.75
46115B,GREEN POP ART MAO CUSHION COVER,0.19
84975,HEART SHAPED MIRROR,1.69
21336,GOLD WASHBAG,2.95
15044C,PURPLE PAPER PARASOL,2.95
22673,FRENCH GARDEN SIGN BLUE METAL,1.25
21262,WHITE GOOSE FEATHER CHRISTMAS TREE,2.95
22050,PINK PAISLEY ROSE GIFT WRAP,0.42
21680,WOODLAND  STICKERS,0.85
20819,SILVER TEDDY BEAR,3.75
35598D,PINK/WHITE CHRISTMAS TREE 60CM,1.25
84925F,PSYCHEDELIC WALL THERMOMETER,2.55
21812,GARLAND WITH HEARTS AND BELLS,4.95
22535,MAGIC DRAWING SLATE BUNNIES,0.42
21547,CERAMIC BIRDHOUSE CRESTED TIT SMALL,2.95
17021,NAMASTE SWAGAT INCENSE,0.3
16169K,WRAP FOLK ART,0.42
20832,RED FLOCK LOVE HEART PHOTO FRAME,1.66
21001,ROSE DU SUD WASHBAG,4.21
21028,NINJA RABBIT BLACK,2.51
21124,SET/10 BLUE POLKADOT PARTY CANDLES,2.51
21162,TOXIC AREA  DOOR HANGER,3.36
21163,DO NOT TOUCH MY STUFF DOOR HANGER,3.36
21171,BATHROOM METAL SIGN,3.36
21204,DAISIES  HONEYCOMB GARLAND,3.36
21222,SET/4 BADGES BEETLES,2.51
21239,PINK  POLKADOT CUP,1.66
21251,DINOSAUR HEIGHT CHART STICKER SET,5.91
21367,MIRRORED WALL ART GENTS,5.06
21377,SMALL CAMPHOR WOOD FIELD  MUSHROOM,3.36
21379,CAMPHOR WOOD PORTOBELLO MUSHROOM,2.51
21401,BLUE PUDDING SPOON,0.85
21448,12 DAISY PEGS IN WOOD BOX,3.36
21470,FLOWER VINE RAFFIA FOOD COVER,7.62
21683,MEDIUM MEDINA STAMPED METAL BOWL,5.91
21715,GIRLS VINTAGE TIN SEASIDE BUCKET,5.06
21744,SNOWFLAKE PORTABLE TABLE LIGHT,5.91
21901,"KEY FOB , BACK DOOR",1.66
21907,I'M ON HOLIDAY METAL SIGN,4.21
21932,SCANDINAVIAN PAISLEY PICNIC BAG,5.91
22029,SPACEBOY BIRTHDAY CARD,0.85
22101,MIRROR MOSAIC VOTIVE HOLDER,2.51
22217,T-LIGHT HOLDER HANGING LACE,2.51
22295,HEART FILIGREE DOVE LARGE,3.36
22327,ROUND SNACK BOXES SET OF 4 SKULLS,5.91
22333,RETROSPOT PARTY BAG + STICKER SET,3.36
22441,GROW YOUR OWN BASIL IN ENAMEL MUG,4.21
22445,PENCIL CASE LIFE IS BEAUTIFUL,5.91
22525,CHILDRENS GARDEN GLOVES PINK,2.51
22585,PACK OF 6 BIRDY GIFT TAGS,2.51
22597,CHRISTMAS MUSICAL ZINC HEART,1.66
22610,PENS ASSORTED FUNNY FACE,1.66
22674,FRENCH TOILET SIGN BLUE METAL,2.51
22718,CARD CAT AND TREE,0.85
22771,CLEAR DRAWER KNOB ACRYLIC EDWARDIAN,2.51
22817,CARD SUKI BIRTHDAY,0.85
22859,EASTER TIN BUNNY BOUQUET,3.36
35914,PINK CHICK EGG WARMER + EGG CUP,4.21
37444A,YELLOW BREAKFAST CUP AND SAUCER,5.91
37462E,"PET MUG, GOLDFISH",0.84
47021G,SET/6 BEAD COASTERS GAUZE BAG GOLD,5.06
47367B,PAIR PADDED HANGERS PINK CHECK,3.36
47471,RAINBOW PEGS PHOTO CLIP STRING,1.49
47481,50CM METAL STRING WITH  7 CLIPS,2.13
47503H,ASS FLORAL PRINT SPIRIT LEVEL,4.21
72051S,BAG OF SILVER STONES,0.84
72818,CHRISTMAS DECOUPAGE CANDLE,1.66
84406B,CREAM CUPID HEARTS COAT HANGER,6.77
84422,PINK/BLUE DISC/MIRROR STRING,1.66
84429A,MEDIUM PINK BUDDHA HEAD,5.91
84509C,SET OF 4 POLKADOT PLACEMATS,7.62
84510C,SET OF 4 POLKADOT COASTERS,2.51
84519A,TOMATO CHARLIE+LOLA COASTER SET,5.91
84568,GIRLS ALPHABET IRON ON PATCHES,0.43
84569A,PACK 3 IRON ON DOG PATCHES,2.51
84569D,PACK 6 HEART/ICE-CREAM PATCHES,2.51
84596F,SMALL MARSHMALLOWS PINK BOWL,2.51
84916,HAND TOWEL PALE BLUE W FLOWERS,4.21
84917,WHITE HAND TOWEL WITH BUTTERFLY,4.21
84997A,GREEN 3 PIECE POLKADOT CUTLERY SET,7.62
84997B,RED 3 PIECE RETROSPOT CUTLERY SET,7.62
85020,ROUND PINK HEART MIRROR,4.21
85049C,ROMANTIC PINKS RIBBONS,2.51
85078,SCANDINAVIAN 3 HEARTS NAPKIN RING,5.91
85094,CANDY SPOT EGG WARMER RABBIT,2.51
90013A,MIDNIGHT BLUE VINTAGE EARRINGS,3.81
90059A,DIAMANTE HAIR GRIP PACK/2 CRYSTAL,1.69
90059E,DIAMANTE HAIR GRIP PACK/2 RUBY,1.69
90073,VINTAGE ENAMEL & CRYSTAL EARRINGS,5.09
90104,PURPLE FRANGIPANI HAIRCLIP,0.83
90129C,GREEN GLASS TASSLE BAG CHARM,1.66
90129D,AMBER GLASS TASSLE BAG CHARM,1.66
90129E,PURPLE GLASS TASSLE BAG CHARM,1.66
90160C,TURQ+RED BOUDICCA LARGE BRACELET,7.22
90161D,ANT COPPER PINK BOUDICCA BRACELET,5.09
90177D,DROP DIAMANTE EARRINGS PURPLE,2.96
90185A,AMBER DIAMANTE EXPANDABLE RING,4.24
90208,PAIR OF PINK FLOWER CLUSTER SLIDE,2.54
15044B,BLUE PAPER PARASOL,5.91
15044D,RED PAPER PARASOL,5.91
18007,ESSENTIAL BALM 3.5G TIN IN ENVELOPE,0.43
20652,BLUE POLKADOT LUGGAGE TAG,2.51
M,MANUAL,5.95
21617,4 LILY  BOTANICAL DINNER CANDLES,3.75
21001,ROSE DU SUD WASHBAG,5.95
21000,ROSE DU SUD COSMETICS BAG,4.25
22693,GROW A FLYTRAP OR SUNFLOWER IN TIN,1.25
20782,CAMOUFLAGE EAR MUFF HEADPHONES,5.49
21397,BLUE POLKADOT EGG CUP,1.25
35646,VINTAGE BEAD PINK EVENING BAG,4.25
47574A,ENGLISH ROSE SCENTED HANGING FLOWER,4.25
71279,PINK GLASS CANDLEHOLDER,2.95
72819,CUPID DESIGN SCENTED CANDLES,2.55
84665,SQUARE CHERRY BLOSSOM CABINET,5.95
21756,BATH BUILDING BLOCK WORD,6.6
20750,RED RETROSPOT MINI CASES,6.35
21428,SET3 BOOK BOX GREEN GINGHAM FLOWER,3.75
20857,BLUE ROSE PATCH PURSE PINK BUTTERFL,1.65
22908,PACK OF 20 NAPKINS RED APPLES,0.85
22795,SWEETHEART RECIPE BOOK STAND,5.95
21259,VICTORIAN SEWING BOX SMALL,4.95
22498,WOODEN REGATTA BUNTING,5.95
22199,FRYING PAN RED RETROSPOT,3.75
84725,FREESTYLE CANVAS ART PICTURE,4.25
37479P,CUBIC MUG FLOCK PINK ON BROWN,2.55
21534,DAIRY MAID LARGE MILK JUG,4.95
22515,CHILDS GARDEN SPADE PINK,2.1
22518,CHILDS GARDEN BRUSH BLUE,2.1
22101,MIRROR MOSAIC VOTIVE HOLDER,2.1
48187,DOORMAT NEW ENGLAND,6.75
22545,MINI JIGSAW BUNNIES,0.36
22544,MINI JIGSAW SPACEBOY,0.36
22536,MAGIC DRAWING SLATE PURDEY,0.36
22529,MAGIC DRAWING SLATE GO TO THE FAIR,0.36
21012,ANTIQUE ALL GLASS CANDLESTICK,2.1
84912B,GREEN ROSE WASHBAG,3.75
84388,WISE MAN STAR SHAPE EGG PAN,1.65
17084J,LOVE POTION MASALA INCENSE,0.21
22613,PACK OF 20 SPACEBOY NAPKINS,0.85
72800E,4 IVORY DINNER CANDLES SILVER FLOCK,2.1
22211,WOOD STAMP SET FLOWERS,1.65
22903,CALENDAR FAMILY FAVOURITES,2.95
22026,BANQUET BIRTHDAY  CARD,0.42
20839,FRENCH PAISLEY CUSHION COVER,2.95
22139,RETROSPOT TEA SET CERAMIC 11 PC,4.95
37340,MULTICOLOUR SPRING FLOWER MUG,0.85
22276,WASH BAG VINTAGE ROSE PAISLEY,2.55
21171,BATHROOM METAL SIGN,1.45
85232D,SET/3 DECOUPAGE STACKING TINS,4.95
20780,BLACK EAR MUFF HEADPHONES,4.65
21773,DECORATIVE ROSE BATHROOM BOTTLE,1.25
15039,SANDALWOOD FAN,1.66
16052,TEATIME PUSH DOWN RUBBER,0.84
16219,HOUSE SHAPE PENCIL SHARPENER,1.7
18097C,WHITE TALL PORCELAIN T-LIGHT HOLDER,5.06
20674,GREEN POLKADOT BOWL,2.51
20675,BLUE POLKADOT BOWL,2.51
20677,PINK POLKADOT BOWL,2.51
20763,DAISY SKETCHBOOK,7.62
20801,LARGE PINK GLASS SUNDAE DISH,5.06
20829,GLITTER HANGING BUTTERFLY STRING,4.21
20866,BLUE ROSE FABRIC MIRROR,2.51
21161,KEEP OUT BOYS DOOR HANGER,3.36
21167,WHITE SAGE INCENSE,0.43
21316,SMALL CHUNKY GLASS ROMAN  BOWL,5.91
21380,WOODEN HAPPY BIRTHDAY GARLAND,5.91
21413,PERIWINKLE T-LIGHT HOLDER,2.51
21415,CLAM SHELL SMALL,4.21
21441,BLUE BIRDHOUSE DECORATION,1.66
21509,COWBOYS AND INDIANS BIRTHDAY CARD,0.85
21666,RIDGED GLASS T-LIGHT HOLDER,1.66
21741,COSY SLIPPER SHOES LARGE GREEN,5.91
21849,SILVER DIAMANTE PEN IN GIFT BOX,4.21
21850,BLUE  DIAMANTE PEN IN GIFT BOX,4.21
21877,HOME SWEET HOME MUG,3.36
22088,PAPER BUNTING COLOURED LACE,5.91
22123,PING MICROWAVE APRON,5.06
22293,HANGING CHICK GREEN DECORATION,2.98
22532,MAGIC DRAWING SLATE LEAP FROG,0.85
22535,MAGIC DRAWING SLATE BUNNIES,0.85
22543,MINI JIGSAW BAKE A CAKE,0.85
22608,PENS ASSORTED FUNKY JEWELED,1.66
22615,PACK OF 12 CIRCUS PARADE TISSUES,0.85
22621,TRADITIONAL KNITTING NANCY,3.36
22683,FRENCH BLUE METAL DOOR SIGN 8,2.51
22685,FRENCH BLUE METAL DOOR SIGN 0,2.51
22686,FRENCH BLUE METAL DOOR SIGN NO,2.51
22712,CARD DOLLY GIRL,0.83
22773,GREEN DRAWER KNOB ACRYLIC EDWARDIAN,2.51
22789,T-LIGHT HOLDER SWEETHEART HANGING,4.21
22815,CARD PSYCHEDELIC APPLES,0.85
22880,NUMBER TILE VINTAGE FONT 1,4.21
22883,NUMBER TILE VINTAGE FONT 4,4.21
22889,NUMBER TILE VINTAGE FONT NO,4.21
35809A,ENAMEL PINK TEA CONTAINER,4.21
35833P,4 PINK FLOCK CHRISTMAS BALLS,3.36
72349B,SET/6 PURPLE BUTTERFLY T-LIGHTS,4.21
72819,CUPID DESIGN SCENTED CANDLES,5.06
79144B,PAINTED LIGHTBULB STAR+ MOON,0.84
79144C,PAINTED LIGHTBULB RAINBOW DESIGN,0.84
84596B,SMALL DOLLY MIX DESIGN ORANGE BOWL,2.51
84596E,SMALL LICORICE DES PINK BOWL,2.51
84596G,SMALL CHOCOLATES PINK BOWL,1.66
84596L,BISCUITS SMALL BOWL LIGHT BLUE,2.51
84625C,BLUE NEW BAROQUE CANDLESTICK CANDLE,5.91
84744,S/6 SEW ON CROCHET FLOWERS,2.51
85129C,BEADED CRYSTAL HEART BLUE SMALL,2.51
85130B,BEADED CRYSTAL HEART GREEN LARGE,3.36
85170C,SET/6 EAU DE NIL BIRD T-LIGHTS,4.21
90000B,MIDNIGHT BLUE COPPER FLOWER NECKLAC,6.37
90003B,ROSE COLOUR PAIR HEART HAIR SLIDES,3.81
90005A,JADE GREEN ENAMEL HAIR COMB,2.11
90019C,SILVER BLACK ORBIT BRACELET,5.51
90087,CRYSTAL SEA HORSE PHONE CHARM,1.66
90168,2 DAISIES HAIR COMB,2.96
90169,DAISY HAIR COMB,2.54
90185C,BLACK DIAMANTE EXPANDABLE RING,4.24
90187B,GREEN DROP EARRINGS W BEAD CLUSTER,3.39
90202C,GREEN ENAMEL FLOWER HAIR TIE,2.96
90210C,RED   ACRYLIC FACETED BANGLE,2.96
21098,CHRISTMAS TOILET ROLL,3.36
21381,MINI WOODEN HAPPY BIRTHDAY GARLAND,4.21
21427,SKULLS STORAGE BOX SMALL,5.06
21452,TOADSTOOL MONEY BOX,6.77
21556,CERAMIC STRAWBERRY MONEY BOX,5.91
21934,SKULL SHOULDER BAG,4.21
21989,PACK OF 20 SKULL PAPER NAPKINS,2.51
22068,BLACK PIRATE TREASURE CHEST,4.21
22079,RIBBON REEL HEARTS DESIGN,4.21
22081,RIBBON REEL FLORA + FAUNA,4.21
22084,PAPER CHAIN KIT EMPIRE,6.77
22090,PAPER BUNTING RETROSPOT,6.77
22377,BOTTLE BAG RETROSPOT,5.06
22491,PACK OF 12 COLOURED PENCILS,2.51
22528,GARDENERS KNEELING PAD,3.36
22551,PLASTERS IN TIN SPACEBOY,4.21
22694,WICKER STAR,5.06
22732,3D VINTAGE CHRISTMAS STICKERS,3.36
22733,3D TRADITIONAL CHRISTMAS STICKERS,3.36
22867,HAND WARMER BIRD DESIGN,5.06
84347,ROTATING SILVER ANGELS T-LIGHT HLDR,5.91
84989a,75 GREEN FAIRY CAKE CASES,2.13
20677,PINK POLKADOT BOWL,3.36
20828,GLITTER BUTTERFLY CLIPS,5.06
21494,ROTATING LEAVES T-LIGHT HOLDER,5.91
21814,HEART T-LIGHT HOLDER,2.98
21889,WOODEN BOX OF DOMINOES,3.36
22181,SNOWSTORM PHOTO FRAME FRIDGE MAGNET,1.66
22516,CHILDS GARDEN RAKE BLUE,4.21
22896,PEG BAG APPLES DESIGN,5.06
22900,SET 2 TEA TOWELS I LOVE LONDON,4.21
21579,LOLITA  DESIGN  COTTON TOTE BAG,5.06
21609,SET 12 LAVENDER  BOTANICAL T-LIGHTS,5.91
21867,PINK UNION JACK  LUGGAGE TAG,2.51
84559b,3D SHEET OF CAT STICKERS,1.69
84660c,PINK STITCHED WALL CLOCK,7.62
85114c,RED ENCHANTED FOREST PLACEMAT,3.36
85173,SET/6 FROG PRINCE T-LIGHT CANDLES,5.06
20978,36 PENCILS TUBE SKULLS,2.51
21967,PACK OF 12 SKULL TISSUES,0.81
21993,FLORAL FOLK STATIONERY SET,5.91
22513,DOORSTOP FOOTBALL DESIGN,7.62
72351a,SET/6 TURQUOISE BUTTERFLY T-LIGHTS,4.21
84510c,SET OF 4 POLKADOT COASTERS,2.51
84596b,SMALL DOLLY MIX DESIGN ORANGE BOWL,2.51
85119,WATERING CAN SINGLE HOOK PISTACHIO,3.36
20996,JAZZ HEARTS ADDRESS BOOK,0.85
21033,JUMBO BAG CHARLIE AND LOLA TOYS,5.49
21918,SET 12 KIDS COLOUR  CHALK STICKS,0.81
21992,VINTAGE PAISLEY STATIONERY SET,5.91
22385,JUMBO BAG SPACEBOY DESIGN,5.06
22614,PACK OF 12 SPACEBOY TISSUES,0.81
22630,DOLLY GIRL LUNCH BOX,2.51
22679,FRENCH BLUE METAL DOOR SIGN 4,2.51
22681,FRENCH BLUE METAL DOOR SIGN 6,2.51
22875,NUMBER TILE COTTAGE GARDEN 7,4.21
84558a,3D DOG PICTURE PLAYING CARDS,5.91
21689,SILVER VANILLA  FLOWER CANDLE POT,3.75
84247E,PACK/12 XMAS FUN CARD,2.95
20762,GREEN FERN SKETCHBOOK,3.75
85170B,SET/6 BLACK BIRD T-LIGHT CANDLES,2.1
84596J,MIXED NUTS LIGHT GREEN BOWL,1.25
85170A,SET/6 IVORY BIRD T-LIGHT CANDLES,2.1
85059,FRENCH ENAMEL WATER BASIN,3.75
84497,BUTTONS AND STRIPES NOTEBOOK,3.75
37501,TEA TIME TEA SET IN GIFT BOX,6.95
22377,BOTTLE BAG RETROSPOT,2.1
85026B,EAU DE NILE JEWELLED T-LIGHT HOLDER,0.85
22256,FELT FARM ANIMAL CHICKEN,2.51
22341,LOVE GARLAND PAINTED ZINC,3.36
22435,SET OF 9 HEART SHAPED BALLOONS,2.51
22512,DOORSTOP RACING CAR DESIGN,7.62
22533,MAGIC DRAWING SLATE BAKE A CAKE,0.85
22599,CHRISTMAS MUSICAL ZINC STAR,1.66
22714,CARD BIRTHDAY COWBOY,0.85
22716,CARD CIRCUS PARADE,0.85
22774,RED DRAWER KNOB ACRYLIC EDWARDIAN,2.51
22873,NUMBER TILE COTTAGE GARDEN 5,4.21
35924,HANGING FAIRY CAKE DECORATION,4.21
37467,PIG MUG IN TWO COLOUR DESIGNS,4.21
40001,WHITE BAMBOO RIBS LAMPSHADE,1.66
82494L,WOODEN FRAME ANTIQUE WHITE,7.62
84251B,"GREETING CARD, STICKY GORDON",0.85
84683,CLASSICAL ROSE CANDLESTAND,2.51
84846A,SCENTED CANDLE IN DIGITALIS TIN,4.21
84927D,LA PALMIERA TILE HOOK,4.21
85040A,S/4 PINK FLOWER CANDLES IN BOWL,3.36
85213,MINI  ZINC GARDEN DECORATIONS,1.66
90001C,ANTIQUE OPAL WHITE FLOWER EARRINGS,4.24
90019A,SILVER M.O.P ORBIT BRACELET,5.51
90023,FILIGREE DIAMANTE EARRINGS,4.24
90027A,GLASS BEAD HOOP EARRINGS BLACK,2.96
90170,DAISY HAIR BAND,1.69
90186B,CRYSTAL HOOP EARRING FLORAL LEAF,2.96
90198A,VINTAGE ROSE BEAD BRACELET RASPBERR,4.24
90211B,JET BLACK LAS VEGAS NECKLACE 45CM,5.94
90214K,"LETTER ""K"" BLING KEY RING",0.85
90214M,"LETTER ""M"" BLING KEY RING",0.85
90214P,"LETTER ""P"" BLING KEY RING",0.85
90214Z,"LETTER ""Z"" BLING KEY RING",0.85
15034,PAPER POCKET TRAVELING FAN,0.85
20663,QUEEN OF THE SKIES HOLIDAY PURSE,2.51
20777,CHRYSANTHEMUM NOTEBOOK,3.36
20794,BLUE  TILE HOOK,5.06
20802,SMALL GLASS SUNDAE DISH CLEAR,3.36
21033,JUMBO BAG CHARLIE AND LOLA TOYS,5.91
21306,SET/4 DAISY MIRROR MAGNETS,3.36
21324,HANGING MEDINA LANTERN SMALL,5.91
21398,RED POLKADOT COFFEE  MUG,4.21
21578,WOODLAND DESIGN  COTTON TOTE BAG,5.06
21680,WOODLAND  STICKERS,1.66
21713,CITRONELLA CANDLE FLOWERPOT,4.21
21714,CITRONELLA CANDLE GARDEN POT,2.51
21746,SMALL RED RETROSPOT WINDMILL,2.51
22176,BLUE OWL SOFT TOY,5.91
22111,SCOTTIE DOG HOT WATER BOTTLE,4.25
82001S,VINYL RECORD FRAME SILVER,3.39
22625,RED KITCHEN SCALES,7.65
22495,SET OF 2 ROUND TINS CAMEMBERT,2.95
85176,SEWING SUSAN 21 NEEDLE SET,0.85
90212B,JET BLACK LAS VEGAS BRACELET ROUND,3.75
90212C,PURPLE LAS VEGAS BRACELET ROUND,3.75
22697,GREEN REGENCY TEACUP AND SAUCER,2.55
22699,ROSES REGENCY TEACUP AND SAUCER,2.55
22207,FRYING PAN UNION FLAG,4.25
22708,WRAP DOLLY GIRL,0.42
22048,BIRTHDAY BANQUET GIFT WRAP,0.42
22057,CERAMIC PLATE STRAWBERRY DESIGN,1.49
37447,CERAMIC CAKE DESIGN SPOTTED PLATE,1.49
22930,BAKING MOULD HEART MILK CHOCOLATE,2.55
22931,BAKING MOULD HEART WHITE CHOCOLATE,2.55
22932,BAKING MOULD TOFFEE CUP CHOCOLATE,2.55
22937,BAKING MOULD CHOCOLATE CUPCAKES,2.55
22710,WRAP I LOVE LONDON,0.42
22051,BLUE SCANDINAVIAN PAISLEY WRAP,0.42
22936,BAKING MOULD ROSE WHITE CHOCOLATE,3.25
22935,BAKING MOULD ROSE MILK CHOCOLATE,3.25
21463,MIRRORED DISCO BALL,4.95
22789,T-LIGHT HOLDER SWEETHEART HANGING,1.95
20716,PARTY FOOD SHOPPER BAG,1.25
47348A,FUSCHIA VOILE POINTY SHOE DEC,1.95
90214C,"LETTER ""C"" BLING KEY RING",1.25
90214B,"LETTER ""B"" BLING KEY RING",1.25
90214K,"LETTER ""K"" BLING KEY RING",1.25
85039C,S/4 BLACK MINI ROSE CANDLE IN BOWL,1.65
20996,JAZZ HEARTS ADDRESS BOOK,0.42
85024C,PINK SMALL JEWELLED PHOTOFRAME,1.65
71038,WHITE HANGING BEADS CANDLE HOLDER,5.45
48173C,DOORMAT BLACK FLOCK,6.75
22688,DOORMAT PEACE ON EARTH BLUE,6.75
84613C,BLUE NEW BAROQUE FLOCK CANDLESTICK,4.65
84828,JUNGLE POPSICLES ICE LOLLY HOLDERS,1.25
84910A,PINK PAISLEY CUSHION COVER,5.95
20763,DAISY SKETCHBOOK,3.75
21201,TROPICAL  HONEYCOMB PAPER GARLAND,2.55
21246,RED RETROSPOT BIG BOWL,4.95
21376,LARGE  TALL CAMPHOR WOOD TOADSTOOL,5.45
21375,LARGE CAMPHOR WOOD FIELD MUSHROOM,5.45
21205,MULTICOLOUR 3D BALLS GARLAND,2.55
20618,QUEEN OF THE SKIES PASSPORT COVER,2.1
21896,POTTING SHED TWINE,2.1
22265,EASTER DECORATION NATURAL CHICK,0.65
47420,ASSORTED COLOUR SUCTION CUP HOOK,0.19
22510,GINGHAM BABUSHKA DOORSTOP,3.75
48116,DOORMAT MULTICOLOUR STRIPE,7.95
72709,IVORY SCULPTED RND CANDLE,0.85
72132,COLUMBIAN CUBE CANDLE,1.95
85118,HEART T-LIGHT HOLDER,1.25
35968,FOLK ART METAL HEART T-LIGHT HOLDER,0.38
22063,CERAMIC BOWL WITH STRAWBERRY DESIGN,2.95
M,MANUAL,2.95
48194,DOORMAT HEARTS,6.75
84415B,BLUE FLOCK CUSHION COVER,3.75
20906,VINTAGE NOTEBOOK BEAUTY GIRL,2.95
90173,PAIR BUTTERFLY HAIR CLIPS,3.75
22513,DOORSTOP FOOTBALL DESIGN,3.75
71496A,A4 WALL TIDY BLUE OFFICE,0.65
71495B,CD WALL TIDY RED FLOWERS,0.42
78124,MAGAZINE RACK GEBRA ASSORTED,2.75
37343,POLKADOT MUG PINK,3.36
71279,PINK GLASS CANDLEHOLDER,5.91
79403,FROSTED WHITE BASE,1.66
84251G,"GREETING CARD, OVERCROWDED POOL.",0.85
84508C,BLUE CIRCLES DESIGN TEDDY,5.06
84993A,75 GREEN PETIT FOUR CASES,0.84
85124C,GREEN JUICY FRUIT PHOTO FRAME,5.06
85129B,BEADED CRYSTAL HEART GREEN SMALL,2.51
90040C,MURANO STYLE GLASS BRACELET GOLD,3.81
90059D,DIAMANTE HAIR GRIP PACK/2 PERIDOT,1.69
90089,PINK CRYSTAL SKULL PHONE CHARM,1.66
90120A,PINK MURANO TWIST BRACELET,4.24
90201D,GREEN ENAMEL FLOWER RING,2.96
17013D,ORIGAMI ROSE INCENSE IN TUBE,3.36
17091J,VANILLA INCENSE IN TIN,2.51
17096,ASSORTED LAQUERED INCENSE HOLDERS,0.43
20766,GARDEN PATH SKETCHBOOK,7.62
20775,DAISY NOTEBOOK,3.36
20998,ROSE DU SUD OVEN GLOVE,3.36
21058,PARTY INVITES WOODLAND,1.66
21078,SET/20 STRAWBERRY PAPER NAPKINS,1.66
21125,SET 6 FOOTBALL CELEBRATION CANDLES,2.51
21126,SET OF 6 GIRLS CELEBRATION CANDLES,2.51
21285,RETROSPOT CANDLE  MEDIUM,4.21
21417,COCKLE SHELL DISH,4.21
21430,SET/3 RED GINGHAM ROSE STORAGE BOX,7.62
21442,GREEN BIRDHOUSE DECORATION,1.66
21668,RED STRIPE CERAMIC DRAWER KNOB,2.51
21717,EASTER TIN BUCKET,5.06
21749,LARGE RED RETROSPOT WINDMILL,4.21
21750,LARGE SKULL WINDMILL,4.21
21785,RAIN PONCHO,1.66
21804,WHITE CHRISTMAS GARLAND STARS TREES,7.62
21819,GLITTER CHRISTMAS STAR,1.66
22025,RING OF ROSES BIRTHDAY CARD,0.85
22035,VINTAGE CARAVAN GREETING CARD,0.85
22097,SWALLOW SQUARE TISSUE BOX,2.51
22164,STRING OF STARS CARD HOLDER,5.91
22264,FELT FARM ANIMAL WHITE BUNNY,1.66
22292,HANGING CHICK  YELLOW DECORATION,2.98
22349,DOG BOWL CHASING BALL DESIGN,7.62
22385,JUMBO BAG SPACEBOY DESIGN,4.21
22480,RED TEA TOWEL CLASSIC DESIGN,2.51
22538,MINI JIGSAW GO TO THE FAIR,0.85
22541,MINI JIGSAW LEAP FROG,0.85
22559,SEASIDE FLYING DISC,2.51
22641,SET OF 4 NAPKIN CHARMS INSTRUMENT,5.06
22647,CERAMIC LOVE HEART MONEY BANK,3.36
22701,PINK DOG BOWL,5.91
22819,"BIRTHDAY CARD, RETRO SPOT",0.85
22166,WALL MIRROR RECTANGLE DIAMANTE PINK,7.95
22163,HEART STRING MEMO HOLDER HANGING,2.95
21215,IVORY PAPER CUP CAKE CASES,0.55
85048,15CM CHRISTMAS GLASS BALL 20 LIGHTS,6.95
20761,BLUE PAISLEY SKETCHBOOK,3.75
85230G,ORANGE VOTIVE CANDLE,0.29
35833P,4 PINK FLOCK CHRISTMAS BALLS,1.25
71215,METAL BASE FOR CANDLES,0.42
20886,BOX OF 9 PEBBLE CANDLES,1.95
20695,FLORAL BLUE MONSTER,4.25
22324,BLUE POLKADOT KIDS BAG,1.95
22820,GIFT BAG BIRTHDAY,0.65
16168M,FUNKY MONKEY GIFT BAG MEDIUM,0.42
84952A,CLEAR LOVE BIRD T-LIGHT HOLDER,3.75
21846,PINK DIAMANTE PEN IN GIFT BOX,4.95
21281,VINTAGE KITCHEN PRINT SEAFOOD,2.55
22591,CARDHOLDER GINGHAM CHRISTMAS TREE,2.55
22171,3 HOOK PHOTO SHELF ANTIQUE WHITE,7.65
21755,LOVE BUILDING BLOCK WORD,5.45
22703,PINK CAT BOWL,2.1
48188,DOORMAT WELCOME PUPPIES,6.75
21684,SMALL MEDINA STAMPED METAL BOWL,0.85
84247L,FAWN AND MUSHROOM GREETING CARD,0.42
22937,BAKING MOULD CHOCOLATE CUP CAKES,2.55
85170C,SET/6 EAU DE NIL BIRD T-LIGHTS,2.1
22516,CHILDS GARDEN RAKE BLUE,2.1
22523,CHILDS GARDEN FORK PINK,0.85
22521,CHILDS GARDEN TROWEL PINK,0.85
22698,PINK REGENCY TEACUP AND SAUCER,2.95
85053,FRENCH ENAMEL CANDLEHOLDER,2.1
84875B,GREEN SQUARE COMPACT MIRROR,3.75
84876D,BLUE HEART COMPACT MIRROR,3.75
90211B,JET BLACK LAS VEGAS NECKLACE 45CM,5.95
84192,ASSORTED COLOUR METAL CAT,1.25
22254,FELT TOADSTOOL LARGE,1.25
21615,4 LAVENDER BOTANICAL DINNER CANDLES,3.75
22933,BAKING MOULD EASTER EGG MILK CHOC,2.95
22689,DOORMAT MERRY CHRISTMAS RED,7.95
85107,CUT GLASS T-LIGHT HOLDER OCTAGON,2.55
21051,RIBBONS PURSE,2.1
21382,SET/4 SPRING FLOWER DECORATION,2.95
44234,ASSORTED CIRCULAR MOBILE,0.21
44235,ASS COL CIRCLE MOBILE,0.42
75131,METAL TUBE CHIME ON BAMBOO,1.69
40003,WHITE BAMBOO RIBS LAMPSHADE,1.25
79190B,RETRO PLASTIC POLKA TRAY,0.42
82001S,VINYL RECORD FRAME SILVER,3.75
90036D,"FLOWER GLASS GARLAND NECKL.36""BLACK",7.95
20707,CRAZY DAISY HEART DECORATION,2.51
20854,BLUE PATCH PURSE PINK HEART,3.36
20897,VINTAGE NOTEBOOK PARIS DAYS,5.91
21094,SET/6 RED SPOTTY PAPER PLATES,1.66
21106,CREAM SLICE FLANNEL CHOCOLATE SPOT,5.91
21264,WHITE GOOSE FEATHER TREE 60CM,5.91
21284,RETROSPOT CANDLE  SMALL,3.36
21556,CERAMIC STRAWBERRY MONEY BOX,5.06
21561,DINOSAUR LUNCH BOX WITH CUTLERY,5.06
21670,BLUE SPOT CERAMIC DRAWER KNOB,2.51
21672,WHITE SPOT RED CERAMIC DRAWER KNOB,2.51
21880,RED RETROSPOT TAPE,1.66
21902,"KEY FOB , FRONT  DOOR",1.66
22026,BANQUET BIRTHDAY  CARD,0.85
22089,PAPER BUNTING VINTAGE PAISLEY,5.91
22152,PLACE SETTING WHITE STAR,1.66
22243,5 HOOK HANGER RED MAGIC TOADSTOOL,3.36
22269,EGG CUP NATURAL CHICKEN,2.51
22315,200 RED + WHITE BENDY STRAWS,2.51
22439,6 ROCKET BALLOONS,1.28
22671,FRENCH LAUNDRY SIGN BLUE METAL,3.36
22700,BLACK AND WHITE DOG BOWL,5.91
22903,CALENDAR FAMILY FAVOURITES,5.91
22907,PACK OF 20 NAPKINS PANTRY DESIGN,1.66
22984,CARD GINGHAM ROSE,0.85
79190A,RETRO PLASTIC 70'S TRAY,0.85
79190B,RETRO PLASTIC POLKA TRAY,0.85
84012,MAGIC SHEEP WOOL GROWING FROM PAPER,5.06
84247G,"DECOUPAGE,GREETING CARD,",0.85
84674,FLYING PIG WATERING CAN,5.91
84678,CLASSICAL ROSE SMALL VASE,5.06
84877D,BLUE ROUND COMPACT MIRROR,3.36
84952A,CLEAR LOVE BIRD T-LIGHT HOLDER,7.62
84952C,MIRROR LOVE BIRD T-LIGHT HOLDER,7.62
90030B,RED KUKUI COCONUT SEED NECKLACE,5.94
90030C,BROWN KUKUI COCONUT SEED NECKLACE,5.94
90039B,FIRE POLISHED GLASS BRACELET MONTAN,3.81
90039D,FIRE POLISHED GLASS BRACELET GREEN,3.81
90093,CLEAR CRYSTAL STAR PHONE CHARM,1.66
90128A,PINK LEAVES AND BEADS PHONE CHARM,2.51
90128B,BLUE LEAVES AND BEADS PHONE CHARM,2.51
90128C,GREEN LEAVES AND BEADS PHONE CHARM,2.51
90128D,PURPLE LEAVES AND BEADS PHONE CHAR,2.51
90161C,ANT COPPER LIME BOUDICCA BRACELET,5.09
90174,BUTTERFLY HAIR BAND,2.54
90188,DROP EARRINGS W FLOWER & LEAF,2.54
90210B,CLEAR ACRYLIC FACETED BANGLE,2.96
90214O,"LETTER ""O"" BLING KEY RING",0.85
16015,MEDIUM CHINESE STYLE SCISSOR,0.5
16008,SMALL FOLDING SCISSOR(POINTED EDGE),0.25
37444B,BLUE BREAKFAST CUP AND SAUCER,2.95
37333,"RETRO ""TEA FOR ONE""",4.95
20778,GARDEN PATH NOTEBOOK,1.65
20758,ABSTRACT CIRCLES POCKET BOOK,0.85
85039B,S/4 IVORY MINI ROSE CANDLE IN BOWL,1.65
85040B,SET/4 BLUE FLOWER CANDLES IN BOWL,1.65
21535,RED RETROSPOT SMALL MILK JUG,2.55
22319,HAIRCLIPS FORTIES FABRIC ASSORTED,0.65
21284,RETROSPOT CANDLE  SMALL,1.69
17084N,FAIRY DREAMS INCENSE,0.21
17084P,DRAGONS BLOOD INCENSE,0.21
21128,GOLD FISHING GNOME,6.95
21132,SILVER STANDING GNOME,4.25
84818,DANISH ROSE PHOTO FRAME,2.55
21879,HEARTS GIFT TAPE,0.65
90192,JADE DROP EARRINGS W FILIGREE,4.95
90033,IVORY SHELL HEART EARRINGS,2.55
85008,SET OF 3 CONEY ISLAND OVAL BOXES,4.95
84913B,MINT GREEN ROSE TOWEL,4.65
84913A,SOFT PINK ROSE TOWEL,4.65
84915,HAND TOWEL PINK FLOWER AND DAISY,5.95
84843,WHITE SOAP RACK WITH 2 BOTTLES,5.95
85032A,ROMANTIC IMAGES GIFT WRAP SET,2.1
85032C,CURIOUS IMAGES GIFT WRAP SET,2.1
35648,VINTAGE BEAD PINK PURSE,2.95
21985,PACK OF 12 HEARTS DESIGN TISSUES,0.81
22663,JUMBO BAG DOLLY GIRL DESIGN,5.06
35809a,ENAMEL PINK TEA CONTAINER,4.21
72817,SET OF 2 CHRISTMAS DECOUPAGE CANDLE,4.21
79066k,RETRO MOD TRAY,1.66
84536b,FAIRY CAKES NOTEBOOK A7 SIZE,0.81
20998,ROSE DU SUD OVEN GLOVE,5.91
21018,BIRD BOX CHRISTMAS TREE DECORATION,2.51
21144,PINK POODLE HANGING DECORATION,3.36
21179,NO JUNK MAIL METAL SIGN,3.36
21836,GINGHAM OVEN GLOVE RED HEART,7.62
84510a,SET OF 4 ENGLISH ROSE COASTERS,2.51
21807,WHITE CHRISTMAS STAR DECORATION,0.85
22885,NUMBER TILE VINTAGE FONT 6,4.21
84660b,BLACK STITCHED WALL CLOCK,7.62
84356,POMPOM CURTAIN,6.95
22734,SET OF 6 RIBBONS VINTAGE CHRISTMAS,2.55
47578A,ENGLISH ROSE SMALL SCENTED FLOWER,0.85
22679,FRENCH BLUE METAL DOOR SIGN 4,1.25
22416,SET OF 36 DOILIES SPACEBOY DESIGN,1.45
21562,HAWAIIAN GRASS SKIRT,1.25
84228,HEN HOUSE W CHICK STANDING,0.42
22856,ASSORTED EASTER DECORATIONS  BELLS,1.25
22934,BAKING MOULD EASTER EGG WHITE CHOC,2.95
16048,TEATIME ROUND PENCIL SHARPENER,0.85
20618,QUEEN OF THE SKIES PASSPORT COVER,4.21
20764,ABSTRACT CIRCLES SKETCHBOOK,7.62
20932,PINK POT PLANT CANDLE,7.62
21467,CHERRY CROCHET FOOD COVER,7.62
21518,BANK ACCOUNT  GREETING  CARD,0.85
21676,FLOWERS  STICKERS,1.66
22166,WALL MIRROR RECTANGLE DIAMANTE PINK,7.62
22263,FELT EGG COSY LADYBIRD,1.66
22279,POCKET BAG BLUE PAISLEY RED SPOT,2.51
22305,COFFEE MUG PINK PAISLEY DESIGN,5.06
22346,PARTY PIZZA DISH GREEN POLKADOT,1.66
22496,SET OF 2 ROUND TINS DUTCH CHEESE,5.91
22529,MAGIC DRAWING SLATE GO TO THE FAIR,0.85
22564,ALPHABET STENCIL CRAFT,2.51
22598,CHRISTMAS MUSICAL ZINC TREE,1.66
22953,BIRTHDAY PARTY CORDON BARRIER TAPE,2.51
46776F,WOVEN ROSE GARDEN CUSHION COVER,4.21
84509E,SET OF 4 CAROUSEL PLACEMATS,7.62
84510E,SET OF 4 GREEN CAROUSEL COASTERS,2.51
84748,FOLK FELT HANGING MULTICOL GARLAND,7.62
85184C,S/4 VALENTINE DECOUPAGE HEART BOX,5.91
90070,RUBY GLASS CLUSTER BRACELET,6.37
90185B,AMETHYST DIAMANTE EXPANDABLE RING,4.24
90201C,RED ENAMEL FLOWER RING,2.96
84951A,SET OF 4 PISTACHIO LOVEBIRD COASTER,2.55
84951B,SET OF 4 BLACK LOVEBIRD COASTERS,2.55
22308,TEA COSY BLUE STRIPE,2.55
22053,EMPIRE DESIGN ROSETTE,1.25
22317,FIVE CATS HANGING DECORATION,2.95
48116,DOORMAT MULTICOLOUR STRIPE,6.75
21507,"ELEPHANT, BIRTHDAY CARD,",0.42
20654,FIRST CLASS LUGGAGE TAG,1.25
17165D,ASS COL LARGE SAND FROG P'WEIGHT,1.05
21442,GREEN BIRDHOUSE DECORATION,0.72
22291,HANGING CHICK CREAM DECORATION,1.45
15058A,BLUE POLKADOT GARDEN PARASOL,7.95
20868,SILVER FABRIC MIRROR,1.25
21189,WHITE HONEYCOMB PAPER GARLAND,1.65
84820,DANISH ROSE TRINKET TRAYS,5.95
85006,SET 4 NURSERY DES ROUND BOXES,2.95
84821,DANISH ROSE DELUXE COASTER,0.85
84638,SMALL KITCHEN FLOWER POTS PLAQUE,6.95
84637,KITCHEN FLOWER POTS WALL PLAQUE,5.95
22229,BUNNY WOODEN PAINTED WITH FLOWER,0.85
16236,KITTY PENCIL ERASERS,0.21
22228,BUNNY WOODEN PAINTED WITH BIRD,0.85
16169P,WRAP GREEN RUSSIAN FOLKART,0.42
90081C,LILY BROOCH OLIVE COLOUR,4.95
16054,POPART RECT PENCIL SHARPENER ASST,0.42
84595E,LARGE TORTILLA DESIGN RED BOWL,3.75
84459B,YELLOW METAL CHICKEN HEART,1.49
35915B,BLUE KNITTED HEN,1.65
85086A,CANDY SPOT HEART DECORATION,0.85
22628,PICNIC BOXES SET OF 3 RETROSPOT,4.95
85084,HOLLY TOP CHRISTMAS STOCKING,0.85
81950V,FLOWER PURPLE CLOCK W/SUCKER,0.85
21942,SKULLS DESIGN FLANNEL,0.85
17012D,ORIGAMI ROSE INCENSE/CANDLE SET,2.55
17012B,ORIGAMI JASMINE INCENSE/CANDLE SET,2.55
17012E,ORIGAMI OPIUM INCENSE/CANDLE SET,2.55
17012F,ORIGAMI SANDLEWOOD INCENSE/CAND SET,2.55
84375,SET OF 20 KIDS COOKIE CUTTERS,1.95
22690,DOORMAT HOME SWEET HOME BLUE,6.75
84631,FRUIT TREE AND BIRDS WALL PLAQUE,7.95
35004P,SET OF 3 PINK FLYING DUCKS,5.45
21454,PAINTED PINK RABBIT,0.85
22201,FRYING PAN BLUE POLKADOT,4.25
15058B,PINK POLKADOT GARDEN PARASOL,7.95
22277,COSMETIC BAG VINTAGE ROSE PAISLEY,2.1
84789,ENCHANTED BIRD PLANT CAGE,3.75
22393,PAPERWEIGHT VINTAGE COLLAGE,2.55
22391,PAPERWEIGHT HOME SWEET HOME,2.55
21122,SET/10 PINK POLKADOT PARTY CANDLES,2.51
21159,MOODY BOY  DOOR HANGER,3.36
21318,GLASS CHALICE BLUE SMALL,3.36
21418,STARFISH SOAP DISH,5.06
21420,OYSTER TRINKET BOX,6.77
21465,PINK FLOWER CROCHET FOOD COVER,7.62
21818,GLITTER CHRISTMAS HEART,1.66
21868,POTTING SHED TEA MUG,1.24
21896,POTTING SHED TWINE,1.85
22063,CERAMIC BOWL WITH STRAWBERRY DESIGN,5.91
22158,3 HEARTS HANGING DECORATION RUSTIC,2.94
22158,3 HEARTS HANGING DECORATION RUSTIC,5.91
22190,LOCAL CAFE MUG,2.09
22211,WOOD STAMP SET FLOWERS,3.36
22286,"DECORATION , WOBBLY RABBIT , METAL",3.36
22287,"DECORATION , WOBBLY CHICKEN, METAL",3.36
22341,LOVE GARLAND PAINTED ZINC,1.64
22342,HOME GARLAND PAINTED ZINC,1.64
22362,GLASS JAR PEACOCK BATH SALTS,5.91
22557,PLASTERS IN TIN VINTAGE PAISLEY,1.66
22754,SMALL RED BABUSHKA NOTEBOOK,0.84
22821,GIFT BAG PSYCHEDELIC APPLES,1.28
22855,FINE WICKER HEART,1.24
22931,BAKING MOULD HEART WHITE CHOCOLATE,2.54
22933,BAKING MOULD EASTER EGG MILK CHOC,5.91
22944,CHRISTMAS METAL POSTCARD WITH BELLS,7.5
35004B,SET OF 3 BLACK FLYING DUCKS,5.91
35609A,PINK FEATHER CHRISTMAS DECORATION,2.51
35610C,WHITE CHRISTMAS FLOCK DROPLET,2.51
35648,VINTAGE BEAD PINK PURSE,2.94
46776D,WOVEN SUNSET CUSHION COVER,4.21
84712B,PINK JEWELLED PHOTO FRAME,7.62
84920,PINK FLOWER FABRIC PONY,7.62
84931A,PINK SCOTTIE DOG W FLOWER PATTERN,5.06
84945,MULTI COLOUR SILVER T-LIGHT HOLDER,0.84
85178,VICTORIAN SEWING KIT,1.24
85211,S/4 GROOVY CAT MAGNETS,3.36
90031,BILI NUT AND WOOD NECKLACE,5.94
90040A,MURANO STYLE GLASS BRACELET RED,4.24
90082D,DIAMANTE BOW BROOCH BLACK COLOUR,6.79
90125B,AQUA BERTIE GLASS BEAD BAG CHARM,4.21
90125D,PURPLE BERTIE GLASS BEAD BAG CHARM,4.21
DCGS0003,BOXED GLASS ASHTRAY,2.51
21211,SET OF 72 SKULL PAPER  DOILIES,3.83
22078,RIBBON REEL LACE DESIGN,4.81
22328,ROUND SNACK BOXES SET OF 4 FRUITS,6.77
22746,POPPY'S PLAYHOUSE LIVINGROOM,5.06
22952,60 CAKE CASES VINTAGE CHRISTMAS,2.13
48185,DOORMAT FAIRY CAKE,6.75
85230E,STRAWBRY SCENTED VOTIVE CANDLE,0.29
22852,DOG BOWL VINTAGE CREAM,4.25
72802C,VANILLA SCENT CANDLE JEWELLED BOX,3.81
72802A,ROSE SCENT CANDLE IN JEWELLED BOX,3.81
22105,MIRROR MOSAIC GOBLET CANDLE HOLDER,4.25
22102,MIRROR MOSAIC T-LIGHT HOLDER,1.65
85071B,RED CHARLIE+LOLA PERSONAL DOORSIGN,2.95
22834,HAND WARMER BABUSHKA DESIGN,0.85
16225,RATTLE SNAKE EGGS,1.25
20830,SILVER PHOTO FRAME,2.1
20831,GOLD PHOTO FRAME,2.1
22420,LIPSTICK PEN BABY PINK,0.42
21944,KITTENS DESIGN FLANNEL,0.85
22677,FRENCH BLUE METAL DOOR SIGN 2,1.25
84509C,SET OF 4 POLKADOT PLACEMATS,3.75
90186B,CRYSTAL HOOP EARRING FLORAL LEAF,2.95
90190C,SILVER/AMETHYST DROP EARRINGS LEAF,2.95
90003D,CRYSTAL PAIR HEART HAIR SLIDES,3.75
90003C,MIDNIGHT BLUE PAIR HEART HAIR SLIDE,3.75
90067A,PINK VINTAGE VICTORIAN EARRINGS,2.95
90003B,ROSE COLOUR PAIR HEART HAIR SLIDES,3.75
21285,RETROSPOT CANDLE  MEDIUM,2.1
21378,SMALL TALL CAMPHOR WOOD TOADSTOOL,1.65
21218,RED SPOTTY BISCUIT TIN,3.25
22623,BOX OF VINTAGE JIGSAW BLOCKS,4.25
22230,JIGSAW TREE WITH WATERING CAN,0.85
20793,BLUE TILED TRAY,6.75
16218,CARTOON  PENCIL SHARPENERS,0.16
20664,TROPICAL HOLIDAY PURSE,2.95
47593A,CAROUSEL PONIES BABY BIB,1.25
20670,VIP HOLIDAY PURSE,2.95
21943,CAKES AND RABBITS DESIGN FLANNEL,0.85
21946,PARTY TIME DESIGN FLANNEL,0.85
20666,ECONOMY HOLIDAY PURSE,2.95
21846,PINK DIAMANTE PEN IN GIFT BOX,4.25
22055,MINI CAKE STAND  HANGING STRAWBERY,1.65
82605,OLD DOC RUSSEL METAL SIGN,2.1
22473,TV DINNER TRAY VINTAGE PAISLEY,1.95
85136B,BLUE SHARK HELICOPTER,7.95
22511,RETROSPOT BABUSHKA DOORSTOP,1.25
84882,GREEN WIRE STANDING CANDLE HOLDER,3.75
85031A,ROMANTIC IMAGES SCRAP BOOK SET,4.95
21463,MIRRORED DISCO BALL,2.5
22546,MINI JIGSAW PURDEY,0.42
16216,LETTER SHAPE PENCIL SHARPENER,0.16
84660B,BLACK STITCHED WALL CLOCK,1.25
21248,DOOR HANGER  MUM + DADS ROOM,1.45
20663,QUEEN OF THE SKIES HOLIDAY PURSE,2.95
22363,GLASS JAR MARMALADE,2.95
84922,PINK BUTTERFLY WASHBAG,4.25
85040A,S/4 PINK FLOWER CANDLES IN BOWL,1.65
90036E,"FLOWER GLASS GARLD NECKL36""AMETHYST",7.95
90160A,PURPLE BOUDICCA LARGE BRACELET,6.95
90160B,RED BOUDICCA LARGE BRACELET,6.95
90161B,ANT COPPER TURQ BOUDICCA BRACELET,4.95
90160C,TURQ+RED BOUDICCA LARGE BRACELET,6.95
90160D,PINK BOUDICCA LARGE BRACELET,6.95
82011A,"BATHROOM SCALES, TROPICAL BEACH",3.75
85183A,CHARLIE & LOLA WASTEPAPER BIN BLUE,3.75
17038,PORCELAIN BUDAH INCENSE HOLDER,0.85
20767,BLUE PAISLEY JOURNAL,5.06
21194,PINK  HONEYCOMB PAPER FAN,4.21
21245,GREEN POLKADOT PLATE,3.36
21504,SKULLS GREETING CARD,0.85
21972,SET OF 36 DINOSAUR PAPER DOILIES,2.98
22316,200 BENDY SKULL STRAWS,2.51
22448,PIN CUSHION BABUSHKA RED,6.77
22887,NUMBER TILE VINTAGE FONT 8,4.21
22910,PAPER CHAIN KIT VINTAGE CHRISTMAS,3.36
84849D,HOT BATHS SOAP HOLDER,3.36
84876B,GREEN HEART COMPACT MIRROR,7.62
84876D,BLUE HEART COMPACT MIRROR,7.62
84997C,BLUE 3 PIECE POLKADOT CUTLERY SET,7.62
85111,SILVER GLITTER FLOWER VOTIVE HOLDER,2.51
85183B,CHARLIE & LOLA WASTEPAPER BIN FLORA,7.62
90005A,JADE GREEN ENAMEL HAIR COMB,1.95
90126A,PINK BERTIE MOBILE PHONE CHARM,3.36
90152B,BLUE/GREEN SHELL NECKLACE W PENDANT,5.51
90190B,GOLD/AMBER DROP EARRINGS W LEAF,2.96
35610B,BLACK CHRISTMAS FLOCK DROPLET,1.25
35610C,WHITE CHRISTMAS FLOCK DROPLET,1.25
84927E,FLOWERS TILE HOOK,2.1
22941,CHRISTMAS LIGHTS 10 REINDEER,7.65
84818,DANISH ROSE PHOTO FRAME,0.85
22891,TEA FOR ONE POLKADOT,3.75
85184C,S/4 VALENTINE DECOUPAGE HEART BOX,1.25
90129A,PINK GLASS TASSLE BAG CHARM,2.95
90120D,WHITE MURANO TWIST BRACELET,4.25
22700,BLACK AND WHITE DOG BOWL,0.85
22512,DOORSTOP RACING CAR DESIGN,1.25
22378,WALL TIDY RETROSPOT,0.85
22377,BOTTLE BAG RETROSPOT,0.85
21882,SKULLS TAPE,0.19
21880,RED RETROSPOT TAPE,0.19
21879,HEARTS GIFT TAPE,0.19
10125,MINI FUNKY DESIGN TAPES,0.42
22702,BLACK AND WHITE CAT BOWL,0.65
22346,PARTY PIZZA DISH GREEN POLKADOT,0.21
22345,PARTY PIZZA DISH BLUE POLKADOT,0.21
22344,PARTY PIZZA DISH PINK POLKADOT,0.21
22343,PARTY PIZZA DISH RED RETROSPOT,0.21
22222,CAKE PLATE LOVEBIRD WHITE,1.95
22117,METAL SIGN HER DINNER IS SERVED,0.85
21883,STARS GIFT TAPE,0.19
22289,HANGING METAL CHICKEN DECORATION,2.51
22343,PARTY PIZZA DISH RED RETROSPOT,1.66
22408,MONEY BOX CONFECTIONERY DESIGN,2.51
20818,GOLD TEDDY BEAR,7.62
21199,PINK  HEART CONFETTI IN TUBE,3.36
21293,MIRRORED DOVE WALL DECORATION,4.21
22638,SET OF 4 NAPKIN CHARMS CROWNS,5.06
22640,SET OF 4 NAPKIN CHARMS 3 KEYS,5.06
22642,SET OF 4 NAPKIN CHARMS STARS,5.06
22643,SET OF 4 NAPKIN CHARMS LEAVES,5.06
22703,PINK CAT BOWL,4.21
22853,CAT BOWL VINTAGE CREAM,6.77
22931,BAKING MOULD HEART WHITE CHOCOLATE,5.06
71495A,CD WALL TIDY BLUE OFFICE,0.84
84519B,CARROT CHARLIE+LOLA COASTER SET,5.91
84584,PINK GINGHAM CAT WITH SCARF,5.06
85032B,BLOSSOM IMAGES GIFT WRAP SET,4.21
85124B,BLUE JUICY FRUIT PHOTO FRAME,5.06
85183A,CHARLIE & LOLA WASTEPAPER BIN BLUE,7.62
85188B,PINK METAL SWINGING BUNNY,1.66
90076,MONTANA DIAMOND CLUSTER EARRINGS,2.96
90164A,PINK ROSEBUD PEARL BRACELET,7.64
90164B,WHITE  ROSEBUD PEARL BRACELET,7.64
21539,RED RETROSPOT BUTTER DISH,4.25
72780,BLACK SILOUETTE CANDLE PLATE,0.85
21619,4 VANILLA BOTANICAL CANDLES,3.75
22954,HEN PARTY CORDON BARRIER TAPE,1.25
85175,CACTI T-LIGHT CANDLES,0.42
22611,VINTAGE UNION JACK SHOPPING BAG,4.95
22675,FRENCH KITCHEN SIGN BLUE METAL,1.25
22047,EMPIRE GIFT WRAP,0.42
22214,CANDLE PLATE LACE WHITE,2.55
90162C,ANT SILVER FUSCHIA BOUDICCA RING,2.95
90078,PINK/WHITE GLASS DEMI CHOKER,7.5
90032,IVORY SHELL HEART NECKLACE,6.25
21955,DOORMAT UNION JACK GUNS AND ROSES,6.75
20846,ZINC HEART LATTICE T-LIGHT HOLDER,1.25
21666,RIDGED GLASS T-LIGHT HOLDER,0.65
20847,ZINC HEART LATTICE CHARGER LARGE,3.75
20848,ZINC HEART LATTICE CHARGER SMALL,2.95
20826,SILVER APERITIF GLASS,2.12
21145,ANTIQUE GLASS PLACE SETTING,1.25
22723,SET OF 6 HERB TINS SKETCHBOOK,3.95
22722,SET OF 6 SPICE TINS PANTRY DESIGN,3.95
22720,SET OF 3 CAKE TINS PANTRY DESIGN,4.95
84575A,PINK DOG CANNISTER,5.95
84313C,ORANGE TV TRAY TABLE,4.25
84313B,BLUE TV TRAY TABLE,4.25
90125D,PURPLE BERTIE GLASS BEAD BAG CHARM,2.1
85035C,ROSE 3 WICK MORRIS BOX CANDLE,1.25
90210B,CLEAR ACRYLIC FACETED BANGLE,1.25
90210A,GREY ACRYLIC FACETED BANGLE,1.25
20704,MR ROBOT SOFT TOY,1.95
21065,BOOM BOX SPEAKER GIRLS,1.25
21109,LARGE CAKE TOWEL CHOCOLATE SPOTS,1.95
21110,LARGE CAKE TOWEL PINK SPOTS,1.95
21111,"SWISS ROLL TOWEL, CHOCOLATE  SPOTS",1.25
21112,"SWISS ROLL TOWEL, PINK  SPOTS",1.25
22074,6 RIBBONS SHIMMERING PINKS,0.42
22471,TV DINNER TRAY AIR HOSTESS,1.95
84509G,SET OF 4 FAIRY CAKE PLACEMATS,1.25
84519A,TOMATO CHARLIE+LOLA COASTER SET,1.25
84820,DANISH ROSE TRINKET TRAYS,1.25
84819,DANISH ROSE ROUND SEWING BOX,0.85
84823,DANISH ROSE FOLDING CHAIR,7.95
85034B,3 WHITE CHOC MORRIS BOXED CANDLES,1.25
85034C,3 ROSE MORRIS BOXED CANDLES,1.25
85035B,CHOCOLATE 3 WICK MORRIS BOX CANDLE,1.25
85169A,IVORY LOVE BIRD CANDLE,0.42
85169B,BLACK LOVE BIRD CANDLE,0.42
85169D,PINK LOVE BIRD CANDLE,0.42
85170B,SET/6 BLACK BIRD T-LIGHT CANDLES,0.85
85170C,SET/6 EAU DE NIL BIRD T-LIGHTS,0.85
85170D,SET/6 PINK BIRD T-LIGHT CANDLES,0.85
90210C,RED   ACRYLIC FACETED BANGLE,1.25
90210D,PURPLE ACRYLIC FACETED BANGLE,1.25
84625A,PINK NEW BAROQUECANDLESTICK CANDLE,0.85
84625C,BLUE NEW BAROQUE CANDLESTICK CANDLE,0.85
22371,AIRLINE BAG VINTAGE TOKYO 78,3.75
22374,AIRLINE BAG VINTAGE JET SET RED,3.95
22375,AIRLINE BAG VINTAGE JET SET BROWN,3.95
20801,LARGE PINK GLASS SUNDAE DISH,0.75
21619,4 VANILLA BOTANICAL CANDLES,1.25
22783,SET 3 WICKER OVAL BASKETS W LIDS,7.95
84766,SILVER ROCOCO CANDLE STICK,1.95
22784,LANTERN CREAM GAZEBO,4.25
22193,RED DINER WALL CLOCK,7.65
35095B,RED VICTORIAN FABRIC OVAL BOX,0.42
22741,FUNKY DIVA PEN,0.85
20860,GOLD COSMETICS BAG WITH BUTTERFLY,2.1
22887,NUMBER TILE VINTAGE FONT 8,1.95
22884,NUMBER TILE VINTAGE FONT 5,1.95
22665,RECIPE BOX BLUE SKETCHBOOK DESIGN,2.55
M,MANUAL,0.21
21620,SET OF 4 ROSE BOTANICAL CANDLES,1.25
21615,4 LAVENDER BOTANICAL DINNER CANDLES,1.25
84817,DANISH ROSE DECORATIVE PLATE,0.42
84821,DANISH ROSE DELUXE COASTER,0.21
22512,DOORSTOP RACING CAR DESIGN,3.75
10135,COLOURING PENCILS BROWN TUBE,0.42
84927A,WAKE UP COCKEREL TILE HOOK,2.1
22932,BAKING MOULD TOFFEE CUP  CHOCOLATE,2.55
22937,BAKING MOULD CUPCAKE CHOCOLATE,2.55
22721,SET OF 3 CAKE TINS SKETCHBOOK,4.95
20622,VIPPASSPORT COVER,2.1
21884,CAKES AND BOWS GIFT  TAPE,0.19
22481,BLACK TEA TOWEL CLASSIC DESIGN,0.42
35651,VINTAGE BEAD PINK SCARF,1.65
84915,HAND TOWEL PINK FLOWER AND DAISY,1.25
84916,HAND TOWEL PALE BLUE W FLOWERS,1.25
84917,WHITE HAND TOWEL WITH BUTTERFLY,1.25
85036C,ROSE 1 WICK MORRIS BOXED CANDLE,1.85
21442,GREEN BIRDHOUSE DECORATION,0.85
M,MANUAL,5.0
22711,WRAP CIRCUS PARADE,0.42
22522,CHILDS GARDEN FORK BLUE,0.85
22520,CHILDS GARDEN TROWEL BLUE,0.85
22701,PINK DOG BOWL,0.85
22270,HAPPY EASTER HANGING DECORATION,3.75
85195,HANGING HEART BASKET,2.1
21188,3D HEARTS  HONEYCOMB PAPER GARLAND,2.95
21109,LARGE CAKE TOWEL CHOCOLATE SPOTS,6.75
21107,CREAM SLICE FLANNEL PINK SPOT,2.55
84509E,SET OF 4 CAROUSEL PLACEMATS,1.25
84356,POMPOM CURTAIN,1.95
82613C,"METAL SIGN,CUPCAKE SINGLE HOOK",0.42
82613B,"METAL SIGN,CUPCAKE SINGLE HOOK",0.42
75011,BLUE DAISY MOBILE,0.85
47504K,ENGLISH ROSE GARDEN SECATEURS,0.85
47504H,ENGLISH ROSE SPIRIT LEVEL,0.85
47503A,ASS FLORAL PRINT MULTI SCREWDRIVER,0.42
35646,VINTAGE BEAD PINK EVENING BAG,1.25
22888,NUMBER TILE VINTAGE FONT 9,0.42
22887,NUMBER TILE VINTAGE FONT 8,0.42
22886,NUMBER TILE VINTAGE FONT 7,0.42
22885,NUMBER TILE VINTAGE FONT 6,0.42
22884,NUMBER TILE VINTAGE FONT 5,0.42
22883,NUMBER TILE VINTAGE FONT 4,0.42
22882,NUMBER TILE VINTAGE FONT 3,0.42
22881,NUMBER TILE VINTAGE FONT 2,0.42
22880,NUMBER TILE VINTAGE FONT 1,0.42
22879,NUMBER TILE VINTAGE FONT 0,0.42
22116,METAL SIGN HIS DINNER IS SERVED,0.85
21632,VINTAGE PINK DECORATIVE PARASOL,3.95
21631,HIPPY CHIC DECORATIVE PARASOL,3.95
20705,MRS ROBOT SOFT TOY,1.95
21484,CHICK GREY HOT WATER BOTTLE,2.95
18098C,PORCELAIN BUTTERFLY OIL BURNER,2.55
21481,FAWN BLUE HOT WATER BOTTLE,2.55
22252,BIRDCAGE DECORATION TEALIGHT HOLDER,1.06
21355,TOAST ITS - I LOVE YOU,1.05
22041,"RECORD FRAME 7"" SINGLE SIZE",2.1
90125D,PURPLE BERTIE GLASS BEAD BAG CHARM,0.85
90125A,PINK BERTIE GLASS BEAD BAG CHARM,0.85
85180B,PINK HEARTS LIGHT CHAIN,1.25
85180A,RED HEARTS LIGHT CHAIN,1.25
85173,SET/6 FROG PRINCE T-LIGHT CANDLES,0.85
85159B,"WHITE TEA,COFFEE,SUGAR JARS",1.25
85159A,"BLACK TEA,COFFEE,SUGAR JARS",1.25
84951B,SET OF 4 BLACK LOVEBIRD COASTERS,0.85
84951A,SET OF 4 PISTACHIO LOVEBIRD COASTER,0.85
22966,GINGERBREAD MAN COOKIE CUTTER,1.06
22962,JAM JAR WITH PINK LID,0.72
22963,JAM JAR WITH BLUE LID,0.72
22722,SET OF 6 SPICE TINS PANTRY DESIGN,3.45
22720,SET OF 3 CAKE TINS PANTRY DESIGN,4.25
20931,BLUE POT PLANT CANDLE,3.75
79403,FROSTED WHITE BASE,0.85
22667,RECIPE BOX RETROSPOT,2.55
22204,MILK PAN BLUE POLKADOT,3.75
84597B,RETRO BROWN BALL ASHTRAY,1.25
20867,PINK ROSE FABRIC MIRROR,1.25
84688,BEACH HUT DESIGN BLACKBOARD,4.25
22508,DOORSTOP RETROSPOT HEART,3.39
20617,FIRST CLASS PASSPORT COVER,2.1
62094B,TURQ ICE CREAM BUM BAG,2.55
84666,SQUARE CHERRY BLOSSOM CABINET,3.95
21232,STRAWBERRY CERAMIC TRINKET BOX,3.36
21671,RED SPOT CERAMIC DRAWER KNOB,3.36
21672,WHITE SPOT RED CERAMIC DRAWER KNOB,3.36
21972,SET OF 36 DINOSAUR PAPER DOILIES,3.83
22151,PLACE SETTING WHITE HEART,2.51
22557,PLASTERS IN TIN VINTAGE PAISLEY,4.21
22645,CERAMIC HEART FAIRY CAKE MONEY BANK,4.21
22748,POPPY'S PLAYHOUSE KITCHEN,5.06
85123a,WHITE HANGING HEART T-LIGHT HOLDER,6.77
22303,COFFEE MUG APPLES DESIGN,5.06
22698,PINK REGENCY TEACUP AND SAUCER,5.91
20871,OPULENT VELVET SET/3 CANDLES,4.21
21160,KEEP OUT GIRLS DOOR HANGER,3.36
21186,WHITE DOVE HONEYCOMB PAPER GARLAND,3.36
21248,DOOR HANGER  MUM + DADS ROOM,3.36
21311,SET/4 BIRD MIRROR MAGNETS,3.36
22162,HEART GARLAND RUSTIC PADDED,5.91
20768,GREEN FERN JOURNAL,5.06
72801d,4 SKY BLUE DINNER CANDLES,2.51
85114a,BLACK ENCHANTED FOREST PLACEMAT,3.36
84673A,PINK FLY SWAT,0.65
84673B,BLUE FLY SWAT,0.65
21749,LARGE RED RETROSPOT WINDMILL,2.1
17013D,ORIGAMI ROSE INCENSE IN TUBE,1.65
22465,HANGING METAL STAR LANTERN,1.45
84660C,PINK STITCHED WALL CLOCK,1.25
84660A,WHITE STITCHED WALL CLOCK,1.25
82613D,METAL SIGN CUPCAKE SINGLE HOOK,0.42
22486,PLASMATRONIC LAMP,3.95
21386,IVORY HANGING DECORATION  EGG,0.85
21066,VINTAGE RED MUG,1.25
22223,CAKE PLATE LOVEBIRD PINK,1.95
90185A,AMBER DIAMANTE EXPANDABLE RING,4.25
90146,FINE SILVER NECKLACE W PASTEL FLOWE,7.5
90161D,ANT COPPER PINK BOUDICCA BRACELET,4.95
90161C,ANT COPPER LIME BOUDICCA BRACELET,4.95
90129C,GREEN GLASS TASSLE BAG CHARM,2.95
90129B,TURQUOISE GLASS TASSLE BAG CHARM,2.95
22269,EGG CUP NATURAL CHICKEN,1.25
85039A,SET/4 RED MINI ROSE CANDLE IN BOWL,1.65
22170,PICTURE FRAME WOOD TRIPLE PORTRAIT,5.95
35610A,PINK CHRISTMAS FLOCK DROPLET,1.25
35817P,"ACRYLIC JEWEL SNOWFLAKE,PINK",2.55
84692,BOX OF 24 COCKTAIL PARASOLS,0.32
20719,WOODLAND CHARLOTTE BAG,0.72
21656,RIDGED GLASS POSY VASE,1.45
84279P,CHERRY BLOSSOM  DECORATIVE FLASK,3.39
21717,EASTER TIN BUCKET,2.55
90042A,FRESHWATER PEARL BRACELET GOLD,2.55
90060B,FIRE POLISHED GLASS NECKL GOLD,5.95
90133,TEAL/FUSCHIA COL BEAD NECKLACE,4.95
90179A,AMBER FINE BEAD NECKLACE W TASSEL,5.95
79329,PINK FLOCK GLASS CANDLEHOLDER,1.65
85146,JARDIN ETCHED GLASS SMALL BELL JAR,4.95
22033,BOTANICAL ROSE GREETING CARD,0.42
22032,BOTANICAL LILY GREETING CARD,0.42
84751B,BLACK MEDIUM GLASS CAKE STAND,3.75
84507B,STRIPES DESIGN MONKEY DOLL,2.55
85211,S/4 GROOVY CAT MAGNETS,1.65
22403,MAGNETS PACK OF 4 VINTAGE LABELS,0.42
84620,BLUE GINGHAM ROSE CUSHION COVER,5.95
16225,RATTLE SNAKE EGGS,0.42
85174,S/4 CACTI CANDLES,1.95
22108,PING! MICROWAVE PLATE,3.75
84929,ASSTD FRUIT+FLOWERS FRIDGE MAGNETS,0.55
17012C,ORIGAMI LAVENDER INCENSE/CANDL SET,2.55
21194,PINK  HONEYCOMB PAPER FAN,2.1
21792,CLASSIC FRENCH STYLE BASKET GREEN,6.75
21707,FOLDING UMBRELLA BLACKBLUE POLKADOT,4.95
17014A,ORIGAMI VANILLA INCENSE CONES,0.5
17012E,ORIGAMI OPIUM INCENSE/CANDLE SET,0.5
17012A,ORIGAMI VANILLA INCENSE/CANDLE SET,0.5
17012B,ORIGAMI JASMINE INCENSE/CANDLE SET,0.5
17012C,ORIGAMI LAVENDER INCENSE/CANDL SET,0.5
17012F,ORIGAMI SANDLEWOOD INCENSE/CAND SET,0.5
22868,NUMBER TILE COTTAGE GARDEN 0,1.95
22877,NUMBER TILE COTTAGE GARDEN 9,1.95
22878,NUMBER TILE COTTAGE GARDEN NO,2.1
22874,NUMBER TILE COTTAGE GARDEN 6,1.95
22870,NUMBER TILE COTTAGE GARDEN 2,1.95
22875,NUMBER TILE COTTAGE GARDEN 7,1.95
22873,NUMBER TILE COTTAGE GARDEN 5,1.95
22872,NUMBER TILE COTTAGE GARDEN 4,1.95
22869,NUMBER TILE COTTAGE GARDEN 1,1.95
22871,NUMBER TILE COTTAGE GARDEN 3,1.95
22302,COFFEE MUG PEARS  DESIGN,2.55
22840,ROUND CAKE TIN VINTAGE RED,6.95
84826,ASSTD DESIGN 3D PAPER STICKERS,0.85
21294,ETCHED GLASS COASTER,1.25
47594B,SCOTTIES DESIGN WASHBAG,1.95
21196,ROUND WHITE CONFETTI IN TUBE,1.65
21199,PINK  HEART CONFETTI IN TUBE,1.65
M,MANUAL,1.45
22218,CAKE STAND LACE WHITE,4.25
22970,LONDON BUS COFFEE MUG,2.55
22360,GLASS JAR ENGLISH CONFECTIONERY,2.55
90209C,PINK ENAMEL+GLASS HAIR COMB,2.1
22294,HEART FILIGREE DOVE  SMALL,1.06
22502,PICNIC BASKET WICKER SMALL,4.95
22303,COFFEE MUG APPLES DESIGN,2.55
22858,EASTER TIN KEEPSAKE,1.65
35001W,HAND OPEN SHAPE DECO.WHITE,2.0
35001G,HAND OPEN SHAPE GOLD,2.0
85180A,RED HEARTS LIGHT CHAIN,4.65
90057,DIAMANTE RING ASSORTED IN BOX.,1.25
22062,CERAMIC BOWL WITH LOVE HEART DESIGN,2.95
22040,BOTANICAL ROSE GIFT WRAP,0.42
72807A,SET/3 ROSE CANDLE IN JEWELLED BOX,3.81
72807C,SET/3 VANILLA SCENTED CANDLE IN BOX,3.81
72807B,SET/3 OCEAN SCENT CANDLE JEWEL BOX,3.81
21348,PINK SPOTS CHOCOLATE NESTING BOXES,2.55
22971,QUEENS GUARD COFFEE MUG,2.55
84877B,GREEN ROUND COMPACT MIRROR,1.25
84877D,BLUE ROUND COMPACT MIRROR,1.25
84926F,PSYCHEDELIC TILE COASTER,0.42
21400,RED PUDDING SPOON,0.42
35911A,MULTICOLOUR RABBIT EGG WARMER,2.1
85031C,CURIOUS IMAGES SCRAP BOOK SET,4.95
20801,LARGE PINK GLASS SUNDAE DISH,2.55
35651,VINTAGE BEAD PINK SCARF,7.95
84012,MAGIC SHEEP WOOL GROWING FROM PAPER,2.55
84917,WHITE HAND TOWEL WITH BUTTERFLY,5.95
22649,STRAWBERRY FAIRY CAKE TEAPOT,4.25
84613A,PINK NEW BAROQUE FLOCK CANDLESTICK,4.65
90194,SILVER LARIAT BLACK STONE EARRINGS,4.25
22342,HOME GARLAND PAINTED ZINC,1.65
21043,APRON MODERN VINTAGE COTTON,5.95
22342,HOME GARLAND PAINTED ZINC,0.85
22389,PAPERWEIGHT SAVE THE PLANET,0.85
22395,PAPERWEIGHT VINTAGE PAISLEY,0.85
37342,POLKADOT COFFEE CUP & SAUCER PINK,0.85
84813,SET OF 4 DIAMOND NAPKIN RINGS,3.95
85036B,CHOCOLATE 1 WICK MORRIS BOX CANDLE,1.25
85169C,EAU DE NIL LOVE BIRD CANDLE,1.25
85169D,PINK LOVE BIRD CANDLE,1.25
10133,COLOURING PENCILS BROWN TUBE,0.42
21774,DECORATIVE CATS BATHROOM BOTTLE,0.42
21208,PASTEL COLOUR HONEYCOMB FAN,1.65
84750B,BLACK SMALL GLASS CAKE STAND,1.95
21425,SKULLS STORAGE BOX LARGE,2.95
22108,PING! MICROWAVE PLATE,1.25
85059,FRENCH ENAMEL WATER BASIN,1.25
85054,FRENCH ENAMEL POT W LID,1.25
22394,PAPERWEIGHT KINGS CHOICE,0.85
22393,PAPERWEIGHT VINTAGE COLLAGE,0.85
22391,PAPERWEIGHT HOME SWEET HOME,0.85
22390,PAPERWEIGHT CHILDHOOD MEMORIES,0.85
22190,LOCAL CAFE MUG,0.85
21773,DECORATIVE ROSE BATHROOM BOTTLE,0.42
21616,4 PEAR BOTANICAL DINNER CANDLES,1.25
21617,4 LILY  BOTANICAL DINNER CANDLES,1.25
21618,4 WILDFLOWER BOTANICAL CANDLES,1.25
22396,MAGNETS PACK OF 4 RETRO PHOTO,0.42
16219,HOUSE SHAPE PENCIL SHARPENER,0.21
21279,VINTAGE KITCHEN PRINT FRUITS,2.55
16048,TEATIME ROUND PENCIL SHARPENER,0.42
22510,GINGHAM BABUSHKA DOORSTOP,1.25
22492,MINI PAINT SET VINTAGE,0.55
21391,FRENCH LAVENDER SCENT HEART,2.1
72800C,4 PINK DINNER CANDLE SILVER FLOCK,2.55
17011F,ORIGAMI SANDLEWOOD INCENSE+FLOWER,2.1
17012A,ORIGAMI VANILLA INCENSE/CANDLE SET,2.55
35809A,ENAMEL PINK TEA CONTAINER,2.1
35810A,ENAMEL PINK COFFEE CONTAINER,2.1
21491,SET OF THREE VINTAGE GIFT WRAPS,1.95
22988,SOLDIERS EGG CUP,1.06
21633,SUNFLOWER DECORATIVE PARASOL,3.95
84519B,CARROT CHARLIE+LOLA COASTER SET,1.25
35607A,PINK FLUFFY CHRISTMAS DECORATION,0.19
22410,MONEY BOX HOUSEKEEPING DESIGN,1.25
21389,IVORY HANGING DECORATION  BIRD,0.85
M,MANUAL,3.0
84859A,SILVER DISCO HANDBAG,5.95
85103,SILVER T-LIGHT SETTING,6.75
85031B,BLOSSOM IMAGES SCRAP BOOK SET,4.95
84077,WORLD WAR 2 GLIDERS ASSTD DESIGNS,0.29
21348,PINK SPOTS CHOCOLATE NESTING BOXES,2.95
21286,RETROSPOT CANDLE  LARGE,2.55
22249,DECORATION WHITE CHICK MAGIC GARDEN,0.85
22407,MONEY BOX FIRST ADE DESIGN,1.25
22692,DOORMAT WELCOME TO OUR HOME,6.75
84584,PINK GINGHAM CAT WITH SCARF,2.55
20696,FLORAL SOFT CAR TOY,3.75
35914,PINK CHICK EGG WARMER + EGG CUP,2.1
20794,BLUE  TILE HOOK,2.55
21881,CUTE CATS TAPE,0.19
85205B,PINK FELT EASTER RABBIT GARLAND,2.55
84849A,HELLO SAILOR BLUE SOAP HOLDER,3.36
85088,CANDY SPOT HAND BAG,4.21
85215,ASSORTED CHEESE FRIDGE MAGNETS,1.27
90201A,PURPLE ENAMEL FLOWER RING,2.96
90202A,PURPLE ENAMEL FLOWER HAIR TIE,2.96
90206A,GOLD DIAMANTE STAR BROOCH,5.09
21242,RED RETROSPOT PLATE,3.36
21244,BLUE POLKADOT PLATE,3.36
21471,STRAWBERRY RAFFIA FOOD COVER,7.62
21739,COSY SLIPPER SHOES SMALL GREEN,5.91
22446,PIN CUSHION BABUSHKA PINK,6.77
22874,NUMBER TILE COTTAGE GARDEN 6,4.21
22911,PAPER CHAIN KIT LONDON,5.91
84247L,FAWN AND MUSHROOM GREETING CARD,0.85
18094C,WHITE AND BLUE CERAMIC OIL BURNER,2.51
21472,LADYBIRD + BEE RAFFIA FOOD COVER,7.62
21620,SET OF 4 ROSE BOTANICAL CANDLES,7.62
22285,HANGING HEN ON NEST DECORATION,3.36
22680,FRENCH BLUE METAL DOOR SIGN 5,2.51
47480,HANGING PHOTO CLIP ROPE LADDER,3.36
72122,COFFEE SCENT PILLAR CANDLE,1.91
75178,ASSTD COL BUTTERFLY/CRYSTAL W/CHIME,2.51
84507C,BLUE CIRCLES DESIGN MONKEY DOLL,5.06
85170B,SET/6 BLACK BIRD T-LIGHT CANDLES,4.21
90144,SILVER DROP EARRINGS WITH FLOWER,3.81
90165B,WHITE ROSEBUD  PEARL EARRINGS,2.54
90185D,CRYSTAL DIAMANTE EXPANDABLE RING,4.24
90186A,AMETHYST HOOP EARRING FLORAL LEAF,2.96
22837,HOT WATER BOTTLE BABUSHKA,4.25
20694,FLORAL PINK MONSTER,7.62
20869,GOLD FABRIC MIRROR,1.28
21383,PACK OF 12 STICKY BUNNIES,1.66
21422,PORCELAIN ROSE SMALL,1.66
21455,PAINTED YELLOW WOODEN DAISY,1.66
21817,GLITTER CHRISTMAS TREE,1.66
22206,"MUG , DOTCOMGIFTSHOP.COM",0.85
22514,CHILDS GARDEN SPADE BLUE,4.21
22520,CHILDS GARDEN TROWEL BLUE,1.66
22522,CHILDS GARDEN FORK BLUE,1.66
22932,BAKING MOULD TOFFEE CUP CHOCOLATE,5.06
35810A,ENAMEL PINK COFFEE CONTAINER,4.21
35933,PINK STOCKING CHRISTMAS DECORATION,4.21
47310M,"SMALL POP BOX,FUNKY MONKEY",3.36
72127,COLUMBIAN CANDLE ROUND,2.51
85059,FRENCH ENAMEL WATER BASIN,7.62
85208,SET/12 FUNKY FELT FLOWER PEG IN BAG,4.21
90027B,GLASS BEAD HOOP EARRINGS MONTANA,2.96
90122A,PINK CRYSTAL+GLASS BRACELET,5.09
90197B,BLACK GLASS BRACELET W HEART CHARMS,5.09
72225C,LAVENDER SCENT CAKE CANDLE,0.29
85232A,SET/3 POLKADOT STACKING TINS,4.95
21658,GLASS  BEURRE DISH,3.39
22309,TEA COSY RED  STRIPE,2.55
84012,MAGIC SHEEP WOOL GROWING FROM PAPER,0.85
84674,FLYING PIG WATERING CAN,1.25
21424,WOODLAND STORAGE BOX LARGE,2.95
22223,CAKE PLATE LOVEBIRD PINK,4.95
46000U,POLYESTER FILLER PAD 30CMX30CM,1.25
21698,MOCK LOBSTER FRIDGE MAGNET,0.85
22937,BAKING MOULD CHOCOLATE CUPCAKES,5.06
22971,QUEENS GUARD COFFEE MUG,5.06
84924A,WAKE UP COCKEREL CALENDAR SIGN,7.62
90033,IVORY SHELL HEART EARRINGS,2.54
90072,RUBY DROP CHANDELIER EARRINGS,4.24
90214T,"LETTER ""T"" BLING KEY RING",0.85
21200,MULTICOLOUR HONEYCOMB PAPER GARLAND,3.36
21374,MIRRORED WALL ART SKULLS,7.62
21390,FILIGRIS HEART WITH BUTTERFLY,2.51
21402,RED  EGG  SPOON,0.85
22031,BOTANICAL LAVENDER BIRTHDAY CARD,0.85
22135,MINI LADLE LOVE HEART PINK,0.85
22426,ENAMEL WASH BOWL CREAM,7.62
22313,OFFICE MUG WARMER PINK,5.91
22434,BALLOON PUMP WITH 10 BALLOONS,4.21
22440,BALLOON WATER BOMB PACK OF 35,0.85
22879,NUMBER TILE VINTAGE FONT 0,4.21
22930,BAKING MOULD HEART MILK CHOCOLATE,5.06
22970,LONDON BUS COFFEE MUG,5.06
84951A,SET OF 4 PISTACHIO LOVEBIRD COASTER,5.06
84951B,SET OF 4 BLACK LOVEBIRD COASTERS,5.06
90011D,PURPLE CRYSTAL DROP EARRINGS,2.96
90042C,FRESHWATER PEARL BRACELET IVORY,2.54
90133,TEAL/FUSCHIA COL BEAD NECKLACE,5.09
90141C,TURQ PENDANT TRIPLE SHELL NECKLACE,5.51
90142A,GREEN PENDANT SHELL NECKLACE,5.09
90165A,PINK ROSEBUD PEARL EARRINGS,2.54
90177B,DROP DIAMANTE EARRINGS BLACK DIAMON,2.96
90202D,PINK ENAMEL FLOWER HAIR TIE,2.96
20830,SILVER PHOTO FRAME,4.21
20893,HANGING BAUBLE T-LIGHT HOLDER SMALL,5.06
21294,ETCHED GLASS COASTER,2.51
90177D,DROP DIAMANTE EARRINGS PURPLE,2.95
90161A,ANT COPPER RED BOUDICCA BRACELET,4.95
90177B,DROP DIAMANTE EARRINGS BLACK DIAMON,2.95
90198A,VINTAGE ROSE BEAD BRACELET RASPBERR,4.25
90199D,5 STRAND GLASS NECKLACE AMBER,6.35
90170,DAISY HAIR BAND,1.65
90114,SUMMER DAISIES BAG CHARM,2.55
21009,ETCHED GLASS STAR TREE DECORATION,1.25
35933,PINK STOCKING CHRISTMAS DECORATION,0.38
21793,CLASSIC FRENCH STYLE BASKET BROWN,6.75
85023B,EAU DE NILE JEWELLED PHOTOFRAME,2.55
85109,PINK BOUDOIR T-LIGHT HOLDER,0.85
84804A,CREAM DELPHINIUM ARTIFICIAL FLOWER,2.95
84800L,LARGE WHITE/PINK ROSE ART FLOWER,2.12
84800M,MEDIUM WHITE/PINK ROSE ART FLOWER,1.69
84802A,WHITE ANEMONE ARTIFICIAL FLOWER,1.69
84806A,PINK CANDYSTUFT ARTIFICIAL FLOWER,1.45
22668,PINK BABY BUNTING,2.95
22286,"DECORATION , WOBBLY RABBIT , METAL",1.65
85173,SET/6 FROG PRINCE T-LIGHT CANDLES,2.55
20941,FROG CANDLE,1.25
22707,WRAP MONSTER FUN,0.42
21503,TOYBOX  WRAP,0.42
90108,BLUE BLOSSOM HAIR CLIP,1.05
16207A,PINK STRAWBERRY HANDBAG,2.95
21747,SMALL SKULL WINDMILL,1.25
22258,FELT FARM ANIMAL RABBIT,1.25
22259,FELT FARM ANIMAL HEN,1.25
84817,DANISH ROSE DECORATIVE PLATE,2.1
22857,ASSORTED EASTER GIFT TAGS,0.85
84457,SET/3 RABBITS FLOWER SKIPPPING ROPE,0.85
85130B,BEADED CRYSTAL HEART GREEN LARGE,1.65
84249A,"GREETING CARD,SQUARE, DOUGHNUTS",0.42
21251,DINOSAUR HEIGHT CHART STICKER SET,2.95
22837,HOT WATER BOTTLE BABUSHKA LARGE,4.65
22953,BIRTHDAY BANNER TAPE,1.25
22314,OFFICE MUG WARMER CHOC+BLUE,4.95
22545,MINI JIGSAW BUNNIES,0.42
22538,MINI JIGSAW GO TO THE FAIR,0.42
21555,CERAMIC STRAWBERRY TRINKET TRAY,5.06
21946,PARTY TIME DESIGN FLANNEL,1.66
22111,SCOTTIE DOG HOT WATER BOTTLE,5.06
22148,EASTER CRAFT 4 CHICKS,4.21
21181,PLEASE ONE PERSON METAL SIGN,2.09
21209,MULTICOLOUR HONEYCOMB FAN,3.36
21348,PINK SPOTS CHOCOLATE NESTING BOXES,5.91
82600,NO SINGING METAL SIGN,2.09
90011B,BLACK CRYSTAL DROP EARRINGS,2.96
90055,CRACKED GLAZE EARRINGS BROWN,2.54
90142D,MOP PENDANT SHELL NECKLACE,5.09
90176B,DIAMANTE NECKLACE BLACK,7.64
21111,"SWISS ROLL TOWEL, CHOCOLATE  SPOTS",1.48
21110,LARGE CAKE TOWEL PINK SPOTS,3.38
90027A,GLASS BEAD HOOP EARRINGS BLACK,2.95
90027D,GLASS BEAD HOOP EARRINGS AMETHYST,2.95
90019A,SILVER M.O.P ORBIT BRACELET,4.95
90040A,MURANO STYLE GLASS BRACELET RED,3.5
90120C,GREEN MURANO TWIST BRACELET,4.25
90040B,MURANO STYLE GLASS BRACELET BLACK,3.5
44228,CANNABIS LEAF BEAD CURTAIN,0.85
85230G,ORANGE VOTIVE CANDLE,0.21
20724,RED RETROSPOT CHARLOTTE BAG,0.72
20723,STRAWBERRY CHARLOTTE BAG,0.72
22661,CHARLOTTE BAG DOLLY GIRL DESIGN,0.72
71270,PHOTO CLIP LINE,2.51
72800B,4 PURPLE FLOCK DINNER CANDLES,5.06
79191D,RETRO PLASTIC DAISY TRAY,1.66
20659,ECONOMY LUGGAGE TAG,2.51
20765,CHRYSANTHEMUM SKETCHBOOK,7.62
21386,IVORY HANGING DECORATION  EGG,1.66
22410,MONEY BOX HOUSEKEEPING DESIGN,2.51
90214D,"LETTER ""D"" BLING KEY RING",1.25
22066,LOVE HEART TRINKET POT,1.45
21425,SKULLS STORAGE BOX LARGE,5.91
21788,KIDS RAIN MAC BLUE,1.66
22436,12 COLOURED PARTY BALLOONS,1.28
35819B,"ACRYLIC HANGING JEWEL,BLUE",2.51
84569B,PACK 3 FIRE ENGINE/CAR PATCHES,2.51
20932,PINK POT PLANT CANDLE,3.75
84199,GLOW IN DARK DOLPHINS,0.21
82613A,"METAL SIGN,CUPCAKE SINGLE HOOK",1.25
22682,FRENCH BLUE METAL DOOR SIGN 7,1.25
22456,NATURAL SLATE CHALKBOARD LARGE,4.25
85135A,YELLOW DRAGONFLY HELICOPTER,7.95
22608,PENS ASSORTED FUNKY JEWELED,0.85
84926D,LA PALMIERA TILE COASTER,2.51
21243,PINK  POLKADOT PLATE,3.36
21287,SCENTED VELVET LOUNGE CANDLE,2.51
21694,SMALL REGAL  SILVER CANDLEPOT,5.91
22954,HEN PARTY CORDON BARRIER TAPE,2.51
22517,CHILDS GARDEN RAKE PINK,2.1
22138,BAKING SET 9 PIECE RETROSPOT,4.95
15044A,PINK PAPER PARASOL,2.95
22474,SPACEBOY TV DINNER TRAY,4.25
22472,TV DINNER TRAY DOLLY GIRL,4.25
85231b,CINAMMON SET OF 9 T-LIGHTS,1.66
85071C,"CHARLIE+LOLA""EXTREMELY BUSY"" SIGN",5.06
85114b,IVORY ENCHANTED FOREST PLACEMAT,3.36
m,MANUAL,2.55
21982,PACK OF 12 SUKI TISSUES,0.81
22616,PACK OF 12 LONDON TISSUES,0.81
82613b,"METAL SIGN,CUPCAKE SINGLE HOOK",2.51
82613c,"METAL SIGN,CUPCAKE SINGLE HOOK",2.51
47518f,ICON PLACEMAT POP ART ELVIS,4.21
21613,S/12 VANILLA  BOTANICAL T-LIGHTS,5.91
22328,ROUND SNACK BOXES SET OF 4 FRUITS,4.21
22560,TRADITIONAL MODELLING CLAY,3.36
22694,WICKER STAR,3.36
22725,ALARM CLOCK BAKELIKE CHOCOLATE,5.91
22728,ALARM CLOCK BAKELIKE PINK,5.91
22729,ALARM CLOCK BAKELIKE ORANGE,5.91
22731,3D CHRISTMAS STAMPS STICKERS,1.66
22732,3D VINTAGE CHRISTMAS STICKERS,1.66
22733,3D TRADITIONAL CHRISTMAS STICKERS,1.66
22735,RIBBON REEL SOCKS AND MITTENS,2.51
22736,RIBBON REEL MAKING SNOWMEN,2.51
22737,RIBBON REEL CHRISTMAS PRESENT,2.51
22738,RIBBON REEL SNOWY VILLAGE,2.51
22745,POPPY'S PLAYHOUSE BEDROOM,3.36
22835,HOT WATER BOTTLE I AM SO POORLY,7.62
84030e,ENGLISH ROSE HOT WATER BOTTLE,5.91
85049g,CHOCOLATE BOX RIBBONS,2.51
20734,SILVER MINI TAPE MEASURE,1.66
21212,PACK OF 72 RETROSPOT CAKE CASES,2.13
21213,PACK OF 72 SKULL CAKE CASES,2.13
21243,PINK  POLKADOT PLATE,2.51
21244,BLUE POLKADOT PLATE,2.51
21327,SKULLS WRITING SET,2.51
21425,SKULLS STORAGE BOX LARGE,6.77
21452,TOADSTOOL MONEY BOX,5.06
21485,RETROSPOT HEART HOT WATER BOTTLE,7.62
21556,CERAMIC STRAWBERRY MONEY BOX,4.21
21972,SET OF 36 DINOSAUR PAPER DOILIES,2.51
21989,PACK OF 20 SKULL PAPER NAPKINS,1.66
22074,6 RIBBONS SHIMMERING PINKS,4.21
22076,6 RIBBONS EMPIRE,2.51
22088,PAPER BUNTING COLOURED LACE,4.21
22511,RETROSPOT BABUSHKA DOORSTOP,1.87
22510,GINGHAM BABUSHKA DOORSTOP,1.87
20700,GREEN CAT FLORAL CUSHION COVER,3.75
90022,EDWARDIAN DROP EARRINGS JET BLACK,3.75
90104,PURPLE FRANGIPANI HAIRCLIP,0.85
84499,BLACK FLOWER CANDLE PLATE,0.85
82613C,"METAL SIGN,CUPCAKE SINGLE HOOK",1.25
21394,RED POLKADOT BEAKER,1.95
20719,WOODLAND CHARLOTTE BAG,2.51
22356,CHARLOTTE BAG PINK POLKADOT,2.51
21972,SET OF 36 DINOSAUR PAPER DOILIES,1.45
22046,TEA PARTY  WRAPPING PAPER,0.42
20856,DENIM PATCH PURSE PINK BUTTERFLY,1.66
20866,BLUE ROSE FABRIC MIRROR,0.85
20867,PINK ROSE FABRIC MIRROR,0.85
20869,GOLD FABRIC MIRROR,0.85
21025,SPACE FROG,0.85
21026,SPACE OWL,0.85
21027,NINJA RABBIT PINK,0.85
21028,NINJA RABBIT BLACK,0.85
21030,SPACE CADET RED,0.85
21031,SPACE CADET BLACK,0.85
21032,SPACE CADET WHITE,0.85
21033,JUMBO BAG CHARLIE AND LOLA TOYS,2.51
21043,APRON MODERN VINTAGE COTTON,4.21
21051,RIBBONS PURSE,1.66
21109,LARGE CAKE TOWEL CHOCOLATE SPOTS,4.21
21110,LARGE CAKE TOWEL PINK SPOTS,4.21
21111,"SWISS ROLL TOWEL, CHOCOLATE  SPOTS",2.51
84596G,SMALL CHOCOLATES PINK BOWL,0.85
84596J,MIXED NUTS LIGHT GREEN BOWL,0.85
84596L,BISCUITS SMALL BOWL LIGHT BLUE,0.85
84660A,WHITE STITCHED WALL CLOCK,3.36
84660C,PINK STITCHED WALL CLOCK,3.36
84661B,BLACK SQUARE TABLE CLOCK,2.51
84748,FOLK FELT HANGING MULTICOL GARLAND,2.51
84870B,BLUE GEISHA GIRL,2.51
84870C,GREEN GEISHA GIRL,2.51
84931A,PINK SCOTTIE DOG W FLOWER PATTERN,1.66
84931B,BLUE SCOTTIE DOG W FLOWER PATTERN,1.66
84951A,SET OF 4 PISTACHIO LOVEBIRD COASTER,1.66
84951B,SET OF 4 BLACK LOVEBIRD COASTERS,1.66
84952A,CLEAR LOVE BIRD T-LIGHT HOLDER,1.66
84969,BOX OF 6 ASSORTED COLOUR TEASPOONS,3.36
85034B,3 WHITE CHOC MORRIS BOXED CANDLES,3.36
21112,"SWISS ROLL TOWEL, PINK  SPOTS",2.51
85034C,3 ROSE MORRIS BOXED CANDLES,3.36
21195,PINK  HONEYCOMB PAPER BALL,1.66
21200,MULTICOLOUR HONEYCOMB PAPER GARLAND,1.66
21205,MULTICOLOUR 3D BALLS GARLAND,2.51
21219,SET/4 BADGES BALLOON GIRL,0.85
21220,SET/4 BADGES DOGS,0.85
21221,SET/4 BADGES CUTE CREATURES,0.85
21222,SET/4 BADGES BEETLES,0.85
21454,PAINTED PINK RABBIT,1.66
21494,ROTATING LEAVES T-LIGHT HOLDER,1.66
21518,BANK ACCOUNT  GREETING  CARD,0.43
21520,BOOZE & WOMEN GREETING CARD,0.43
21556,CERAMIC STRAWBERRY MONEY BOX,2.51
21557,SET OF 6 FUNKY BEAKERS,2.51
21615,4 LAVENDER BOTANICAL DINNER CANDLES,2.51
21618,4 WILDFLOWER BOTANICAL CANDLES,2.51
21619,4 VANILLA BOTANICAL CANDLES,2.51
21620,SET OF 4 ROSE BOTANICAL CANDLES,2.51
85035B,CHOCOLATE 3 WICK MORRIS BOX CANDLE,3.36
85035C,ROSE 3 WICK MORRIS BOX CANDLE,3.36
85036B,CHOCOLATE 1 WICK MORRIS BOX CANDLE,3.36
85036C,ROSE 1 WICK MORRIS BOXED CANDLE,3.36
85049H,URBAN BLACK RIBBONS,0.85
85059,FRENCH ENAMEL WATER BASIN,3.36
85071A,BLUE CHARLIE+LOLA PERSONAL DOORSIGN,0.85
85071B,RED CHARLIE+LOLA PERSONAL DOORSIGN,0.85
85071C,"CHARLIE+LOLA""EXTREMELY BUSY"" SIGN",0.85
85071D,CHARLIE+LOLA MY ROOM DOOR SIGN,0.85
85087,CANDY SPOT CUSHION COVER,3.36
85088,CANDY SPOT HAND BAG,1.66
85094,CANDY SPOT EGG WARMER RABBIT,0.85
85103,SILVER T-LIGHT SETTING,5.91
85118,HEART T-LIGHT HOLDER,2.51
21650,ASSORTED TUTTI FRUTTI BRACELET,0.43
21675,BUTTERFLIES STICKERS,0.81
21676,FLOWERS  STICKERS,0.81
21677,HEARTS  STICKERS,0.81
21706,FOLDING UMBRELLA RED/WHITE POLKADOT,3.36
21707,FOLDING UMBRELLA BLACKBLUE POLKADOT,3.36
21708,FOLDING UMBRELLA CREAM POLKADOT,3.36
21709,FOLDING UMBRELLA CHOCOLATE POLKADOT,3.36
21773,DECORATIVE ROSE BATHROOM BOTTLE,1.28
21774,DECORATIVE CATS BATHROOM BOTTLE,1.28
21775,DECORATIVE FLORE BATHROOM BOTTLE,1.28
21847,GREEN  DIAMANTE PEN IN GIFT BOX,1.66
21849,SILVER DIAMANTE PEN IN GIFT BOX,1.66
21873,IF YOU CAN'T STAND THE HEAT MUG,1.66
21876,POTTERING MUG,1.66
21879,HEARTS GIFT TAPE,0.43
21880,RED RETROSPOT TAPE,0.43
21881,CUTE CATS TAPE,0.43
21882,SKULLS TAPE,0.43
21884,CAKES AND BOWS GIFT  TAPE,0.43
21913,VINTAGE SEASIDE JIGSAW PUZZLES,3.36
21934,SKULL SHOULDER BAG,1.66
21935,SUKI  SHOULDER BAG,1.66
21947,SET OF 6 HEART CHOPSTICKS,1.28
21948,SET OF 6 CAKE CHOPSTICKS,1.28
21949,SET OF 6 STRAWBERRY CHOPSTICKS,1.28
22031,BOTANICAL LAVENDER BIRTHDAY CARD,0.43
22032,BOTANICAL LILY GREETING CARD,0.43
22074,6 RIBBONS SHIMMERING PINKS,0.85
22110,BIRD HOUSE HOT WATER BOTTLE,3.36
22117,METAL SIGN HER DINNER IS SERVED,1.66
22134,MINI LADLE LOVE HEART RED,0.43
22135,MINI LADLE LOVE HEART PINK,0.43
85169A,IVORY LOVE BIRD CANDLE,0.85
85169B,BLACK LOVE BIRD CANDLE,0.85
85169C,EAU DE NIL LOVE BIRD CANDLE,0.85
85169D,PINK LOVE BIRD CANDLE,0.85
85170B,SET/6 BLACK BIRD T-LIGHT CANDLES,2.51
85170C,SET/6 EAU DE NIL BIRD T-LIGHTS,2.51
85170D,SET/6 PINK BIRD T-LIGHT CANDLES,2.51
85173,SET/6 FROG PRINCE T-LIGHT CANDLES,2.51
85174,S/4 CACTI CANDLES,4.21
85179A,GREEN BITTY LIGHT CHAIN,2.51
85180A,RED HEARTS LIGHT CHAIN,2.51
85180B,PINK HEARTS LIGHT CHAIN,2.51
85184C,S/4 VALENTINE DECOUPAGE HEART BOX,3.36
85202,HANGING WOOD AND FELT HEART,0.43
85203,HANGING WOOD AND FELT BUTTERFLY,0.43
85204,HANGING WOOD AND FELT FLOWER,0.43
90011A,MIDNIGHT BLUE CRYSTAL DROP EARRINGS,2.96
90013D,PURPLE VINTAGE EARRINGS,4.24
90103,PURPLE FRANGIPANI NECKLACE,2.54
90152A,SILVER/NAT SHELL NECKLACE W PENDANT,5.51
90200B,BLACK SWEETHEART BRACELET,4.24
90205C,LARGE CRYSTAL DIAMANTE HAIRSLIDE,1.69
22201,FRYING PAN BLUE POLKADOT,3.36
22204,MILK PAN BLUE POLKADOT,3.36
22208,WOOD STAMP SET THANK YOU,1.66
22209,WOOD STAMP SET HAPPY BIRTHDAY,1.66
22210,WOOD STAMP SET BEST WISHES,1.66
22211,WOOD STAMP SET FLOWERS,1.66
22214,CANDLE PLATE LACE WHITE,1.66
22216,T-LIGHT HOLDER WHITE LACE,0.81
22222,CAKE PLATE LOVEBIRD WHITE,4.21
22223,CAKE PLATE LOVEBIRD PINK,4.21
22241,GARLAND WOODEN HAPPY EASTER,2.51
22247,BUNNY DECORATION MAGIC GARDEN,0.81
22248,DECORATION  PINK CHICK MAGIC GARDEN,0.81
22249,DECORATION WHITE CHICK MAGIC GARDEN,0.81
22250,DECORATION  BUTTERFLY  MAGIC GARDEN,0.81
22257,FELT FARM ANIMAL SHEEP,0.85
22258,FELT FARM ANIMAL RABBIT,0.85
22259,FELT FARM ANIMAL HEN,0.85
22263,FELT EGG COSY LADYBIRD,0.81
22264,FELT FARM ANIMAL WHITE BUNNY,0.81
22279,POCKET BAG BLUE PAISLEY RED SPOT,0.85
22280,POCKET BAG PINK PAISELY BROWN SPOT,0.85
22317,FIVE CATS HANGING DECORATION,2.51
22322,BIRD DECORATION GREEN POLKADOT,0.81
22325,MOBILE VINTAGE HEARTS,3.36
22342,HOME GARLAND PAINTED ZINC,1.66
22343,PARTY PIZZA DISH RED RETROSPOT,0.43
22344,PARTY PIZZA DISH PINK POLKADOT,0.43
22345,PARTY PIZZA DISH BLUE POLKADOT,0.43
22371,AIRLINE BAG VINTAGE TOKYO 78,4.21
22372,AIRLINE BAG VINTAGE WORLD CHAMPION,4.21
22374,AIRLINE BAG VINTAGE JET SET RED,4.21
22375,AIRLINE BAG VINTAGE JET SET BROWN,4.21
22376,AIRLINE BAG VINTAGE JET SET WHITE,4.21
22377,BOTTLE BAG RETROSPOT,1.66
22378,WALL TIDY RETROSPOT,1.66
22396,MAGNETS PACK OF 4 RETRO PHOTO,0.85
22403,MAGNETS PACK OF 4 VINTAGE LABELS,0.85
22438,BALLOON ART MAKE YOUR OWN FLOWERS,1.66
22446,PIN CUSHION BABUSHKA PINK,2.51
22447,PIN CUSHION BABUSHKA BLUE,2.51
22452,MEASURING TAPE BABUSHKA PINK,1.66
22453,MEASURING TAPE BABUSHKA BLUE,1.66
22453,MEASURING TAPE BABUSHKA BLUE,5.91
22471,TV DINNER TRAY AIR HOSTESS,4.21
22473,TV DINNER TRAY VINTAGE PAISLEY,4.21
22481,BLACK TEA TOWEL CLASSIC DESIGN,0.85
22511,RETROSPOT BABUSHKA DOORSTOP,7.62
22524,CHILDRENS GARDEN GLOVES BLUE,2.51
22638,SET OF 4 NAPKIN CHARMS CROWNS,1.66
22641,SET OF 4 NAPKIN CHARMS INSTRUMENT,1.66
22643,SET OF 4 NAPKIN CHARMS LEAVES,1.66
22834,HAND WARMER BABUSHKA DESIGN,1.66
35646,VINTAGE BEAD PINK EVENING BAG,2.51
35648,VINTAGE BEAD PINK PURSE,1.66
35651,VINTAGE BEAD PINK SCARF,3.36
37327,ASSTD MULTICOLOUR CIRCLES MUG,5.91
37342,POLKADOT COFFEE CUP & SAUCER PINK,2.51
46118,FUNKY MONKEY CUSHION COVER,3.36
47310M,"SMALL POP BOX,FUNKY MONKEY",1.66
47504H,ENGLISH ROSE SPIRIT LEVEL,3.36
47504K,ENGLISH ROSE GARDEN SECATEURS,3.36
47563A,RETRO LONGBOARD IRONING BOARD COVER,3.36
47585A,PINK FAIRY CAKE CUSHION COVER,4.21
47594B,SCOTTIES DESIGN WASHBAG,1.66
70006,LOVE HEART POCKET WARMER,1.66
70007,HI TEC ALPINE HAND WARMER,1.66
82613B,"METAL SIGN,CUPCAKE SINGLE HOOK",0.85
82613C,"METAL SIGN,CUPCAKE SINGLE HOOK",0.85
82613D,METAL SIGN CUPCAKE SINGLE HOOK,0.85
84012,MAGIC SHEEP WOOL GROWING FROM PAPER,1.66
84086C,PINK/PURPLE RETRO RADIO,2.51
84251B,"GREETING CARD, STICKY GORDON",0.43
84251C,"GREETING CARD, TWO SISTERS.",0.43
84251G,"GREETING CARD, OVERCROWDED POOL.",0.43
84313B,BLUE TV TRAY TABLE,5.91
84313C,ORANGE TV TRAY TABLE,5.91
84356,POMPOM CURTAIN,5.91
84509A,SET OF 4 ENGLISH ROSE PLACEMATS,3.36
84509B,SET OF 4 FAIRY CAKE PLACEMATS,3.36
84509C,SET OF 4 POLKADOT PLACEMATS,3.36
84509G,SET OF 4 FAIRY CAKE PLACEMATS,3.36
84563A,PINK & WHITE BREAKFAST TRAY,4.21
84563B,BLUE & WHITE BREAKFAST TRAY,4.21
84569A,PACK 3 IRON ON DOG PATCHES,0.85
84569D,PACK 6 HEART/ICE-CREAM PATCHES,0.85
84596E,SMALL LICORICE DES PINK BOWL,0.85
10125,MINI FUNKY DESIGN TAPES,0.81
10133,COLOURING PENCILS BROWN TUBE,0.81
10135,COLOURING PENCILS BROWN TUBE,1.28
16225,RATTLE SNAKE EGGS,0.85
20615,BLUE POLKADOT PASSPORT COVER,1.66
20617,FIRST CLASS PASSPORT COVER,1.66
20618,QUEEN OF THE SKIES PASSPORT COVER,1.66
20619,TROPICAL PASSPORT COVER,1.66
20652,BLUE POLKADOT LUGGAGE TAG,0.85
20654,FIRST CLASS LUGGAGE TAG,0.85
20655,QUEEN OF SKIES LUGGAGE TAG,0.85
20659,ECONOMY LUGGAGE TAG,0.85
20696,FLORAL SOFT CAR TOY,3.36
20699,MOUSEY LONG LEGS SOFT TOY,2.51
20801,LARGE PINK GLASS SUNDAE DISH,2.51
20832,RED FLOCK LOVE HEART PHOTO FRAME,0.81
20854,BLUE PATCH PURSE PINK HEART,1.66
90165B,WHITE ROSEBUD  PEARL EARRINGS,2.55
16206B,RED PURSE WITH PINK HEART,1.25
46138B,BLUE CHENILLE SHAGGY CUSHION COVER,1.95
20701,PINK CAT FLORAL CUSHION COVER,3.75
47585A,PINK FAIRY CAKE CUSHION COVER,3.75
82613D,METAL SIGN CUPCAKE SINGLE HOOK,1.25
M,MANUAL,0.2
90112,PINK DOLLY HAIR CLIPS,1.05
35443,RASTA IN BATH W SPLIFF ASHTRAY,0.85
21661,VINTAGE GLASS TEA CADDY,5.95
85194L,HANGING SPRING FLOWER EGG LARGE,0.85
22346,PARTY PIZZA DISH GREEN POLKADOT,0.43
90125E,AMBER BERTIE GLASS BEAD BAG CHARM,1.66
85049D,BRIGHT BLUES RIBBONS,2.51
20653,CHERRY BLOSSOM LUGGAGE TAG,0.85
22817,CARD SUKI BIRTHDAY,0.43
22819,"BIRTHDAY CARD, RETRO SPOT",0.43
85095,THREE CANVAS LUGGAGE TAGS,1.28
85125,SMALL ROUND CUT GLASS CANDLESTICK,3.36
85127,SMALL SQUARE CUT GLASS CANDLESTICK,3.36
37482P,CUBIC MUG PINK POLKADOT,5.91
47594A,CAROUSEL DESIGN WASHBAG,1.66
20819,SILVER TEDDY BEAR,2.51
21065,BOOM BOX SPEAKER GIRLS,3.36
21194,PINK  HONEYCOMB PAPER FAN,1.66
21207,SKULL AND CROSSBONES  GARLAND,1.66
21208,PASTEL COLOUR HONEYCOMB FAN,1.66
21224,SET/4 SKULL BADGES,0.85
21616,4 PEAR BOTANICAL DINNER CANDLES,2.51
21711,FOLDING UMBRELLA WHITE/RED POLKADOT,3.36
21846,PINK DIAMANTE PEN IN GIFT BOX,1.66
84509E,SET OF 4 CAROUSEL PLACEMATS,3.36
84519A,TOMATO CHARLIE+LOLA COASTER SET,3.36
84519B,CARROT CHARLIE+LOLA COASTER SET,3.36
84596B,SMALL DOLLY MIX DESIGN ORANGE BOWL,0.85
85179C,PINK BITTY LIGHT CHAIN,2.51
85186C,BUNNY EGG GARLAND,0.85
22116,METAL SIGN HIS DINNER IS SERVED,1.66
84596F,SMALL MARSHMALLOWS PINK BOWL,0.85
84707B,PINK JEWELLED MIRROR TRINKET TRAY,5.91
84711A,SILVER OVAL SHAPE TRINKET BOX,5.91
84711B,PINK OVAL SHAPE TRINKET BOX,5.91
84952B,BLACK LOVE BIRD T-LIGHT HOLDER,1.66
84926E,FLOWERS TILE COASTER,0.42
85144,JARDIN ETCHED GLASS CHEESE DISH,7.25
22207,FRYING PAN UNION FLAG,3.75
47591D,PINK FAIRY CAKE CHILDRENS APRON,1.65
85169C,EAU DE NIL LOVE BIRD CANDLE,0.42
M,MANUAL,1.65
22293,HANGING CHICK GREEN DECORATION,1.45
22285,HANGING HEN ON NEST DECORATION,1.65
22148,EASTER CRAFT 4 CHICKS,1.95
21129,SILVER FISHING GNOME,6.95
84218,BOX/12 CHICK & EGG IN BASKET,1.95
85194S,HANGING SPRING FLOWER EGG SMALL,0.65
DOT,DOTCOM POSTAGE,2.51
22134,MINI LADLE LOVE HEART RED,0.42
85019A,ROMANTIC IMAGES NOTEBOOK SET,1.25
21883,STARS GIFT TAPE,0.43
22070,SMALL RED RETROSPOT MUG IN BOX,3.36
22071,SMALL WHITE RETROSPOT MUG IN BOX,3.36
22268,EASTER DECORATION SITTING BUNNY,1.66
22640,SET OF 4 NAPKIN CHARMS 3 KEYS,1.66
22869,NUMBER TILE COTTAGE GARDEN 1,4.21
90037B,TINY CRYSTAL BRACELET GREEN,2.54
90041,PEARL AND CHERRY QUARTZ BRACLET,3.81
90125B,AQUA BERTIE GLASS BEAD BAG CHARM,1.66
90125C,TURQUOISE BERTIE GLASS BEAD CHARM,1.66
90125D,PURPLE BERTIE GLASS BEAD BAG CHARM,1.66
90163A,PINK ROSEBUD & PEARL NECKLACE,7.64
90163B,WHITE ROSEBUD & PEARL NECKLACE,7.64
20717,STRAWBERRY SHOPPER BAG,0.85
20831,GOLD PHOTO FRAME,4.21
21678,PAISLEY PATTERN  STICKERS,0.81
22715,CARD WEDDING DAY,0.42
35911B,PINK/FLOWER RABBIT EGG WARMER,2.1
84989A,75 GREEN FAIRY CAKE CASES,0.55
79071B,ENGLISH ROSE METAL WASTE BIN,2.95
16169M,WRAP DAISY CARPET,0.42
20934,SET/3 POT PLANT CANDLES,5.45
22709,WRAP WEDDING DAY,0.42
21535,RED RETROSPOT SMALL MILK JUG,5.06
22288,HANGING METAL RABBIT DECORATION,1.25
85089,CANDY SPOT BUNNY,2.95
84931A,PINK SCOTTIE DOG W FLOWER PATTERN,2.55
84931B,BLUE SCOTTIE DOG W FLOWER PATTERN,2.55
35909A,RABBIT EASTER DECORATION,2.95
35910A,MULTICOLOUR EASTER RABBIT,1.95
85096,HILDA CANDY SPOT RABBIT,3.75
20933,YELLOW POT PLANT CANDLE,3.75
35972,DAISY FOLKART HEART DECORATION,1.25
21455,PAINTED YELLOW WOODEN DAISY,0.85
21204,DAISIES  HONEYCOMB GARLAND,1.65
90155,RESIN NECKLACE W PASTEL BEADS,7.64
20868,SILVER FABRIC MIRROR,0.85
84707A,SILVER JEWELLED MIRROR TRINKET TRAY,5.91
79190D,RETRO PLASTIC DAISY TRAY,0.85
21555,CERAMIC STRAWBERRY TRINKET TRAY,2.51
21466,RED FLOWER CROCHET FOOD COVER,7.62
20616,CHERRY BLOSSOM PASSPORT COVER,1.66
22505,MEMO BOARD COTTAGE DESIGN,4.25
47589,CONGRATULATIONS BUNTING,5.45
84927F,PSYCHEDELIC TILE HOOK,2.1
22263,FELT EGG COSY LADYBIRD,0.85
21531,RED RETROSPOT SUGAR JAM BOWL,5.06
22073,RED RETROSPOT STORAGE JAR,7.62
84660B,BLACK STITCHED WALL CLOCK,3.36
84661A,WHITE SQUARE TABLE CLOCK,2.51
90118,PINK DAISY BAG CHARM,2.51
90182C,BLACK 3 BEAD DROP EARRINGS,2.96
21710,FOLDING UMBRELLA PINKWHITE POLKADOT,3.36
20622,VIPPASSPORT COVER,1.66
21278,VINTAGE KITCHEN PRINT PUDDINGS,2.55
22549,PICTURE DOMINOES,2.51
22074,6 RIBBONS SHIMMERING PINKS,2.51
22086,PAPER CHAIN KIT 50'S CHRISTMAS,6.77
22111,SCOTTIE DOG HOT WATER BOTTLE,5.91
22112,CHOCOLATE HOT WATER BOTTLE,5.91
20675,BLUE POLKADOT BOWL,1.66
20676,RED RETROSPOT BOWL,1.66
20735,BLACK MINI TAPE MEASURE,1.66
21242,RED RETROSPOT PLATE,2.51
22730,ALARM CLOCK BAKELIKE IVORY,5.91
22739,RIBBON REEL CHRISTMAS SOCK BAUBLE,2.51
84988,SET OF 72 PINK HEART PAPER DOILIES,3.83
20677,PINK POLKADOT BOWL,1.66
22723,SET OF 6 HERB TINS SKETCHBOOK,3.45
47518F,ICON PLACEMAT POP ART ELVIS,0.42
22364,GLASS JAR DIGESTIVE BISCUITS,2.55
85159B,"WHITE TEA,COFFEE,SUGAR JARS",6.35
22182,CAKE STAND VICTORIAN FILIGREE SMALL,4.95
21198,WHITE HEART CONFETTI IN TUBE,1.65
16156L,"WRAP, CAROUSEL",0.42
21319,GLASS CHALICE GREEN  SMALL,1.65
21318,GLASS CHALICE BLUE SMALL,1.65
85025B,EAU DE NILE HEART SHAPE PHOTO FRAME,1.65
84800L,LARGE WHITE/PINK ROSE ART FLOWER,1.69
21209,MULTICOLOUR HONEYCOMB FAN,1.66
21617,4 LILY  BOTANICAL DINNER CANDLES,2.51
22881,NUMBER TILE VINTAGE FONT 2,4.21
84927E,FLOWERS TILE HOOK,4.21
85106,CUT GLASS HEXAGON T-LIGHT HOLDER,1.66
22055,MINI CAKE STAND  HANGING STRAWBERY,3.36
20979,36 PENCILS TUBE RED RETROSPOT,2.51
22357,KINGS CHOICE BISCUIT TIN,3.75
47351B,BLUE  VOILE LAMPSHADE,2.95
21002,ROSE DU SUD DRAWSTRING BAG,4.25
21084,SET/6 COLLAGE PAPER CUPS,0.65
21088,SET/6 FRUIT SALAD PAPER CUPS,0.65
21096,SET/6 FRUIT SALAD  PAPER PLATES,0.85
85093,CANDY SPOT EGG WARMER HARE,1.25
85094,CANDY SPOT EGG WARMER RABBIT,1.25
22358,KINGS CHOICE TEA CADDY,2.55
84251B,"GREETING CARD, STICKY GORDON",0.19
84251G,"GREETING CARD, OVERCROWDED POOL.",0.19
71038,WHITE HANGING BEADS CANDLE HOLDER,4.65
37448,CERAMIC CAKE DESIGN SPOTTED MUG,1.25
47559B,TEA TIME OVEN GLOVE,1.06
79000,MOROCCAN TEA GLASS,0.65
82583,HOT BATHS METAL SIGN,1.69
82600,NO SINGING METAL SIGN,1.69
82582,AREA PATROLLED METAL SIGN,1.69
21165,BEWARE OF THE CAT METAL SIGN,1.45
21171,BATHROOM METAL SIGN,1.25
22670,FRENCH WC SIGN BLUE METAL,1.06
22673,FRENCH GARDEN SIGN BLUE METAL,1.06
22675,FRENCH KITCHEN SIGN BLUE METAL,1.06
22804,CANDLEHOLDER PINK HANGING HEART,2.55
22464,HANGING METAL HEART LANTERN,1.45
22969,HOMEMADE JAM SCENTED CANDLES,1.25
22212,FOUR HOOK  WHITE LOVEBIRDS,1.69
22219,LOVEBIRD HANGING DECORATION WHITE,0.72
22224,WHITE LOVEBIRD LANTERN,2.55
21272,SALLE DE BAIN HOOK,1.06
84792,ENCHANTED BIRD COATHANGER 5 HOOK,3.81
22129,PARTY CONES CANDY TREE DECORATION,0.72
22128,PARTY CONES CANDY ASSORTED,1.06
22245,"HOOK, 1 HANGER ,MAGIC GARDEN",0.72
22244,3 HOOK HANGER MAGIC GARDEN,1.65
22251,BIRDHOUSE DECORATION MAGIC GARDEN,1.06
22064,PINK DOUGHNUT TRINKET POT,1.45
37446,MINI CAKE STAND WITH HANGING CAKES,1.25
47580,TEA TIME DES TEA COSY,2.1
15060B,FAIRY CAKE DESIGN UMBRELLA,2.95
84218,BOX/12 CHICK & EGG IN BASKET,0.81
90119,METALIC LEAVES BAG CHARMS,2.51
84251C,"GREETING CARD, TWO SISTERS.",0.19
22248,DECORATION  PINK CHICK MAGIC GARDEN,0.85
22250,DECORATION  BUTTERFLY  MAGIC GARDEN,0.85
84510C,SET OF 4 POLKADOT COASTERS,1.25
84741C,CITRUS GARLAND FELT FLOWERS,1.95
21220,SET/4 BADGES DOGS,1.25
21222,SET/4 BADGES BEETLES,1.25
22266,EASTER DECORATION HANGING BUNNY,0.65
22268,EASTER DECORATION SITTING BUNNY,0.85
22267,EASTER DECORATION EGG BUNNY,1.25
21003,ROSE DU SUD CUSHION COVER,6.35
21757,LIGHTHOUSE PRINTED METAL SIGN,4.95
90123B,TURQUOISE HEART OF GLASS BRACELET,5.95
90123C,GREEN HEART OF GLASS BRACELET,5.95
90122A,PINK CRYSTAL+GLASS BRACELET,4.95
90122C,TURQUOISE CRYSTAL+GLASS BRACELET,4.95
90156,RESIN BRACELET W PASTEL BEADS,4.95
90155,RESIN NECKLACE W PASTEL BEADS,7.5
75049L,LARGE CIRCULAR MIRROR MOBILE,1.25
22647,CERAMIC LOVE HEART MONEY BANK,1.45
84600,NEW BAROQUE JEWELLERY BOX,7.95
21206,STRAWBERRY HONEYCOMB  GARLAND,3.36
21378,SMALL TALL CAMPHOR WOOD TOADSTOOL,3.36
35923,CANDY HEART HANGING DECORATION,2.51
51014L,"FEATHER PEN,LIGHT PINK",1.66
71403,"PINK/WHITE ""KEEP CLEAN"" BULLET BIN",5.91
84661C,PINK SQUARE TABLE CLOCK,2.51
85130D,BEADED CRYSTAL HEART PINK LARGE,3.36
90038B,GLASS AND PAINTED BEADS BRACELET OL,3.81
90120D,WHITE MURANO TWIST BRACELET,4.24
90123C,GREEN HEART OF GLASS BRACELET,5.94
90125A,PINK BERTIE GLASS BEAD BAG CHARM,1.66
90137,PINK COMBO MINI CRYSTALS NECKLACE,5.51
M,MANUAL,6.7
84459A,PINK METAL CHICKEN HEART,1.49
85180B,PINK HEARTS LIGHT CHAIN,4.65
21063,PARTY INVITES JAZZ HEARTS,1.66
21088,SET/6 FRUIT SALAD PAPER CUPS,1.66
21096,SET/6 FRUIT SALAD  PAPER PLATES,1.66
90214W,"LETTER ""W"" BLING KEY RING",0.85
90059F,DIAMANTE HAIR GRIP PACK/2 LT ROSE,1.69
72801D,4 SKY BLUE DINNER CANDLES,2.51
44091A,BLUE CRUSOE CHECK LAMPSHADE,0.42
84952C,MIRROR LOVE BIRD T-LIGHT HOLDER,1.25
22530,MAGIC DRAWING SLATE DOLLY GIRL,0.36
22467,GUMBALL COAT RACK,2.1
22534,MAGIC DRAWING SLATE SPACEBOY,0.36
21280,VINTAGE KITCHEN PRINT VEGETABLES,2.55
90037C,TINY CRYSTAL BRACELET BLUE,2.54
90122B,JADE CRYSTAL+GLASS BRACELET,5.09
90122C,TURQUOISE CRYSTAL+GLASS BRACELET,5.09
35810B,ENAMEL BLUE RIM COFFEE CONTAINER,4.21
35915C,PEACH KNITTED HEN,3.36
77101A,UNION FLAG WINDSOCK,2.51
17038,PORCELAIN BUDAH INCENSE HOLDER,0.1
17096,ASSORTED LAQUERED INCENSE HOLDERS,0.21
22889,NUMBER TILE VINTAGE FONT NO,2.17
22887,NUMBER TILE VINTAGE FONT 8,2.17
22886,NUMBER TILE VINTAGE FONT 7,2.17
22885,NUMBER TILE VINTAGE FONT 6,2.17
22884,NUMBER TILE VINTAGE FONT 5,2.17
22883,NUMBER TILE VINTAGE FONT 4,2.17
22882,NUMBER TILE VINTAGE FONT 3,2.17
22881,NUMBER TILE VINTAGE FONT 2,2.17
22880,NUMBER TILE VINTAGE FONT 1,2.17
22879,NUMBER TILE VINTAGE FONT 0,2.17
21673,WHITE SPOT BLUE CERAMIC DRAWER KNOB,1.49
21672,WHITE SPOT RED CERAMIC DRAWER KNOB,1.49
21671,RED SPOT CERAMIC DRAWER KNOB,1.49
21670,BLUE SPOT CERAMIC DRAWER KNOB,1.49
21669,BLUE STRIPE CERAMIC DRAWER KNOB,1.49
21668,RED STRIPE CERAMIC DRAWER KNOB,1.49
22775,PURPLE DRAWERKNOB ACRYLIC EDWARDIAN,1.49
22774,RED DRAWER KNOB ACRYLIC EDWARDIAN,1.49
22773,GREEN DRAWER KNOB ACRYLIC EDWARDIAN,1.49
22772,PINK DRAWER KNOB ACRYLIC EDWARDIAN,1.49
22771,CLEAR DRAWER KNOB ACRYLIC EDWARDIAN,1.49
21755,LOVE BUILDING BLOCK WORD,6.6
21908,CHOCOLATE THIS WAY METAL SIGN,2.4
22467,GUMBALL COAT RACK,2.65
22413,METAL SIGN TAKE IT OR LEAVE IT,3.21
82600,NO SINGING METAL SIGN,2.21
21903,MAN FLU METAL SIGN,2.4
21174,POTTERING IN THE SHED METAL SIGN,2.16
21166,COOK WITH WINE METAL SIGN,2.21
21164,HOME SWEET HOME METAL SIGN,3.21
82578,KITCHEN METAL SIGN,0.73
82580,BATHROOM METAL SIGN,0.73
22219,LOVEBIRD HANGING DECORATION WHITE,1.24
84406B,CREAM CUPID HEARTS COAT HANGER,3.44
84792,ENCHANTED BIRD COATHANGER 5 HOOK,4.68
21272,SALLE DE BAIN HOOK,1.48
22888,NUMBER TILE VINTAGE FONT 9,2.17
82583,HOT BATHS METAL SIGN,2.21
22212,FOUR HOOK  WHITE LOVEBIRDS,2.22
22853,CAT BOWL VINTAGE CREAM,3.45
22852,DOG BOWL VINTAGE CREAM,4.62
22845,VINTAGE CREAM CAT FOOD CONTAINER,6.91
22702,BLACK AND WHITE CAT BOWL,2.4
22701,PINK DOG BOWL,3.24
22700,BLACK AND WHITE DOG BOWL,3.24
85203,HANGING WOOD AND FELT BUTTERFLY,0.42
85204,HANGING WOOD AND FELT FLOWER,0.42
85197,SET OF 12 MINI BUNNIES IN A BUCKET,2.1
21028,NINJA RABBIT BLACK,1.25
85019B,BLOSSOM  IMAGES NOTEBOOK SET,4.25
16207B,PINK HEART RED HANDBAG,2.95
20698,LITTLE PINK MONSTER SOFT TOY,2.55
37495,FAIRY CAKE BIRTHDAY CANDLE SET,7.62
21123,SET/10 IVORY POLKADOT PARTY CANDLES,2.51
22062,CERAMIC BOWL WITH LOVE HEART DESIGN,5.91
79323P,PINK CHERRY LIGHTS,6.75
21655,HANGING RIDGE GLASS T-LIGHT HOLDER,1.69
22889,NUMBER TILE VINTAGE FONT NO,0.75
35265,COLOURFUL FLOWER FRUIT BOWL,6.95
22079,RIBBON REEL HEARTS DESIGN,2.51
22068,BLACK PIRATE TREASURE CHEST,4.13
22735,RIBBON REEL SOCKS AND MITTENS,2.46
22069,BROWN  PIRATE TREASURE CHEST,4.13
22074,6 RIBBONS SHIMMERING PINKS,2.46
22077,6 RIBBONS RUSTIC CHARM,4.13
22079,RIBBON REEL HEARTS DESIGN,2.46
22080,RIBBON REEL POLKADOTS,4.13
22083,PAPER CHAIN KIT RETROSPOT,6.63
22084,PAPER CHAIN KIT EMPIRE,4.96
22089,PAPER BUNTING VINTAGE PAISLEY,4.13
22110,BIRD HOUSE HOT WATER BOTTLE,7.46
22111,SCOTTIE DOG HOT WATER BOTTLE,5.79
22150,3 STRIPEY MICE FELTCRAFT,4.96
22736,RIBBON REEL MAKING SNOWMEN,2.46
22737,RIBBON REEL CHRISTMAS PRESENT,2.46
22738,RIBBON REEL SNOWY VILLAGE,2.46
22739,RIBBON REEL CHRISTMAS SOCK BAUBLE,2.46
22745,POPPY'S PLAYHOUSE BEDROOM,3.29
22746,POPPY'S PLAYHOUSE LIVINGROOM,3.29
22835,HOT WATER BOTTLE I AM SO POORLY,7.46
35970,ZINC FOLKART SLEIGH BELLS,4.13
47559b,TEA TIME OVEN GLOVE,3.29
47580,TEA TIME DES TEA COSY,5.79
22326,ROUND SNACK BOXES SET OF4 WOODLAND,6.63
84029E,RED WOOLLY HOTTIE WHITE HEART.,8.29
22327,ROUND SNACK BOXES SET OF 4 SKULLS,6.63
22328,ROUND SNACK BOXES SET OF 4 FRUITS,4.13
22367,CHILDRENS APRON SPACEBOY DESIGN,4.96
22377,BOTTLE BAG RETROSPOT,4.13
22378,WALL TIDY RETROSPOT,4.96
22379,RECYCLING BAG RETROSPOT,4.96
22380,TOY TIDY SPACEBOY,4.13
22382,LUNCH BAG SPACEBOY DESIGN,4.13
21215,IVORY PAPER CUP CAKE CASES,1.25
21238,RED RETROSPOT CUP,1.63
21239,PINK  POLKADOT CUP,1.63
21240,BLUE POLKADOT CUP,1.63
21242,RED RETROSPOT PLATE,2.46
21243,PINK  POLKADOT PLATE,2.46
21244,BLUE POLKADOT PLATE,2.46
21327,SKULLS WRITING SET,2.46
21328,BALLOONS  WRITING SET,3.29
21329,DINOSAURS  WRITING SET,3.29
21381,MINI WOODEN HAPPY BIRTHDAY GARLAND,4.13
21425,SKULLS STORAGE BOX LARGE,6.63
21427,SKULLS STORAGE BOX SMALL,4.96
21481,FAWN BLUE HOT WATER BOTTLE,6.63
21484,CHICK GREY HOT WATER BOTTLE,8.29
21485,RETROSPOT HEART HOT WATER BOTTLE,7.46
21556,CERAMIC STRAWBERRY MONEY BOX,4.13
21668,RED STRIPE CERAMIC DRAWER KNOB,2.46
21669,BLUE STRIPE CERAMIC DRAWER KNOB,2.46
21672,WHITE SPOT RED CERAMIC DRAWER KNOB,2.46
21673,WHITE SPOT BLUE CERAMIC DRAWER KNOB,2.46
21864,UNION JACK FLAG PASSPORT COVER,4.13
21866,UNION JACK FLAG LUGGAGE TAG,3.29
84029G,KNITTED UNION FLAG HOT WATER BOTTLE,8.29
84030e,ENGLISH ROSE HOT WATER BOTTLE,5.79
84380,SET OF 3 BUTTERFLY COOKIE CUTTERS,3.29
84692,BOX OF 24 COCKTAIL PARASOLS,1.63
84991,60 TEATIME FAIRY CAKE CASES,1.25
85049g,CHOCOLATE BOX RIBBONS,1.63
85099f,JUMBO BAG STRAWBERRY,4.96
20675,BLUE POLKADOT BOWL,1.63
20677,PINK POLKADOT BOWL,1.63
20717,STRAWBERRY SHOPPER BAG,2.46
20718,RED RETROSPOT SHOPPER BAG,3.29
20723,STRAWBERRY CHARLOTTE BAG,2.46
20726,LUNCH BAG WOODLAND,4.96
20727,LUNCH BAG  BLACK SKULL.,4.96
20728,LUNCH BAG CARS BLUE,4.13
20734,SILVER MINI TAPE MEASURE,1.63
20735,BLACK MINI TAPE MEASURE,1.63
20963,APPLE BATH SPONGE,2.46
20966,SANDWICH BATH SPONGE,2.46
21080,SET/20 RED RETROSPOT PAPER NAPKINS,2.46
21211,SET OF 72 SKULL PAPER  DOILIES,2.46
21212,PACK OF 72 RETROSPOT CAKE CASES,2.08
22417,PACK OF 60 SPACEBOY CAKE CASES,2.08
22499,WOODEN UNION JACK BUNTING,8.29
22549,PICTURE DOMINOES,2.46
22554,PLASTERS IN TIN WOODLAND ANIMALS,3.29
22555,PLASTERS IN TIN STRONGMAN,3.29
22557,PLASTERS IN TIN VINTAGE PAISLEY,3.29
22560,TRADITIONAL MODELLING CLAY,2.46
22631,CIRCUS PARADE LUNCH BOX,3.29
22637,PIGGY BANK RETROSPOT,5.79
22644,CERAMIC CHERRY CAKE MONEY BANK,4.13
21912,VINTAGE SNAKES & LADDERS,7.46
22646,CERAMIC STRAWBERRY CAKE MONEY BANK,4.13
21934,SKULL SHOULDER BAG,3.29
21976,PACK OF 60 MUSHROOM CAKE CASES,2.08
21989,PACK OF 20 SKULL PAPER NAPKINS,1.63
22652,TRAVEL SEWING KIT,4.13
22694,WICKER STAR,3.29
22725,ALARM CLOCK BAKELIKE CHOCOLATE,5.79
22727,ALARM CLOCK BAKELIKE RED,8.29
22728,ALARM CLOCK BAKELIKE PINK,5.79
22729,ALARM CLOCK BAKELIKE ORANGE,5.79
22730,ALARM CLOCK BAKELIKE IVORY,5.79
22734,SET OF 6 RIBBONS VINTAGE CHRISTMAS,5.79
16162L,THE KING GIFT BAG,0.65
21411,GINGHAM HEART  DOORSTOP RED,3.75
90204,PAIR OF ENAMEL BUTTERFLY HAIRCLIP,3.39
90092,BLUE CRYSTAL BOOT PHONE CHARM,1.66
90160B,RED BOUDICCA LARGE BRACELET,7.22
90190A,SILVER/CRYSTAL DROP EARRINGS W LEAF,2.96
21382,SET/4 SPRING FLOWER DECORATION,5.91
85206A,CREAM FELT EASTER EGG BASKET,3.36
90011E,AMBER CRYSTAL DROP EARRINGS,2.96
90038A,GLASS AND PAINTED BEADS BRACELET TO,3.81
90059C,DIAMANTE HAIR GRIP PACK/2 MONTANA,1.69
90079,VINTAGE ENAMEL & CRYSTAL NECKLACE,5.09
22281,EASTER TREE YELLOW BIRDS,5.95
22543,MINI JIGSAW BAKE A CAKE,0.36
20662,FIRST CLASS HOLIDAY PURSE,2.95
22322,BIRD DECORATION GREEN POLKADOT,0.85
85170D,SET/6 PINK BIRD T-LIGHT CANDLES,1.69
22880,NUMBER TILE VINTAGE FONT 1,1.95
22882,NUMBER TILE VINTAGE FONT 3,1.95
22323,PINK POLKADOT KIDS BAG,1.95
22103,MIRROR MOSAIC T-LIGHT HOLDER ROUND,1.65
90141D,ROSE PENDANT TRIPLE SHELL NECKLACE,5.51
21090,SET/6 COLLAGE PAPER PLATES,1.66
72130,COLUMBIAN CANDLE ROUND,1.66
72801C,4 ROSE PINK DINNER CANDLES,2.51
22072,RED RETROSPOT TEA CUP AND SAUCER,7.62
85032A,ROMANTIC IMAGES GIFT WRAP SET,4.21
23231,WRAP DOILEY DESIGN,0.42
84970S,HANGING HEART ZINC T-LIGHT HOLDER,0.64
21586,KINGS CHOICE GIANT TUBE MATCHES,2.1
62086A,PINK RETRO BIG FLOWER BAG,1.95
85034C,3 ROSE MORRIS BOXED CANDLES,3.29
85035B,CHOCOLATE 3 WICK MORRIS BOX CANDLE,3.29
85035C,ROSE 3 WICK MORRIS BOX CANDLE,3.29
85039A,SET/4 RED MINI ROSE CANDLE IN BOWL,1.63
85039B,S/4 IVORY MINI ROSE CANDLE IN BOWL,1.63
85049A,TRADITIONAL CHRISTMAS RIBBONS,2.46
85049C,ROMANTIC PINKS RIBBONS,2.46
85049G,CHOCOLATE BOX RIBBONS,2.46
85049H,URBAN BLACK RIBBONS,0.83
85059,FRENCH ENAMEL WATER BASIN,3.29
85071A,BLUE CHARLIE+LOLA PERSONAL DOORSIGN,0.83
85071B,RED CHARLIE+LOLA PERSONAL DOORSIGN,0.83
85071D,CHARLIE+LOLA MY ROOM DOOR SIGN,0.83
85087,CANDY SPOT CUSHION COVER,3.29
85088,CANDY SPOT HAND BAG,1.63
85094,CANDY SPOT EGG WARMER RABBIT,0.83
85099B,JUMBO BAG RED RETROSPOT,4.13
22645,CERAMIC HEART FAIRY CAKE MONEY BANK,3.29
22652,TRAVEL SEWING KIT,3.29
22662,LUNCH BAG DOLLY GIRL DESIGN,4.13
22666,RECIPE BOX PANTRY YELLOW DESIGN,5.79
22728,ALARM CLOCK BAKELIKE PINK,7.46
22730,ALARM CLOCK BAKELIKE IVORY,7.46
22737,RIBBON REEL CHRISTMAS PRESENT,3.29
22743,MAKE YOUR OWN FLOWERPOWER CARD KIT,5.79
22791,T-LIGHT GLASS FLUTED ANTIQUE,2.46
22801,ANTIQUE GLASS PEDESTAL BOWL,7.46
22834,HAND WARMER BABUSHKA DESIGN,1.63
22855,FINE WICKER HEART,2.46
22858,EASTER TIN KEEPSAKE,3.29
22862,LOVE HEART NAPKIN BOX,8.29
22900,SET 2 TEA TOWELS I LOVE LONDON,5.79
22909,SET OF 20 VINTAGE CHRISTMAS NAPKINS,1.63
22915,ASSORTED BOTTLE TOP  MAGNETS,4.96
22355,CHARLOTTE BAG SUKI DESIGN,1.63
22356,CHARLOTTE BAG PINK POLKADOT,1.63
22371,AIRLINE BAG VINTAGE TOKYO 78,4.13
22374,AIRLINE BAG VINTAGE JET SET RED,4.13
22377,BOTTLE BAG RETROSPOT,1.63
22378,WALL TIDY RETROSPOT,1.63
22412,METAL SIGN NEIGHBOURHOOD WITCH,4.13
22419,LIPSTICK PEN RED,0.83
22434,BALLOON PUMP WITH 10 BALLOONS,4.13
22439,6 ROCKET BALLOONS,1.25
22447,PIN CUSHION BABUSHKA BLUE,2.46
22452,MEASURING TAPE BABUSHKA PINK,1.63
22453,MEASURING TAPE BABUSHKA BLUE,1.63
22457,NATURAL SLATE HEART CHALKBOARD,5.79
22467,GUMBALL COAT RACK,4.96
22478,BIRDHOUSE GARDEN MARKER,2.46
22489,PACK OF 12 TRADITIONAL CRAYONS,0.83
22502,PICNIC BASKET WICKER SMALL,8.29
22530,MAGIC DRAWING SLATE DOLLY GIRL,0.83
22539,MINI JIGSAW DOLLY GIRL,0.83
22558,CLOTHES PEGS RETROSPOT PACK 24,2.46
22571,ROCKING HORSE RED CHRISTMAS,1.63
21846,PINK DIAMANTE PEN IN GIFT BOX,1.63
21847,GREEN  DIAMANTE PEN IN GIFT BOX,1.63
21868,POTTING SHED TEA MUG,3.29
21870,I CAN ONLY PLEASE ONE PERSON MUG,3.29
21878,PACK OF 6 SANDCASTLE FLAGS ASSORTED,1.63
21879,HEARTS GIFT TAPE,0.42
21882,SKULLS TAPE,0.42
21884,CAKES AND BOWS GIFT  TAPE,0.42
21894,POTTING SHED SEED ENVELOPES,2.46
21900,"KEY FOB , SHED",1.63
21913,VINTAGE SEASIDE JIGSAW PUZZLES,3.29
21928,JUMBO BAG SCANDINAVIAN PAISLEY,4.13
21930,JUMBO STORAGE BAG SKULLS,4.13
21931,JUMBO STORAGE BAG SUKI,4.13
21934,SKULL SHOULDER BAG,1.63
84659A,WHITE TRAVEL ALARM CLOCK,2.46
84660B,BLACK STITCHED WALL CLOCK,3.29
84748,FOLK FELT HANGING MULTICOL GARLAND,2.46
84754,S/15 SILVER GLASS BAUBLES IN BAG,2.46
84836,ZINC METAL HEART DECORATION,2.46
84870B,BLUE GEISHA GIRL,2.46
84879,ASSORTED COLOUR BIRD ORNAMENT,3.12
84912B,GREEN ROSE WASHBAG,3.29
84931A,PINK SCOTTIE DOG W FLOWER PATTERN,1.63
84931B,BLUE SCOTTIE DOG W FLOWER PATTERN,1.63
84946,ANTIQUE SILVER TEA GLASS ETCHED,2.46
84951A,SET OF 4 PISTACHIO LOVEBIRD COASTER,1.63
84951B,SET OF 4 BLACK LOVEBIRD COASTERS,1.63
84952A,CLEAR LOVE BIRD T-LIGHT HOLDER,1.63
84968A,SET OF 16 VINTAGE ROSE CUTLERY,8.29
84968C,SET OF 16 VINTAGE PISTACHIO CUTLERY,8.29
84968D,SET OF 16 VINTAGE RED CUTLERY,8.29
84968E,SET OF 16 VINTAGE BLACK CUTLERY,8.29
84968F,SET OF 16 VINTAGE SKY BLUE CUTLERY,8.29
84970S,HANGING HEART ZINC T-LIGHT HOLDER,2.08
84978,HANGING HEART JAR T-LIGHT HOLDER,2.46
84987,SET OF 36 TEATIME PAPER DOILIES,2.92
84988,SET OF 72 PINK HEART PAPER DOILIES,2.92
84993A,75 GREEN PETIT FOUR CASES,0.83
22201,FRYING PAN BLUE POLKADOT,3.29
22204,MILK PAN BLUE POLKADOT,3.29
22212,FOUR HOOK  WHITE LOVEBIRDS,4.13
22214,CANDLE PLATE LACE WHITE,1.63
22219,LOVEBIRD HANGING DECORATION WHITE,1.63
22222,CAKE PLATE LOVEBIRD WHITE,4.13
22223,CAKE PLATE LOVEBIRD PINK,4.13
22224,WHITE LOVEBIRD LANTERN,5.79
22242,5 HOOK HANGER MAGIC TOADSTOOL,3.29
22249,DECORATION WHITE CHICK MAGIC GARDEN,0.79
22250,DECORATION  BUTTERFLY  MAGIC GARDEN,0.79
22257,FELT FARM ANIMAL SHEEP,0.83
22258,FELT FARM ANIMAL RABBIT,0.83
22259,FELT FARM ANIMAL HEN,0.83
22279,POCKET BAG BLUE PAISLEY RED SPOT,0.83
22280,POCKET BAG PINK PAISELY BROWN SPOT,0.83
21935,SUKI  SHOULDER BAG,1.63
22294,HEART FILIGREE DOVE  SMALL,2.46
22379,RECYCLING BAG RETROSPOT,4.13
22572,ROCKING HORSE GREEN CHRISTMAS,1.63
22575,METAL MERRY CHRISTMAS WREATH,4.13
21982,PACK OF 12 SUKI TISSUES,0.83
21990,MODERN FLORAL STATIONERY SET,2.46
21991,BOHEMIAN COLLAGE STATIONERY SET,2.46
21992,VINTAGE PAISLEY STATIONERY SET,2.46
21993,FLORAL FOLK STATIONERY SET,2.46
22024,RAINY LADIES BIRTHDAY CARD,0.83
90039C,FIRE POLISHED GLASS BRACELET BLACK,3.73
90039D,FIRE POLISHED GLASS BRACELET GREEN,3.73
90040A,MURANO STYLE GLASS BRACELET RED,4.15
90134,OLD ROSE COMBO BEAD NECKLACE,2.9
90201D,GREEN ENAMEL FLOWER RING,2.9
90209B,GREEN ENAMEL+GLASS HAIR COMB,2.07
90214D,"LETTER ""D"" BLING KEY RING",0.83
90214F,"LETTER ""F"" BLING KEY RING",0.83
90214K,"LETTER ""K"" BLING KEY RING",0.83
22028,PENNY FARTHING BIRTHDAY CARD,0.83
22383,LUNCH BAG SUKI  DESIGN,4.13
22384,LUNCH BAG PINK POLKADOT,4.13
22295,HEART FILIGREE DOVE LARGE,3.29
22301,COFFEE MUG CAT + BIRD DESIGN,4.96
22308,TEA COSY BLUE STRIPE,4.96
22035,VINTAGE CARAVAN GREETING CARD,0.83
22037,ROBOT BIRTHDAY CARD,0.83
22070,SMALL RED RETROSPOT MUG IN BOX,3.29
22074,6 RIBBONS SHIMMERING PINKS,0.83
22082,RIBBON REEL STRIPES DESIGN,3.29
22083,PAPER CHAIN KIT RETROSPOT,5.79
21065,BOOM BOX SPEAKER GIRLS,3.29
22090,PAPER BUNTING RETROSPOT,5.79
22317,FIVE CATS HANGING DECORATION,2.46
22403,MAGNETS PACK OF 4 VINTAGE LABELS,0.83
22641,SET OF 4 NAPKIN CHARMS INSTRUMENT,1.63
22759,SET OF 3 NOTEBOOKS IN PARCEL,3.29
37342,POLKADOT COFFEE CUP & SAUCER PINK,2.46
47504H,ENGLISH ROSE SPIRIT LEVEL,3.29
47585A,PINK FAIRY CAKE CUSHION COVER,4.13
70007,HI TEC ALPINE HAND WARMER,1.63
82581,TOILET METAL SIGN,1.25
82613C,"METAL SIGN,CUPCAKE SINGLE HOOK",0.83
84030E,ENGLISH ROSE HOT WATER BOTTLE,8.29
84251C,"GREETING CARD, TWO SISTERS.",0.42
84406B,CREAM CUPID HEARTS COAT HANGER,6.63
84510A,SET OF 4 ENGLISH ROSE COASTERS,2.46
84569D,PACK 6 HEART/ICE-CREAM PATCHES,0.83
84596J,MIXED NUTS LIGHT GREEN BOWL,0.83
21078,SET/20 STRAWBERRY PAPER NAPKINS,1.63
21080,SET/20 RED RETROSPOT PAPER NAPKINS,1.63
21086,SET/6 RED SPOTTY PAPER CUPS,1.63
21090,SET/6 COLLAGE PAPER PLATES,1.63
21094,SET/6 RED SPOTTY PAPER PLATES,1.63
21109,LARGE CAKE TOWEL CHOCOLATE SPOTS,4.13
21110,LARGE CAKE TOWEL PINK SPOTS,4.13
21111,"SWISS ROLL TOWEL, CHOCOLATE  SPOTS",2.46
21112,"SWISS ROLL TOWEL, PINK  SPOTS",2.46
21122,SET/10 PINK POLKADOT PARTY CANDLES,2.46
21147,JINGLE BELLS TREE DECORATION,2.46
84580,MOUSE TOY WITH PINK T-SHIRT,4.13
84596B,SMALL DOLLY MIX DESIGN ORANGE BOWL,0.83
84596E,SMALL LICORICE DES PINK BOWL,0.83
84596F,SMALL MARSHMALLOWS PINK BOWL,0.83
84596L,BISCUITS SMALL BOWL LIGHT BLUE,0.83
22110,BIRD HOUSE HOT WATER BOTTLE,3.29
22131,FOOD CONTAINER SET 3 LOVE HEART,4.13
22135,MINI LADLE LOVE HEART PINK,0.42
22144,CHRISTMAS CRAFT LITTLE FRIENDS,4.13
22148,EASTER CRAFT 4 CHICKS,4.13
22161,HEART DECORATION RUSTIC HANGING,0.79
22162,HEART GARLAND RUSTIC PADDED,3.29
22166,WALL MIRROR RECTANGLE DIAMANTE PINK,7.46
22178,VICTORIAN GLASS HANGING T-LIGHT,2.46
22183,CAKE STAND VICTORIAN FILIGREE MED,5.79
22195,LARGE HEART MEASURING SPOONS,3.29
22321,BIRD DECORATION RED RETROSPOT,1.63
22322,BIRD DECORATION GREEN POLKADOT,0.79
22325,MOBILE VINTAGE HEARTS,3.29
22328,ROUND SNACK BOXES SET OF 4 FRUITS,5.79
22333,RETROSPOT PARTY BAG + STICKER SET,3.29
22342,HOME GARLAND PAINTED ZINC,1.63
22343,PARTY PIZZA DISH RED RETROSPOT,0.42
22344,PARTY PIZZA DISH PINK POLKADOT,0.42
22345,PARTY PIZZA DISH BLUE POLKADOT,0.42
22346,PARTY PIZZA DISH GREEN POLKADOT,0.42
21155,RED RETROSPOT PEG BAG,4.13
21164,HOME SWEET HOME METAL SIGN,5.79
21194,PINK  HONEYCOMB PAPER FAN,1.63
21195,PINK  HONEYCOMB PAPER BALL,1.63
21200,MULTICOLOUR HONEYCOMB PAPER GARLAND,1.63
21209,MULTICOLOUR HONEYCOMB FAN,1.63
21210,SET OF 72 RETROSPOT PAPER  DOILIES,2.92
21212,PACK OF 72 RETROSPOT CAKE CASES,1.25
21219,SET/4 BADGES BALLOON GIRL,0.83
85099F,JUMBO BAG STRAWBERRY,4.13
85123A,WHITE HANGING HEART T-LIGHT HOLDER,5.79
85131A,BEADED PEARL HEART WHITE ON STICK,0.83
85131B,BEADED CRYSTAL HEART GREEN ON STICK,0.83
85131D,BEADED CRYSTAL HEART PINK ON STICK,0.83
85150,LADIES & GENTLEMEN METAL SIGN,4.96
85169A,IVORY LOVE BIRD CANDLE,0.83
85169B,BLACK LOVE BIRD CANDLE,0.83
85169C,EAU DE NIL LOVE BIRD CANDLE,0.83
85169D,PINK LOVE BIRD CANDLE,0.83
85170C,SET/6 EAU DE NIL BIRD T-LIGHTS,2.46
85170D,SET/6 PINK BIRD T-LIGHT CANDLES,2.46
85174,S/4 CACTI CANDLES,4.13
85180A,RED HEARTS LIGHT CHAIN,2.46
85180B,PINK HEARTS LIGHT CHAIN,2.46
85184C,S/4 VALENTINE DECOUPAGE HEART BOX,3.29
85199S,SMALL HANGING IVORY/RED WOOD BIRD,0.83
85202,HANGING WOOD AND FELT HEART,0.42
90011A,MIDNIGHT BLUE CRYSTAL DROP EARRINGS,2.9
90039A,FIRE POLISHED GLASS BRACELET RED,3.73
90039B,FIRE POLISHED GLASS BRACELET MONTAN,3.73
21220,SET/4 BADGES DOGS,0.83
21221,SET/4 BADGES CUTE CREATURES,0.83
21222,SET/4 BADGES BEETLES,0.83
21270,ANTIQUE CREAM CUTLERY CUPBOARD,8.29
21284,RETROSPOT CANDLE  SMALL,3.29
21314,SMALL GLASS HEART TRINKET POT,4.13
21326,AGED GLASS SILVER T-LIGHT HOLDER,1.63
10125,MINI FUNKY DESIGN TAPES,0.79
15034,PAPER POCKET TRAVELING FAN,0.83
16235,RECYCLED PENCIL WITH RABBIT ERASER,0.42
17012A,ORIGAMI VANILLA INCENSE/CANDLE SET,2.46
17012F,ORIGAMI SANDLEWOOD INCENSE/CAND SET,2.46
20616,CHERRY BLOSSOM PASSPORT COVER,1.63
20618,QUEEN OF THE SKIES PASSPORT COVER,1.63
20653,CHERRY BLOSSOM LUGGAGE TAG,0.83
20655,QUEEN OF SKIES LUGGAGE TAG,0.83
20682,RED RETROSPOT CHILDRENS UMBRELLA,6.63
20713,JUMBO BAG OWLS,4.13
20717,STRAWBERRY SHOPPER BAG,0.83
20724,RED RETROSPOT CHARLOTTE BAG,1.63
20725,LUNCH BAG RED RETROSPOT,4.13
20733,GOLD MINI TAPE MEASURE,0.83
20735,BLACK MINI TAPE MEASURE,0.83
20801,LARGE PINK GLASS SUNDAE DISH,2.46
20818,GOLD TEDDY BEAR,7.46
20819,SILVER TEDDY BEAR,2.46
20854,BLUE PATCH PURSE PINK HEART,1.63
20866,BLUE ROSE FABRIC MIRROR,0.83
20867,PINK ROSE FABRIC MIRROR,0.83
20972,PINK CREAM FELT CRAFT TRINKET BOX,2.46
20975,12 PENCILS SMALL TUBE RED RETROSPOT,1.25
20979,36 PENCILS TUBE RED RETROSPOT,2.46
20996,JAZZ HEARTS ADDRESS BOOK,0.83
20998,ROSE DU SUD OVEN GLOVE,3.29
21012,ANTIQUE ALL GLASS CANDLESTICK,2.46
21025,SPACE FROG,0.83
21033,JUMBO BAG CHARLIE AND LOLA TOYS,2.46
21043,APRON MODERN VINTAGE COTTON,4.13
21051,RIBBONS PURSE,1.63
21371,MIRRORED WALL ART POPPIES,4.96
22197,SMALL POPCORN HOLDER,1.63
22348,TEA BAG PLATE RED RETROSPOT,1.63
84569A,PACK 3 IRON ON DOG PATCHES,0.83
84509A,SET OF 4 ENGLISH ROSE PLACEMATS,3.29
84509E,SET OF 4 CAROUSEL PLACEMATS,3.29
84251G,"GREETING CARD, OVERCROWDED POOL.",0.42
84313C,ORANGE TV TRAY TABLE,5.79
84347,ROTATING SILVER ANGELS T-LIGHT HLDR,4.96
84356,POMPOM CURTAIN,5.79
84251B,"GREETING CARD, STICKY GORDON",0.42
21398,RED POLKADOT COFFEE  MUG,4.13
21399,BLUE POLKADOT COFFEE MUG,4.13
21402,RED  EGG  SPOON,0.83
21403,BLUE EGG  SPOON,0.83
21494,ROTATING LEAVES T-LIGHT HOLDER,1.63
82613D,METAL SIGN CUPCAKE SINGLE HOOK,0.83
82583,HOT BATHS METAL SIGN,4.13
82613B,"METAL SIGN,CUPCAKE SINGLE HOOK",0.83
72807A,SET/3 ROSE CANDLE IN JEWELLED BOX,8.29
82482,WOODEN PICTURE FRAME WHITE FINISH,4.96
82494L,WOODEN FRAME ANTIQUE WHITE,7.46
82551,LAUNDRY 15C METAL SIGN,2.46
70006,LOVE HEART POCKET WARMER,1.63
47594B,SCOTTIES DESIGN WASHBAG,1.63
47563A,RETRO LONGBOARD IRONING BOARD COVER,3.29
47566,PARTY BUNTING,8.29
46776F,WOVEN ROSE GARDEN CUSHION COVER,4.13
47310M,"SMALL POP BOX,FUNKY MONKEY",1.63
21557,SET OF 6 FUNKY BEAKERS,2.46
21633,SUNFLOWER DECORATIVE PARASOL,8.29
21656,RIDGED GLASS POSY VASE,3.29
21731,RED TOADSTOOL LED NIGHT LIGHT,3.29
21775,DECORATIVE FLORE BATHROOM BOTTLE,1.25
21790,VINTAGE SNAP CARDS,1.63
22972,CHILDREN'S SPACEBOY MUG,3.29
22973,CHILDREN'S CIRCUS PARADE MUG,3.29
22974,CHILDRENS DOLLY GIRL MUG,3.29
22975,SPACEBOY CHILDRENS EGG CUP,2.46
22977,DOLLY GIRL CHILDRENS EGG CUP,2.46
35651,VINTAGE BEAD PINK SCARF,3.29
35957,SMALLFOLKART BAUBLE CHRISTMAS DEC,1.63
35961,FOLKART ZINC HEART CHRISTMAS DEC,1.63
35971,ROSE FOLKART HEART DECORATIONS,2.46
84997B,RED 3 PIECE RETROSPOT CUTLERY SET,7.46
85034B,3 WHITE CHOC MORRIS BOXED CANDLES,3.29
21425,SKULLS STORAGE BOX LARGE,2.55
35912B,WHITE/PINK CHICK DECORATION,1.25
23230,WRAP ALPHABET DESIGN,0.42
85206B,PINK FELT EASTER EGG BASKET,1.65
84748,FOLK FELT HANGING MULTICOL GARLAND,3.75
85189,HANGING BUTTERFLY  EGG,0.85
84745A,PINK HANGING GINGHAM EASTER HEN,0.42
84745B,BLUE HANGING GINGHAM EASTER HEN,0.42
22287,"DECORATION , WOBBLY CHICKEN, METAL",1.65
85186C,BUNNY EGG GARLAND,0.42
22438,BALLOON ART MAKE YOUR OWN FLOWERS,1.63
84032A,CHARLIE+LOLA PINK HOT WATER BOTTLE,3.29
84596G,SMALL CHOCOLATES PINK BOWL,0.83
84950,ASSORTED COLOUR T-LIGHT HOLDER,0.97
85071C,"CHARLIE+LOLA""EXTREMELY BUSY"" SIGN",0.83
85132A,CHARLIE + LOLA BISCUITS TINS,8.29
85095,THREE CANVAS LUGGAGE TAGS,1.25
85129D,BEADED CRYSTAL HEART PINK SMALL,2.46
22444,GROW YOUR OWN PLANT IN A CAN,2.46
22446,PIN CUSHION BABUSHKA PINK,2.46
22466,FAIRY TALE COTTAGE NIGHTLIGHT,4.13
22469,HEART OF WICKER SMALL,3.29
22471,TV DINNER TRAY AIR HOSTESS,4.13
22481,BLACK TEA TOWEL CLASSIC DESIGN,0.83
10133,COLOURING PENCILS BROWN TUBE,0.79
15036,ASSORTED COLOURS SILK FAN,1.25
16225,RATTLE SNAKE EGGS,0.83
20617,FIRST CLASS PASSPORT COVER,1.63
20619,TROPICAL PASSPORT COVER,1.63
20654,FIRST CLASS LUGGAGE TAG,0.83
20659,ECONOMY LUGGAGE TAG,0.83
20662,FIRST CLASS HOLIDAY PURSE,2.46
20663,QUEEN OF THE SKIES HOLIDAY PURSE,2.46
20696,FLORAL SOFT CAR TOY,3.29
20699,MOUSEY LONG LEGS SOFT TOY,2.46
20726,LUNCH BAG WOODLAND,4.13
85132B,CHARLIE AND LOLA TABLE TINS,8.29
22029,SPACEBOY BIRTHDAY CARD,0.83
22080,RIBBON REEL POLKADOTS,3.29
22095,LADS ONLY TISSUE BOX,2.46
22100,SKULLS SQUARE TISSUE BOX,2.46
22494,EMERGENCY FIRST AID TIN,2.46
85049E,SCANDINAVIAN REDS RIBBONS,2.46
85053,FRENCH ENAMEL CANDLEHOLDER,4.13
22117,METAL SIGN HER DINNER IS SERVED,1.63
22136,LOVE HEART SOCK HANGER,3.29
22141,CHRISTMAS CRAFT TREE TOP ANGEL,4.13
22173,METAL 4 HOOK HANGER FRENCH CHATEAU,5.79
22184,CAKE STAND VICTORIAN FILIGREE LARGE,8.29
84970L,SINGLE HEART ZINC T-LIGHT HOLDER,2.08
85017B,ENVELOPE 50 BLOSSOM IMAGES,0.83
84952B,BLACK LOVE BIRD T-LIGHT HOLDER,1.63
20832,RED FLOCK LOVE HEART PHOTO FRAME,0.79
20856,DENIM PATCH PURSE PINK BUTTERFLY,1.63
20971,PINK BLUE FELT CRAFT TRINKET BOX,2.46
21026,SPACE OWL,0.83
21027,NINJA RABBIT PINK,0.83
22545,MINI JIGSAW BUNNIES,0.83
22570,FELTCRAFT CUSHION RABBIT,7.46
22586,FELTCRAFT HAIRBAND PINK AND BLUE,1.63
22621,TRADITIONAL KNITTING NANCY,3.29
22670,FRENCH WC SIGN BLUE METAL,2.46
22717,CARD DOG AND BALL,0.83
22202,MILK PAN PINK POLKADOT,7.46
22207,FRYING PAN UNION FLAG,8.29
22208,WOOD STAMP SET THANK YOU,1.63
22210,WOOD STAMP SET BEST WISHES,1.63
22211,WOOD STAMP SET FLOWERS,1.63
22216,T-LIGHT HOLDER WHITE LACE,0.79
22247,BUNNY DECORATION MAGIC GARDEN,0.79
21028,NINJA RABBIT BLACK,0.83
21032,SPACE CADET WHITE,0.83
22248,DECORATION  PINK CHICK MAGIC GARDEN,0.79
84685,BEACH HUT KEY CABINET,7.46
84707A,SILVER JEWELLED MIRROR TRINKET TRAY,5.79
84711A,SILVER OVAL SHAPE TRINKET BOX,5.79
84849A,HELLO SAILOR BLUE SOAP HOLDER,3.29
84870C,GREEN GEISHA GIRL,2.46
84882,GREEN WIRE STANDING CANDLE HOLDER,7.46
84913A,SOFT PINK ROSE TOWEL,3.29
84923,PINK BUTTERFLY HANDBAG W BOBBLES,4.13
84519A,TOMATO CHARLIE+LOLA COASTER SET,3.29
84519B,CARROT CHARLIE+LOLA COASTER SET,3.29
84563A,PINK & WHITE BREAKFAST TRAY,4.13
84032B,CHARLIE + LOLA RED HOT WATER BOTTLE,3.29
84086C,PINK/PURPLE RETRO RADIO,2.46
84313B,BLUE TV TRAY TABLE,5.79
84457,SET/3 RABBITS FLOWER SKIPPPING ROPE,1.63
84459A,PINK METAL CHICKEN HEART,3.29
84459B,YELLOW METAL CHICKEN HEART,3.29
84509B,SET OF 4 FAIRY CAKE PLACEMATS,3.29
84509G,SET OF 4 FAIRY CAKE PLACEMATS,3.29
72816,SET/3 CHRISTMAS DECOUPAGE CANDLES,2.46
79000,MOROCCAN TEA GLASS,1.65
79144B,PAINTED LIGHTBULB STAR+ MOON,0.83
84012,MAGIC SHEEP WOOL GROWING FROM PAPER,1.63
84031A,CHARLIE+LOLA RED HOT WATER BOTTLE,4.13
21116,OWL DOORSTOP,8.29
21166,COOK WITH WINE METAL SIGN,4.13
21169,YOU'RE CONFUSING ME METAL SIGN,4.13
21181,PLEASE ONE PERSON METAL SIGN,4.13
21208,PASTEL COLOUR HONEYCOMB FAN,1.63
21272,SALLE DE BAIN HOOK,2.46
21385,IVORY HANGING DECORATION  HEART,1.63
90125C,TURQUOISE BERTIE GLASS BEAD CHARM,1.63
90125D,PURPLE BERTIE GLASS BEAD BAG CHARM,1.63
90125E,AMBER BERTIE GLASS BEAD BAG CHARM,1.63
90129A,PINK GLASS TASSLE BAG CHARM,1.63
90130D,RED STONE/CRYSTAL EARRINGS,2.9
90144,SILVER DROP EARRINGS WITH FLOWER,3.73
90158,ST TROPEZ NECKLACE,4.98
90161A,ANT COPPER RED BOUDICCA BRACELET,4.98
90200A,PURPLE SWEETHEART BRACELET,4.15
21390,FILIGRIS HEART WITH BUTTERFLY,2.46
47591B,SCOTTIES CHILDRENS APRON,1.63
47594A,CAROUSEL DESIGN WASHBAG,1.63
22960,JAM MAKING SET WITH JARS,8.29
22966,GINGERBREAD MAN COOKIE CUTTER,2.46
22969,HOMEMADE JAM SCENTED CANDLES,3.29
22983,CARD BILLBOARD FONT,0.83
35095A,BLUE VICTORIAN FABRIC OVAL BOX,0.83
35646,VINTAGE BEAD PINK EVENING BAG,2.46
35648,VINTAGE BEAD PINK PURSE,1.63
35809A,ENAMEL PINK TEA CONTAINER,4.13
35810A,ENAMEL PINK COFFEE CONTAINER,4.13
22722,SET OF 6 SPICE TINS PANTRY DESIGN,8.29
22723,SET OF 6 HERB TINS SKETCHBOOK,8.29
22750,FELTCRAFT PRINCESS LOLA DOLL,7.46
22771,CLEAR DRAWER KNOB ACRYLIC EDWARDIAN,2.46
22775,PURPLE DRAWERKNOB ACRYLIC EDWARDIAN,2.46
22265,EASTER DECORATION NATURAL CHICK,1.25
22266,EASTER DECORATION HANGING BUNNY,1.25
22296,HEART IVORY TRELLIS LARGE,3.29
22300,COFFEE MUG DOG + BALL DESIGN,4.96
22326,ROUND SNACK BOXES SET OF4 WOODLAND,5.79
21447,12 IVORY ROSE PEG PLACE SETTINGS,2.46
21455,PAINTED YELLOW WOODEN DAISY,1.63
21479,WHITE SKULL HOT WATER BOTTLE,7.46
21481,FAWN BLUE HOT WATER BOTTLE,5.79
21508,VINTAGE KID DOLLY CARD,0.83
21564,PINK  HEART SHAPE LOVE BUCKET,5.79
21618,4 WILDFLOWER BOTANICAL CANDLES,2.46
21650,ASSORTED TUTTI FRUTTI BRACELET,0.42
21658,GLASS  BEURRE DISH,8.29
21675,BUTTERFLIES STICKERS,0.79
21676,FLOWERS  STICKERS,0.79
22804,CANDLEHOLDER PINK HANGING HEART,5.79
21677,HEARTS  STICKERS,0.79
21678,PAISLEY PATTERN  STICKERS,0.79
21849,SILVER DIAMANTE PEN IN GIFT BOX,1.63
21873,IF YOU CAN'T STAND THE HEAT MUG,1.63
21874,GIN AND TONIC MUG,3.29
21876,POTTERING MUG,1.63
35924,HANGING FAIRY CAKE DECORATION,4.13
35964,FOLKART CLIP ON STARS,1.63
37327,ASSTD MULTICOLOUR CIRCLES MUG,5.79
37482P,CUBIC MUG PINK POLKADOT,5.79
22354,RETROSPOT PADDED SEAT CUSHION,7.46
22372,AIRLINE BAG VINTAGE WORLD CHAMPION,4.13
21881,CUTE CATS TAPE,0.42
21883,STARS GIFT TAPE,0.42
21929,JUMBO BAG PINK VINTAGE PAISLEY,4.13
22816,CARD MOTORBIKE SANTA,0.83
22396,MAGNETS PACK OF 4 RETRO PHOTO,0.83
22411,JUMBO SHOPPER VINTAGE RED PAISLEY,4.13
22429,ENAMEL MEASURING JUG CREAM,8.29
21983,PACK OF 12 BLUE PAISLEY TISSUES,0.83
21984,PACK OF 12 PINK PAISLEY TISSUES,0.83
85132C,CHARLIE AND LOLA FIGURES TINS,8.29
85168B,BLACK BAROQUE CARRIAGE CLOCK,8.29
85173,SET/6 FROG PRINCE T-LIGHT CANDLES,2.46
85186A,EASTER BUNNY GARLAND OF FLOWERS,0.83
85186C,BUNNY EGG GARLAND,0.83
85194L,HANGING SPRING FLOWER EGG LARGE,1.63
85199L,LARGE HANGING IVORY & RED WOOD BIRD,1.25
90081C,LILY BROOCH OLIVE COLOUR,4.98
90103,PURPLE FRANGIPANI NECKLACE,2.48
90115,SUMMER BUTTERFLIES BAG CHARM,2.46
90125A,PINK BERTIE GLASS BEAD BAG CHARM,1.63
90125B,AQUA BERTIE GLASS BEAD BAG CHARM,1.63
22435,SET OF 9 HEART SHAPED BALLOONS,2.46
85019C,CURIOUS  IMAGES NOTEBOOK SET,1.25
21117,BLOND DOLL DOORSTOP,6.75
90210C,RED   ACRYLIC FACETED BANGLE,2.95
90210A,GREY ACRYLIC FACETED BANGLE,2.95
21459,YELLOW EASTER EGG HUNT START POST,1.95
21460,GREEN EASTER EGG HUNT START POST,1.95
85186A,EASTER BUNNY GARLAND OF FLOWERS,0.42
22247,BUNNY DECORATION MAGIC GARDEN,0.85
21158,MOODY GIRL DOOR HANGER,3.29
21820,GLITTER HEART GARLAND WITH BELLS,7.46
21821,GLITTER STAR GARLAND WITH BELLS,7.46
21890,S/6 WOODEN SKITTLES IN COTTON BAG,5.79
22352,LUNCH BOX WITH CUTLERY RETROSPOT,4.96
22383,LUNCH BAG SUKI  DESIGN,4.96
22778,GLASS CLOCHE SMALL,8.29
37468,HARDMAN MUG 3 ASSORTED,7.46
72801d,4 SKY BLUE DINNER CANDLES,2.46
84032B,CHARLIE + LOLA RED HOT WATER BOTTLE,5.79
20711,JUMBO BAG TOYS,4.13
21033,JUMBO BAG CHARLIE AND LOLA TOYS,5.38
21035,SET/2 RED RETROSPOT TEA TOWELS,5.79
21245,GREEN POLKADOT PLATE,3.29
21897,POTTING SHED CANDLE CITRONELLA,5.79
22196,SMALL HEART MEASURING SPOONS,1.63
22357,KINGS CHOICE BISCUIT TIN,8.29
22488,NATURAL SLATE RECTANGLE CHALKBOARD,3.29
22569,FELTCRAFT CUSHION BUTTERFLY,7.46
22696,WICKER WREATH LARGE,4.13
22719,GUMBALL MONOCHROME COAT RACK,2.46
22896,PEG BAG APPLES DESIGN,4.96
85231g,ORANGE SCENTED SET/9 T-LIGHTS,1.63
20886,BOX OF 9 PEBBLE CANDLES,4.13
21411,GINGHAM HEART  DOORSTOP RED,8.29
21430,SET/3 RED GINGHAM ROSE STORAGE BOX,7.46
21700,BIG DOUGHNUT FRIDGE MAGNETS,8.29
21731,RED TOADSTOOL LED NIGHT LIGHT,4.13
22055,MINI CAKE STAND  HANGING STRAWBERY,3.29
22318,FIVE HEART HANGING DECORATION,5.79
22371,AIRLINE BAG VINTAGE TOKYO 78,8.29
22386,JUMBO BAG PINK POLKADOT,4.96
22619,SET OF 6 SOLDIER SKITTLES,7.46
22697,GREEN REGENCY TEACUP AND SAUCER,5.79
22699,ROSES REGENCY TEACUP AND SAUCER,5.79
47566b,TEA TIME PARTY BUNTING,8.29
82599,FANNY'S REST STOPMETAL SIGN,4.13
82600,NO SINGING METAL SIGN,4.13
85114c,RED ENCHANTED FOREST PLACEMAT,3.29
20978,36 PENCILS TUBE SKULLS,2.46
21041,RED RETROSPOT OVEN GLOVE DOUBLE,5.79
21094,SET/6 RED SPOTTY PAPER PLATES,2.46
21174,POTTERING IN THE SHED METAL SIGN,4.13
21218,RED SPOTTY BISCUIT TIN,8.29
21494,ROTATING LEAVES T-LIGHT HOLDER,5.79
21786,POLKADOT RAIN HAT,0.79
21802,CHRISTMAS TREE HEART DECORATION,0.83
21803,CHRISTMAS TREE STAR DECORATION,0.83
21876,POTTERING MUG,3.29
21888,BINGO SET,7.46
21928,JUMBO BAG SCANDINAVIAN PAISLEY,4.96
22041,"RECORD FRAME 7"" SINGLE SIZE",4.96
22469,HEART OF WICKER SMALL,4.13
22681,FRENCH BLUE METAL DOOR SIGN 6,2.46
22898,CHILDRENS APRON APPLES DESIGN,4.13
82580,BATHROOM METAL SIGN,1.25
84559b,3D SHEET OF CAT STICKERS,1.66
84884a,ANT WHITE WIRE HEART SPIRAL,8.29
85114a,BLACK ENCHANTED FOREST PLACEMAT,3.29
20681,PINK POLKADOT CHILDRENS UMBRELLA,6.63
21061,PARTY INVITES FOOTBALL,1.63
21154,RED RETROSPOT OVEN GLOVE,3.29
21428,SET3 BOOK BOX GREEN GINGHAM FLOWER,8.29
21558,SKULL LUNCH BOX WITH CUTLERY,4.96
21948,SET OF 6 CAKE CHOPSTICKS,2.46
22187,GREEN CHRISTMAS TREE CARD HOLDER,8.29
22199,FRYING PAN RED RETROSPOT,8.29
22422,TOOTHPASTE TUBE PEN,1.25
22668,PINK BABY BUNTING,5.79
35809a,ENAMEL PINK TEA CONTAINER,4.13
37340,MULTICOLOUR SPRING FLOWER MUG,8.29
82578,KITCHEN METAL SIGN,1.25
85176,SEWING SUSAN 21 NEEDLE SET,1.63
84660c,PINK STITCHED WALL CLOCK,7.46
84970s,HANGING HEART ZINC T-LIGHT HOLDER,2.08
20655,QUEEN OF SKIES LUGGAGE TAG,2.46
21156,RETROSPOT CHILDRENS APRON,4.13
21157,RED RETROSPOT WASHBAG,4.13
21253,SET OF PICTURE FRAME  STICKERS,5.79
21791,VINTAGE HEADS AND TAILS CARD GAME,2.46
22094,RED RETROSPOT TISSUE BOX,2.46
22460,EMBOSSED GLASS TEALIGHT HOLDER,2.46
22630,DOLLY GIRL LUNCH BOX,2.46
22665,RECIPE BOX BLUE SKETCHBOOK DESIGN,5.79
22891,TEA FOR ONE POLKADOT,8.29
84519B,CARROT CHARLIE+LOLA COASTER SET,5.79
84559a,3D SHEET OF DOG STICKERS,1.66
22156,HEART DECORATION WITH PEARLS,1.63
22161,HEART DECORATION RUSTIC HANGING,1.63
22188,BLACK HEART CARD HOLDER,8.29
22297,HEART IVORY TRELLIS SMALL,2.46
22398,MAGNETS PACK OF 4 SWALLOWS,2.46
72349b,SET/6 PURPLE BUTTERFLY T-LIGHTS,4.13
M,MANUAL,2.5
20752,BLUE POLKADOT WASHING UP GLOVES,4.13
21561,DINOSAUR LUNCH BOX WITH CUTLERY,4.96
15056N,EDWARDIAN PARASOL NATURAL,4.25
20971,PINK BLUE FELT CRAFT TRINKET BOX,1.06
22449,SILK PURSE BABUSHKA PINK,2.95
22450,SILK PURSE BABUSHKA BLUE,2.95
85087,CANDY SPOT CUSHION COVER,2.95
90125B,AQUA BERTIE GLASS BEAD BAG CHARM,0.85
90071,RUBY GLASS CLUSTER EARRINGS,1.23
22417,PACK OF 60 SPACEBOY CAKE CASES,1.25
22470,HEART OF WICKER LARGE,5.79
22473,TV DINNER TRAY VINTAGE PAISLEY,4.13
22550,HOLIDAY FUN LUDO,7.46
22585,PACK OF 6 BIRDY GIFT TAGS,2.46
22620,4 TRADITIONAL SPINNING TOPS,2.46
22637,PIGGY BANK RETROSPOT,4.96
22646,CERAMIC STRAWBERRY CAKE MONEY BANK,3.29
22664,TOY TIDY DOLLY GIRL DESIGN,4.13
22676,FRENCH BLUE METAL DOOR SIGN 1,2.46
22680,FRENCH BLUE METAL DOOR SIGN 5,2.46
22702,BLACK AND WHITE CAT BOWL,4.13
22703,PINK CAT BOWL,4.13
22716,CARD CIRCUS PARADE,0.83
22727,ALARM CLOCK BAKELIKE RED,7.46
22738,RIBBON REEL SNOWY VILLAGE,3.29
22746,POPPY'S PLAYHOUSE LIVINGROOM,4.13
22747,POPPY'S PLAYHOUSE BATHROOM,4.13
22851,SET 20 NAPKINS FAIRY CAKES DESIGN,1.63
22865,HAND WARMER OWL DESIGN,4.13
22904,CALENDAR PAPER CUT DESIGN,5.79
22907,PACK OF 20 NAPKINS PANTRY DESIGN,1.63
22936,BAKING MOULD ROSE WHITE CHOCOLATE,6.63
22951,60 CAKE CASES DOLLY GIRL DESIGN,1.25
35471D,SET OF 3 BIRD LIGHT PINK FEATHER,2.46
35954,SMALL FOLKART STAR CHRISTMAS DEC,3.29
37447,CERAMIC CAKE DESIGN SPOTTED PLATE,3.29
37450,CERAMIC CAKE BOWL + HANGING CAKES,5.79
46118,FUNKY MONKEY CUSHION COVER,3.29
47367B,PAIR PADDED HANGERS PINK CHECK,3.29
47504K,ENGLISH ROSE GARDEN SECATEURS,3.29
47593B,SCOTTIE DOGS BABY BIB,0.83
72369A,PINK CLEAR GLASS CANDLE PLATE,2.46
72586,SET OF 6 HALLOWEEN GHOST T-LIGHTS,0.83
72817,SET OF 2 CHRISTMAS DECOUPAGE CANDLE,1.63
84029G,KNITTED UNION FLAG HOT WATER BOTTLE,7.46
84050,PINK HEART SHAPE EGG FRYING PAN,4.13
84077,WORLD WAR 2 GLIDERS ASSTD DESIGNS,0.42
17012B,ORIGAMI JASMINE INCENSE/CANDLE SET,2.46
17084N,FAIRY DREAMS INCENSE,0.42
18007,ESSENTIAL BALM 3.5G TIN IN ENVELOPE,0.42
20622,VIPPASSPORT COVER,1.63
20712,JUMBO BAG WOODLAND ANIMALS,4.13
20723,STRAWBERRY CHARLOTTE BAG,1.63
20727,LUNCH BAG  BLACK SKULL.,4.13
20754,RETROSPOT RED WASHING UP GLOVES,4.13
21002,ROSE DU SUD DRAWSTRING BAG,3.29
21030,SPACE CADET RED,0.83
21106,CREAM SLICE FLANNEL CHOCOLATE SPOT,5.79
90087,CRYSTAL SEA HORSE PHONE CHARM,1.63
90114,SUMMER DAISIES BAG CHARM,2.46
90116,FRUIT SALAD BAG CHARM,2.46
90161B,ANT COPPER TURQ BOUDICCA BRACELET,4.98
90164B,WHITE  ROSEBUD PEARL BRACELET,7.48
90165B,WHITE ROSEBUD  PEARL EARRINGS,2.48
85103,SILVER T-LIGHT SETTING,5.79
85106,CUT GLASS HEXAGON T-LIGHT HOLDER,1.63
85131C,BEADED CRYSTAL HEART BLUE ON STICK,0.83
84509C,SET OF 4 POLKADOT PLACEMATS,3.29
84520B,PACK 20 ENGLISH ROSE PAPER NAPKINS,1.63
84563B,BLUE & WHITE BREAKFAST TRAY,4.13
84569B,PACK 3 FIRE ENGINE/CAR PATCHES,2.46
21352,EUCALYPTUS & PINECONE  WREATH,5.79
21355,TOAST ITS - I LOVE YOU,2.46
21392,RED POLKADOT PUDDING BOWL,4.13
21417,COCKLE SHELL DISH,4.13
21429,RED GINGHAM ROSE JEWELLERY BOX,3.29
21555,CERAMIC STRAWBERRY TRINKET TRAY,2.46
21556,CERAMIC STRAWBERRY MONEY BOX,2.46
21594,DR. JAM'S AROUZER STRESS BALL,4.13
21615,4 LAVENDER BOTANICAL DINNER CANDLES,2.46
21617,4 LILY  BOTANICAL DINNER CANDLES,2.46
21619,4 VANILLA BOTANICAL CANDLES,2.46
21620,SET OF 4 ROSE BOTANICAL CANDLES,2.46
21632,VINTAGE PINK DECORATIVE PARASOL,8.29
21693,SMALL HAMMERED SILVER CANDLEPOT,5.79
21694,SMALL REGAL  SILVER CANDLEPOT,5.79
84625C,BLUE NEW BAROQUE CANDLESTICK CANDLE,5.79
85231B,CINAMMON SET OF 9 T-LIGHTS,1.63
21706,FOLDING UMBRELLA RED/WHITE POLKADOT,3.29
21707,FOLDING UMBRELLA BLACKBLUE POLKADOT,3.29
21708,FOLDING UMBRELLA CREAM POLKADOT,3.29
21715,GIRLS VINTAGE TIN SEASIDE BUCKET,4.96
21718,RED METAL BEACH SPADE,2.46
90013C,GREEN VINTAGE EARRINGS,4.15
84661A,WHITE SQUARE TABLE CLOCK,2.46
84913B,MINT GREEN ROSE TOWEL,3.29
84927A,WAKE UP COCKEREL TILE HOOK,4.13
84969,BOX OF 6 ASSORTED COLOUR TEASPOONS,3.29
21786,POLKADOT RAIN HAT,0.83
21787,RAIN PONCHO RETROSPOT,1.63
21937,STRAWBERRY   PICNIC BAG,5.79
21942,SKULLS DESIGN FLANNEL,1.63
21946,PARTY TIME DESIGN FLANNEL,1.63
21985,PACK OF 12 HEARTS DESIGN TISSUES,0.83
22065,CHRISTMAS PUDDING TRINKET POT,3.29
22067,CHOC TRUFFLE GOLD TRINKET POT,3.29
22077,6 RIBBONS RUSTIC CHARM,3.29
22087,PAPER BUNTING WHITE LACE,5.79
22088,PAPER BUNTING COLOURED LACE,5.79
22098,BOUDOIR SQUARE TISSUE BOX,2.46
22116,METAL SIGN HIS DINNER IS SERVED,1.63
22124,SET OF 2 TEA TOWELS PING MICROWAVE,2.46
22147,FELTCRAFT BUTTERFLY HEARTS,3.29
22151,PLACE SETTING WHITE HEART,1.63
22174,PHOTO CUBE,3.29
22175,PINK OWL SOFT TOY,5.79
22190,LOCAL CAFE MUG,2.46
22209,WOOD STAMP SET HAPPY BIRTHDAY,1.63
85032D,YULETIDE IMAGES GIFT WRAP SET,1.63
22262,FELT EGG COSY CHICKEN,1.63
22263,FELT EGG COSY LADYBIRD,0.79
22264,FELT FARM ANIMAL WHITE BUNNY,0.79
22302,COFFEE MUG PEARS  DESIGN,4.96
22303,COFFEE MUG APPLES DESIGN,4.96
22316,200 BENDY SKULL STRAWS,2.46
22362,GLASS JAR PEACOCK BATH SALTS,5.79
22375,AIRLINE BAG VINTAGE JET SET BROWN,4.13
22376,AIRLINE BAG VINTAGE JET SET WHITE,4.13
22199,FRYING PAN RED POLKADOT,4.25
20676,RED RETROSPOT BOWL,1.63
20719,WOODLAND CHARLOTTE BAG,2.46
21082,SET/20 FRUIT SALAD PAPER NAPKINS,1.63
21452,TOADSTOOL MONEY BOX,4.96
21479,WHITE SKULL HOT WATER BOTTLE,8.29
22384,LUNCH BAG PINK POLKADOT,4.96
22551,PLASTERS IN TIN SPACEBOY,3.29
82494l,WOODEN FRAME ANTIQUE WHITE,8.29
21929,JUMBO BAG PINK VINTAGE PAISLEY,4.96
22075,6 RIBBONS ELEGANT CHRISTMAS,4.13
22078,RIBBON REEL LACE DESIGN,4.71
22082,RIBBON REEL STRIPES DESIGN,4.13
22088,PAPER BUNTING COLOURED LACE,4.13
22112,CHOCOLATE HOT WATER BOTTLE,5.79
21110,LARGE CAKE TOWEL PINK SPOTS,3.35
22957,SET 3 PAPER VINTAGE CHICK PAPER EGG,2.95
21368,MIRRORED WALL ART LADIES,2.55
85131D,BEADED CRYSTAL HEART PINK ON STICK,1.25
85131C,BEADED CRYSTAL HEART BLUE ON STICK,1.25
85131B,BEADED CRYSTAL HEART GREEN ON STICK,1.25
22801,ANTIQUE GLASS PEDESTAL BOWL,3.39
17174,ASSTD RASTA KEY-CHAINS,0.42
23233,WRAP POPPIES  DESIGN,0.42
22967,SET 3 SONG BIRD PAPER EGGS ASSORTED,2.95
35921,EASTER BUNNY HANGING GARLAND,1.25
85200,BUNNY EGG BOX,1.25
47503A,ASS FLORAL PRINT MULTI SCREWDRIVER,1.25
84231,EASTER BUNNY WITH BASKET ON BACK,0.65
21461,BLUE EASTER EGG HUNT START POST,1.95
84462,3 PINK HEN+CHICKS IN BASKET,1.25
84461,12 PINK HEN+CHICKS IN BASKET,2.55
35922,EASTER BUNNY WREATH,4.95
84675,FROG KING WATERING CAN,2.95
47481,50CM METAL STRING WITH  7 CLIPS,0.85
47469,ASSORTED SHAPES PHOTO CLIP SILVER,0.65
23232,WRAP VINTAGE PETALS  DESIGN,0.42
84905,PINK BUTTERFLY CUSHION COVER,4.95
84799,SPRIG LAVENDER ARTIFICIAL FLOWER,1.25
84806B,WHITE CANDYSTUFT ARTIFICIAL FLOWER,1.45
21458,2 PICTURE BOOK EGGS EASTER BUNNY,1.25
85188B,PINK METAL SWINGING BUNNY,0.85
85198,ASSORTED FARMYARD ANIMALS IN BUCKET,0.85
15044D,RED PAPER PARASOL,2.95
85213,MINI  ZINC GARDEN DECORATIONS,0.85
17129F,BLUE GLASS GEMS IN BAG,1.63
20615,BLUE POLKADOT PASSPORT COVER,1.63
20652,BLUE POLKADOT LUGGAGE TAG,0.83
20718,RED RETROSPOT SHOPPER BAG,2.46
20762,GREEN FERN SKETCHBOOK,7.46
20770,ABSTRACT CIRCLE JOURNAL,2.46
20830,SILVER PHOTO FRAME,4.13
20868,SILVER FABRIC MIRROR,0.83
20869,GOLD FABRIC MIRROR,0.83
20961,STRAWBERRY BATH SPONGE,2.46
20973,12 PENCIL SMALL TUBE WOODLAND,1.25
21055,TOOL BOX SOFT TOY,7.46
21068,VINTAGE BILLBOARD LOVE/HATE MUG,2.46
21123,SET/10 IVORY POLKADOT PARTY CANDLES,2.46
21137,BLACK RECORD COVER FRAME,7.46
21175,GIN + TONIC DIET METAL SIGN,4.13
21187,WHITE BELL HONEYCOMB PAPER GARLAND,3.29
21205,MULTICOLOUR 3D BALLS GARLAND,2.46
21231,SWEETHEART CERAMIC TRINKET BOX,2.46
21286,RETROSPOT CANDLE  LARGE,4.96
21458,2 PICTURE BOOK EGGS EASTER BUNNY,2.46
21563,RED HEART SHAPE LOVE BUCKET,5.79
21616,4 PEAR BOTANICAL DINNER CANDLES,2.46
21625,VINTAGE UNION JACK APRON,5.79
21631,HIPPY CHIC DECORATIVE PARASOL,8.29
21698,MOCK LOBSTER FRIDGE MAGNET,1.63
21709,FOLDING UMBRELLA CHOCOLATE POLKADOT,3.29
21710,FOLDING UMBRELLA PINKWHITE POLKADOT,3.29
21717,EASTER TIN BUCKET,4.96
21850,BLUE  DIAMANTE PEN IN GIFT BOX,1.63
21851,LILAC DIAMANTE PEN IN GIFT BOX,1.63
21871,SAVE THE PLANET MUG,3.29
21880,RED RETROSPOT TAPE,0.42
21892,TRADITIONAL WOODEN CATCH CUP GAME,2.46
21915,RED  HARMONICA IN BOX,2.46
21944,KITTENS DESIGN FLANNEL,1.63
22069,BROWN  PIRATE TREASURE CHEST,3.29
22079,RIBBON REEL HEARTS DESIGN,3.29
22099,CARAVAN SQUARE TISSUE BOX,2.46
22109,FULL ENGLISH BREAKFAST PLATE,7.46
22149,FELTCRAFT 6 FLOWER FRIENDS,4.13
22154,ANGEL DECORATION 3 BUTTONS,0.83
22167,OVAL WALL MIRROR DIAMANTE,8.29
22182,CAKE STAND VICTORIAN FILIGREE SMALL,4.13
22194,BLACK DINER WALL CLOCK,8.29
22227,HANGING HEART MIRROR DECORATION,1.25
22241,GARLAND WOODEN HAPPY EASTER,2.46
22287,"DECORATION , WOBBLY CHICKEN, METAL",3.29
22309,TEA COSY RED  STRIPE,4.96
22335,HEART DECORATION PAINTED ZINC,1.25
22364,GLASS JAR DIGESTIVE BISCUITS,5.79
22441,GROW YOUR OWN BASIL IN ENAMEL MUG,4.13
22445,PENCIL CASE LIFE IS BEAUTIFUL,2.46
22508,DOORSTOP RETROSPOT HEART,7.46
22548,HEADS AND TAILS SPORTING FUN,2.46
22549,PICTURE DOMINOES,3.29
22573,STAR WOODEN CHRISTMAS DECORATION,1.63
22574,HEART WOODEN CHRISTMAS DECORATION,1.63
22576,SWALLOW WOODEN CHRISTMAS DECORATION,1.63
22594,CHRISTMAS GINGHAM TREE,1.63
22600,CHRISTMAS RETROSPOT STAR WOOD,1.63
22601,CHRISTMAS RETROSPOT ANGEL WOOD,1.63
22603,CHRISTMAS RETROSPOT TREE WOOD,1.63
22628,PICNIC BOXES SET OF 3 RETROSPOT,4.13
22629,SPACEBOY LUNCH BOX,4.13
22631,CIRCUS PARADE LUNCH BOX,4.13
22638,SET OF 4 NAPKIN CHARMS CROWNS,1.63
22643,SET OF 4 NAPKIN CHARMS LEAVES,1.63
22650,CERAMIC PIRATE CHEST MONEY BANK,3.29
22669,RED BABY BUNTING,5.79
22678,FRENCH BLUE METAL DOOR SIGN 3,2.46
22682,FRENCH BLUE METAL DOOR SIGN 7,2.46
22731,3D CHRISTMAS STAMPS STICKERS,2.46
22804,CANDLEHOLDER PINK HANGING HEART,2.46
22867,HAND WARMER BIRD DESIGN,4.13
22875,NUMBER TILE COTTAGE GARDEN 7,4.13
22878,NUMBER TILE COTTAGE GARDEN NO,4.13
22880,NUMBER TILE VINTAGE FONT 1,4.13
22881,NUMBER TILE VINTAGE FONT 2,4.13
22882,NUMBER TILE VINTAGE FONT 3,4.13
22883,NUMBER TILE VINTAGE FONT 4,4.13
22884,NUMBER TILE VINTAGE FONT 5,4.13
22885,NUMBER TILE VINTAGE FONT 6,4.13
22886,NUMBER TILE VINTAGE FONT 7,4.13
22906,12 MESSAGE CARDS WITH ENVELOPES,3.29
22961,JAM MAKING SET PRINTED,3.29
84051,ASS COLOUR GLOWING TIARAS,1.63
84228,HEN HOUSE W CHICK STANDING,0.83
84568,GIRLS ALPHABET IRON ON PATCHES,0.42
84660A,WHITE STITCHED WALL CLOCK,3.29
84917,WHITE HAND TOWEL WITH BUTTERFLY,4.13
84971S,SMALL HEART FLOWERS HOOK,1.63
84997A,GREEN 3 PIECE POLKADOT CUTLERY SET,7.46
85036B,CHOCOLATE 1 WICK MORRIS BOX CANDLE,3.29
85114A,BLACK ENCHANTED FOREST PLACEMAT,3.29
85129B,BEADED CRYSTAL HEART GREEN SMALL,2.46
85163A,WHITE BAROQUE WALL CLOCK,8.29
85163B,BLACK BAROQUE WALL CLOCK,8.29
85227,SET OF 6 3D KIT CARDS FOR KIDS,1.63
90013A,MIDNIGHT BLUE VINTAGE EARRINGS,3.73
90013B,BLACK VINTAGE EARRINGS,4.15
90018A,SILVER M.O.P ORBIT DROP EARRINGS,4.15
90040B,MURANO STYLE GLASS BRACELET BLACK,3.73
90059D,DIAMANTE HAIR GRIP PACK/2 PERIDOT,1.65
90122A,PINK CRYSTAL+GLASS BRACELET,4.98
90186A,AMETHYST HOOP EARRING FLORAL LEAF,2.9
90200C,BLUE SWEETHEART BRACELET,4.15
90208,PAIR OF PINK FLOWER CLUSTER SLIDE,2.48
40001,WHITE BAMBOO RIBS LAMPSHADE,1.63
46776A,WOVEN BUBBLE GUM CUSHION COVER,4.13
46776B,WOVEN BERRIES CUSHION COVER,4.13
72051S,BAG OF SILVER STONES,0.83
72349B,SET/6 PURPLE BUTTERFLY T-LIGHTS,4.13
72799E,IVORY PILLAR CANDLE SILVER FLOCK,3.29
72818,CHRISTMAS DECOUPAGE CANDLE,1.63
21916,SET 12 RETRO WHITE CHALK STICKS,0.83
21936,RED RETROSPOT PICNIC BAG,5.79
21943,CAKES AND RABBITS DESIGN FLANNEL,1.63
21974,SET OF 36 PAISLEY FLOWER DOILIES,2.92
21224,SET/4 SKULL BADGES,0.83
21232,STRAWBERRY CERAMIC TRINKET BOX,2.46
21381,MINI WOODEN HAPPY BIRTHDAY GARLAND,3.29
21441,BLUE BIRDHOUSE DECORATION,1.63
22023,EMPIRE BIRTHDAY CARD,0.83
22030,SWALLOWS GREETING CARD,0.83
22064,PINK DOUGHNUT TRINKET POT,3.29
16236,KITTY PENCIL ERASERS,0.42
20676,RED RETROSPOT BOWL,2.46
21506,"FANCY FONT BIRTHDAY CARD,",0.83
21519,GIN & TONIC DIET GREETING CARD,0.83
21579,LOLITA  DESIGN  COTTON TOTE BAG,4.96
22086,PAPER CHAIN KIT 50'S CHRISTMAS,5.79
22103,MIRROR MOSAIC T-LIGHT HOLDER ROUND,3.29
22115,METAL SIGN EMPIRE TEA,5.79
22260,FELT EGG COSY BLUE RABBIT,1.63
22329,ROUND CONTAINER SET OF 5 RETROSPOT,3.29
22245,"HOOK, 1 HANGER ,MAGIC GARDEN",1.63
90214S,"LETTER ""S"" BLING KEY RING",0.83
90214B,"LETTER ""B"" BLING KEY RING",0.83
90214G,"LETTER ""G"" BLING KEY RING",0.83
90214L,"LETTER ""L"" BLING KEY RING",0.83
90200D,PINK SWEETHEART BRACELET,4.15
90200E,GREEN SWEETHEART BRACELET,4.15
90166,PINK & WHITE ROSEBUD RING,4.15
22751,FELTCRAFT PRINCESS OLIVIA DOLL,7.46
22988,SOLDIERS EGG CUP,2.46
79190B,RETRO PLASTIC POLKA TRAY,0.83
84660C,PINK STITCHED WALL CLOCK,3.29
90059A,DIAMANTE HAIR GRIP PACK/2 CRYSTAL,1.65
90183A,AMBER DROP EARRINGS W LONG BEADS,2.9
90202A,PURPLE ENAMEL FLOWER HAIR TIE,2.9
90214A,"LETTER ""A"" BLING KEY RING",0.83
90214N,"LETTER ""N"" BLING KEY RING",0.83
84992,72 SWEETHEART FAIRY CAKE CASES,1.25
85025C,PINK HEART SHAPE PHOTO FRAME,3.29
84598,BOYS ALPHABET IRON ON PATCHES,0.42
84661C,PINK SQUARE TABLE CLOCK,2.46
84688,BEACH HUT DESIGN BLACKBOARD,8.29
84031B,CHARLIE LOLA BLUE HOT WATER BOTTLE,4.13
84380,SET OF 3 BUTTERFLY COOKIE CUTTERS,2.46
84536B,FAIRY CAKES NOTEBOOK A7 SIZE,0.83
22952,60 CAKE CASES VINTAGE CHRISTMAS,1.25
35598D,PINK/WHITE CHRISTMAS TREE 60CM,2.46
35965,FOLKART HEART NAPKIN RINGS,3.29
47471,RAINBOW PEGS PHOTO CLIP STRING,1.46
79190A,RETRO PLASTIC 70'S TRAY,0.83
22686,FRENCH BLUE METAL DOOR SIGN NO,2.46
22714,CARD BIRTHDAY COWBOY,0.83
22715,CARD WEDDING DAY,0.83
22718,CARD CAT AND TREE,0.83
22736,RIBBON REEL MAKING SNOWMEN,3.29
22744,MAKE YOUR OWN MONSOON CARD KIT,5.79
22749,FELTCRAFT PRINCESS CHARLOTTE DOLL,7.46
22785,SQUARECUSHION COVER PINK UNION FLAG,8.29
22807,SET OF 6 T-LIGHTS TOADSTOOLS,5.79
22815,CARD PSYCHEDELIC APPLES,0.83
22818,CARD CHRISTMAS VILLAGE,0.83
22544,MINI JIGSAW SPACEBOY,0.83
22547,MINI JIGSAW DINOSAUR,0.83
22577,WOODEN HEART CHRISTMAS SCANDINAVIAN,1.63
22578,WOODEN STAR CHRISTMAS SCANDINAVIAN,1.63
22579,WOODEN TREE CHRISTMAS SCANDINAVIAN,1.63
22581,WOOD STOCKING CHRISTMAS SCANDISPOT,1.63
22593,CHRISTMAS GINGHAM STAR,1.63
22595,CHRISTMAS GINGHAM HEART,1.63
22630,DOLLY GIRL LUNCH BOX,4.13
22644,CERAMIC CHERRY CAKE MONEY BANK,3.29
22408,MONEY BOX CONFECTIONERY DESIGN,2.46
22413,METAL SIGN TAKE IT OR LEAVE IT,5.79
20914,SET/5 RED RETROSPOT LID GLASS BOWLS,5.79
21000,ROSE DU SUD COSMETICS BAG,3.29
21977,PACK OF 60 PINK PAISLEY CAKE CASES,1.25
22027,TEA PARTY BIRTHDAY CARD,0.83
21098,CHRISTMAS TOILET ROLL,2.46
21243,PINK  POLKADOT PLATE,3.29
21531,RED RETROSPOT SUGAR JAM BOWL,4.96
21535,RED RETROSPOT SMALL MILK JUG,4.96
84247G,"DECOUPAGE,GREETING CARD,",0.83
85125,SMALL ROUND CUT GLASS CANDLESTICK,3.29
90119,METALIC LEAVES BAG CHARMS,2.46
90130B,TURQ STONE/CRYSTAL EARRINGS,2.9
90019A,SILVER M.O.P ORBIT BRACELET,5.4
90033,IVORY SHELL HEART EARRINGS,2.48
21643,ASSORTED TUTTI FRUTTI MIRROR,2.46
21671,RED SPOT CERAMIC DRAWER KNOB,2.46
85179A,GREEN BITTY LIGHT CHAIN,2.46
85179C,PINK BITTY LIGHT CHAIN,2.46
85116,BLACK CANDELABRA T-LIGHT HOLDER,1.63
21741,COSY SLIPPER SHOES LARGE GREEN,5.79
21818,GLITTER CHRISTMAS HEART,1.63
84997D,PINK 3 PIECE POLKADOT CUTLERY SET,7.46
90138,WHITE/PINK MINI CRYSTALS NECKLACE,5.4
90163B,WHITE ROSEBUD & PEARL NECKLACE,7.48
90183B,AMETHYST DROP EARRINGS W LONG BEADS,2.9
90206C,CRYSTAL DIAMANTE STAR BROOCH,4.98
84920,PINK FLOWER FABRIC PONY,7.46
84247L,FAWN AND MUSHROOM GREETING CARD,0.83
84378,SET OF 3 HEART COOKIE CUTTERS,2.46
84510C,SET OF 4 POLKADOT COASTERS,2.46
15044C,PURPLE PAPER PARASOL,5.79
16237,SLEEPING CAT ERASERS,0.42
17003,BROCADE RING PURSE,0.42
20658,RED RETROSPOT LUGGAGE TAG,2.46
20669,RED HEART LUGGAGE TAG,2.46
20677,PINK POLKADOT BOWL,2.46
20767,BLUE PAISLEY JOURNAL,4.96
20769,DAISY JOURNAL,4.96
84536A,ENGLISH ROSE NOTEBOOK A7 SIZE,0.83
84581,DOG TOY WITH PINK CROCHET SKIRT,4.13
84849B,FAIRY SOAP SOAP HOLDER,3.29
47566B,TEA TIME PARTY BUNTING,8.29
47599A,PINK PARTY BAGS,4.13
72351A,SET/6 TURQUOISE BUTTERFLY T-LIGHTS,4.13
79144C,PAINTED LIGHTBULB RAINBOW DESIGN,0.83
22735,RIBBON REEL SOCKS AND MITTENS,3.29
22739,RIBBON REEL CHRISTMAS SOCK BAUBLE,3.29
22740,POLKADOT PEN,1.63
22766,PHOTO FRAME CORNICE,5.79
22814,CARD PARTY GAMES,0.83
22911,PAPER CHAIN KIT LONDON,5.79
22964,3 PIECE SPACEBOY COOKIE CUTTER SET,4.13
22597,CHRISTMAS MUSICAL ZINC HEART,1.63
22616,PACK OF 12 LONDON TISSUES,0.83
22659,LUNCH BOX I LOVE LONDON,4.13
22381,TOY TIDY PINK POLKADOT,4.13
22386,JUMBO BAG PINK POLKADOT,4.13
22418,10 COLOUR SPACEBOY PEN,1.63
22269,EGG CUP NATURAL CHICKEN,2.46
22307,GOLD MUG BONE CHINA TREE OF LIFE,8.29
22324,BLUE POLKADOT KIDS BAG,4.13
21832,CHOCOLATE CALCULATOR,3.29
22071,SMALL WHITE RETROSPOT MUG IN BOX,3.29
22078,RIBBON REEL LACE DESIGN,4.13
21889,WOODEN BOX OF DOMINOES,2.46
21908,CHOCOLATE THIS WAY METAL SIGN,4.13
21945,STRAWBERRIES  DESIGN FLANNEL,1.63
22150,3 STRIPEY MICE FELTCRAFT,4.13
22200,FRYING PAN PINK POLKADOT,8.29
21031,SPACE CADET BLACK,0.83
21244,BLUE POLKADOT PLATE,3.29
21319,GLASS CHALICE GREEN  SMALL,3.29
21365,MIRRORED WALL ART STARS,5.79
21509,COWBOYS AND INDIANS BIRTHDAY CARD,0.83
21547,CERAMIC BIRDHOUSE CRESTED TIT SMALL,5.79
90197B,BLACK GLASS BRACELET W HEART CHARMS,4.98
90198A,VINTAGE ROSE BEAD BRACELET RASPBERR,4.15
90082A,DIAMANTE BOW BROOCH GREEN COLOUR,6.65
85213,MINI  ZINC GARDEN DECORATIONS,1.63
85170B,SET/6 BLACK BIRD T-LIGHT CANDLES,2.46
85039C,S/4 BLACK MINI ROSE CANDLE IN BOWL,1.63
85054,FRENCH ENAMEL POT W LID,5.79
84535B,FAIRY CAKES NOTEBOOK A6 SIZE,1.46
84375,SET OF 20 KIDS COOKIE CUTTERS,4.13
72122,COFFEE SCENT PILLAR CANDLE,1.88
82552,WASHROOM METAL SIGN,2.46
82582,AREA PATROLLED METAL SIGN,4.13
35810B,ENAMEL BLUE RIM COFFEE CONTAINER,4.13
37444A,YELLOW BREAKFAST CUP AND SAUCER,5.79
22908,PACK OF 20 NAPKINS RED APPLES,1.63
22930,BAKING MOULD HEART MILK CHOCOLATE,4.96
22937,BAKING MOULD CHOCOLATE CUPCAKES,4.96
22962,JAM JAR WITH PINK LID,1.63
22694,WICKER STAR,4.13
22726,ALARM CLOCK BAKELIKE GREEN,7.46
22757,LARGE RED BABUSHKA NOTEBOOK,2.46
22831,WHITE BROCANTE SOAP DISH,5.79
22588,CARD HOLDER GINGHAM HEART,4.96
22640,SET OF 4 NAPKIN CHARMS 3 KEYS,1.63
22565,FELTCRAFT HAIRBANDS PINK AND WHITE,1.63
22568,FELTCRAFT CUSHION OWL,7.46
22385,JUMBO BAG SPACEBOY DESIGN,4.13
22284,HEN HOUSE DECORATION,3.29
22285,HANGING HEN ON NEST DECORATION,3.29
21903,MAN FLU METAL SIGN,4.13
22072,RED RETROSPOT TEA CUP AND SAUCER,7.46
15044D,RED PAPER PARASOL,5.79
20675,BLUE POLKADOT BOWL,2.46
20707,CRAZY DAISY HEART DECORATION,2.46
20764,ABSTRACT CIRCLES SKETCHBOOK,7.46
22163,HEART STRING MEMO HOLDER HANGING,3.29
22138,BAKING SET 9 PIECE RETROSPOT,4.25
37450,CERAMIC CAKE BOWL + HANGING CAKES,2.55
85055,FRENCH ENAMEL UTENSIL HOLDER,2.95
20845,ZINC HEART LATTICE 2 WALL PLANTER,6.35
84033,FLAG OF ST GEORGE,1.65
20893,HANGING BAUBLE T-LIGHT HOLDER SMALL,2.55
22629,SPACEBOY LUNCH BOX,1.65
22356,CHARLOTTE BAG PINK POLKADOT,2.46
22834,HAND WARMER BABUSHKA DESIGN,4.96
21078,SET/20 STRAWBERRY PAPER NAPKINS,2.46
21426,WOODLAND STORAGE BOX SMALL,4.96
84030e,ENGLISH ROSE HOT WATER BOTTLE,8.29
22411,JUMBO SHOPPER VINTAGE RED PAISLEY,4.96
22629,SPACEBOY LUNCH BOX,2.46
22659,LUNCH BOX I LOVE LONDON,2.46
85040a,S/4 PINK FLOWER CANDLES IN BOWL,3.29
20665,RED RETROSPOT PURSE,5.79
21249,WOODLAND  HEIGHT CHART STICKERS,5.79
21576,LETS GO SHOPPING COTTON TOTE BAG,4.96
21985,PACK OF 12 HEARTS DESIGN TISSUES,0.79
22361,GLASS JAR DAISY FRESH COTTON WOOL,5.79
22385,JUMBO BAG SPACEBOY DESIGN,4.96
22406,MONEY BOX KINGS CHOICE DESIGN,2.46
22493,PAINT YOUR OWN CANVAS SET,3.29
21424,WOODLAND STORAGE BOX LARGE,6.63
84510a,SET OF 4 ENGLISH ROSE COASTERS,2.46
84832,ZINC WILLIE WINKIE  CANDLE STICK,1.63
21949,SET OF 6 STRAWBERRY CHOPSTICKS,2.46
21191,LARGE WHITE HONEYCOMB PAPER BELL,4.13
21279,VINTAGE KITCHEN PRINT FRUITS,4.96
21380,WOODEN HAPPY BIRTHDAY GARLAND,5.79
21421,PORCELAIN ROSE LARGE,3.29
22808,SET OF 6 T-LIGHTS EASTER CHICKS,5.79
22859,EASTER TIN BUNNY BOUQUET,3.29
22893,MINI CAKE STAND T-LIGHT HOLDER,0.83
35095B,RED VICTORIAN FABRIC OVAL BOX,0.83
79190D,RETRO PLASTIC DAISY TRAY,0.83
85036C,ROSE 1 WICK MORRIS BOXED CANDLE,3.29
21716,BOYS VINTAGE TIN SEASIDE BUCKET,4.96
21743,STAR PORTABLE TABLE LIGHT,5.79
85152,HAND OVER THE CHOCOLATE   SIGN,4.13
85178,VICTORIAN SEWING KIT,2.46
20716,PARTY FOOD SHOPPER BAG,2.46
20719,WOODLAND CHARLOTTE BAG,1.63
20795,LARGE BLUE PROVENCAL CERAMIC BALL,4.13
20969,RED FLORAL FELTCRAFT SHOULDER BAG,7.46
84915,HAND TOWEL PINK FLOWER AND DAISY,4.13
85040A,S/4 PINK FLOWER CANDLES IN BOWL,3.29
22713,CARD I LOVE LONDON,0.83
82001S,VINYL RECORD FRAME SILVER,7.46
22464,HANGING METAL HEART LANTERN,3.29
22584,PACK OF 6 PANNETONE GIFT BOXES,4.96
22104,MIRROR MOSAIC CANDLE PLATE,1.63
22107,PIZZA PLATE IN BOX,7.46
22132,RED LOVE HEART SHAPE CUP,1.63
22133,PINK LOVE HEART SHAPE CUP,1.63
22176,BLUE OWL SOFT TOY,5.79
90161C,ANT COPPER LIME BOUDICCA BRACELET,4.98
90199D,5 STRAND GLASS NECKLACE AMBER,6.23
90214C,"LETTER ""C"" BLING KEY RING",0.83
90214H,"LETTER ""H"" BLING KEY RING",0.83
90214J,"LETTER ""J"" BLING KEY RING",0.83
90214M,"LETTER ""M"" BLING KEY RING",0.83
90214R,"LETTER ""R"" BLING KEY RING",0.83
90030C,BROWN KUKUI COCONUT SEED NECKLACE,5.82
90214P,"LETTER ""P"" BLING KEY RING",0.83
20615,BLUE POLKADOT PASSPORT COVER,4.13
21063,PARTY INVITES JAZZ HEARTS,1.63
21100,CHARLIE AND LOLA CHARLOTTE BAG,4.13
21358,TOAST ITS - HAPPY BIRTHDAY,2.46
21559,STRAWBERRY LUNCH BOX WITH CUTLERY,4.96
22700,BLACK AND WHITE DOG BOWL,5.79
72807a,SET/3 ROSE CANDLE IN JEWELLED BOX,8.29
85231b,CINAMMON SET OF 9 T-LIGHTS,1.63
75049L,LARGE CIRCULAR MIRROR MOBILE,2.46
21188,3D HEARTS  HONEYCOMB PAPER GARLAND,5.79
21194,PINK  HONEYCOMB PAPER FAN,4.13
21195,PINK  HONEYCOMB PAPER BALL,4.13
21557,SET OF 6 FUNKY BEAKERS,5.63
21811,CHRISTMAS HANGING HEART WITH BELL,2.46
21875,KINGS CHOICE MUG,3.29
22097,SWALLOW SQUARE TISSUE BOX,2.46
22358,KINGS CHOICE TEA CADDY,5.79
22518,CHILDS GARDEN BRUSH BLUE,4.13
72351a,SET/6 TURQUOISE BUTTERFLY T-LIGHTS,4.13
35095A,BLUE VICTORIAN FABRIC OVAL BOX,0.42
21418,STARFISH SOAP DISH,4.96
21670,BLUE SPOT CERAMIC DRAWER KNOB,2.46
22426,ENAMEL WASH BOWL CREAM,7.46
21975,PACK OF 60 DINOSAUR CAKE CASES,1.25
20969,RED FLORAL FELTCRAFT SHOULDER BAG,3.29
21161,KEEP OUT BOYS DOOR HANGER,3.29
21163,DO NOT TOUCH MY STUFF DOOR HANGER,3.29
22492,MINI PAINT SET VINTAGE,1.63
22567,20 DOLLY PEGS RETROSPOT,2.46
22679,FRENCH BLUE METAL DOOR SIGN 4,2.46
22076,6 RIBBONS EMPIRE,3.29
90194,SILVER LARIAT BLACK STONE EARRINGS,4.15
90212B,JET BLACK LAS VEGAS BRACELET ROUND,3.73
22158,3 HEARTS HANGING DECORATION RUSTIC,5.79
22189,CREAM HEART CARD HOLDER,8.29
22756,LARGE YELLOW BABUSHKA NOTEBOOK,2.46
22773,GREEN DRAWER KNOB ACRYLIC EDWARDIAN,2.46
84212,"ASSORTED FLOWER COLOUR ""LEIS""",4.96
22244,3 HOOK HANGER MAGIC GARDEN,4.13
85048,15CM CHRISTMAS GLASS BALL 20 LIGHTS,8.33
22276,WASH BAG VINTAGE ROSE PAISLEY,5.79
22277,COSMETIC BAG VINTAGE ROSE PAISLEY,4.13
22949,36 DOILIES DOLLY GIRL,2.92
35607A,PINK FLUFFY CHRISTMAS DECORATION,1.63
35833P,4 PINK FLOCK CHRISTMAS BALLS,3.29
M,MANUAL,0.38
20619,TROPICAL PASSPORT COVER,2.1
20619,TROPICAL PASSPORT COVER,0.75
20622,VIPPASSPORT COVER,0.75
84226,HEN HOUSE W FAMILY IN BARN & NEST,0.85
22522,CHILDS GARDEN FORK BLUE,1.63
22900,SET 2 TEA TOWELS I LOVE LONDON,4.13
21788,KIDS RAIN MAC BLUE,1.63
22350,ILLUSTRATED CAT BOWL,4.96
22360,GLASS JAR ENGLISH CONFECTIONERY,5.79
22232,JIGSAW TOADSTOOLS 3 PIECE,1.65
84692,BOX OF 24 COCKTAIL PARASOLS,0.83
84711B,PINK OVAL SHAPE TRINKET BOX,5.79
85032C,CURIOUS IMAGES GIFT WRAP SET,4.13
85049F,BABY BOOM RIBBONS,2.46
85061W,WHITE JEWELLED HEART DECORATION,1.63
85127,SMALL SQUARE CUT GLASS CANDLESTICK,3.29
90003C,MIDNIGHT BLUE PAIR HEART HAIR SLIDE,3.73
90003E,GREEN PAIR HEART HAIR SLIDES,3.73
90036E,"FLOWER GLASS GARLD NECKL36""AMETHYST",7.9
90089,PINK CRYSTAL SKULL PHONE CHARM,1.63
90101,WHITE FRANGIPANI NECKLACE,2.48
20974,12 PENCILS SMALL TUBE SKULL,1.25
21213,PACK OF 72 SKULL CAKE CASES,1.25
21714,CITRONELLA CANDLE GARDEN POT,2.46
21896,POTTING SHED TWINE,4.13
21981,PACK OF 12 WOODLAND TISSUES,0.83
10002,INFLATABLE POLITICAL GLOBE,1.63
15060B,FAIRY CAKE DESIGN UMBRELLA,8.29
17012D,ORIGAMI ROSE INCENSE/CANDLE SET,2.46
21562,HAWAIIAN GRASS SKIRT,4.13
22063,CERAMIC BOWL WITH STRAWBERRY DESIGN,5.79
22271,FELTCRAFT DOLL ROSIE,5.79
22331,WOODLAND PARTY BAG + STICKER SET,3.29
90161D,ANT COPPER PINK BOUDICCA BRACELET,4.98
90173,PAIR BUTTERFLY HAIR CLIPS,3.73
90202C,GREEN ENAMEL FLOWER HAIR TIE,2.9
22433,WATERING CAN GREEN DINOSAUR,4.13
22437,SET OF 9 BLACK SKULL BALLOONS,1.63
22477,WATERING CAN GARDEN MARKER,2.46
22587,FELTCRAFT HAIRBAND RED AND BLUE,1.63
22672,FRENCH BATHROOM SIGN BLUE METAL,3.29
22792,FLUTED ANTIQUE CANDLE HOLDER,1.63
22954,HEN PARTY CORDON BARRIER TAPE,2.46
22971,QUEENS GUARD COFFEE MUG,4.96
37446,MINI CAKE STAND WITH HANGING CAKES,3.29
47559B,TEA TIME OVEN GLOVE,2.46
51014C,"FEATHER PEN,COAL BLACK",1.63
71143,SILVER BOOK MARK WITH BEADS,2.46
84279P,CHERRY BLOSSOM  DECORATIVE FLASK,8.29
84508C,BLUE CIRCLES DESIGN TEDDY,4.96
21327,SKULLS WRITING SET,3.29
21354,TOAST ITS - BEST MUM,2.46
21356,TOAST ITS - FAIRY FLOWER,2.46
21366,MIRRORED WALL ART PHOTO FRAMES,8.29
21400,RED PUDDING SPOON,0.83
21926,RED/CREAM STRIPE CUSHION COVER,1.25
37379A,PINK CHERRY BLOSSOM CUP & SAUCER,1.25
90214R,"LETTER ""R"" BLING KEY RING",1.25
35920,FOUR RABBIT EASTER DECORATIONS,1.25
84510E,SET OF 4 GREEN CAROUSEL COASTERS,1.25
85125,SMALL ROUND CUT GLASS CANDLESTICK,4.95
84801A,PINK HYDRANGEA ART FLOWER,2.1
84592,CROCHET ROSE PURSE WITH SUEDE BACK,2.95
84927D,LA PALMIERA TILE HOOK,2.1
84800S,SMALL WHITE/PINK ROSE ART FLOWER,1.25
21736,GOLD SCROLL GLASS T-LIGHT HOLDER,2.1
79192A,RETRO PLASTIC 70'S TRAY,1.25
21420,OYSTER TRINKET BOX,3.25
85130C,BEADED CRYSTAL HEART BLUE  LARGE,1.65
22430,ENAMEL WATERING CAN CREAM,4.25
22425,ENAMEL COLANDER CREAM,4.25
22426,ENAMEL WASH BOWL CREAM,2.95
20756,GREEN FERN POCKET BOOK,0.85
20751,FUNKY WASHING UP GLOVES ASSORTED,4.13
20794,BLUE  TILE HOOK,4.96
20847,ZINC HEART LATTICE CHARGER LARGE,7.46
20985,HEART CALCULATOR,2.46
21014,SWISS CHALET TREE DECORATION,1.25
21015,DARK BIRD HOUSE TREE DECORATION,1.25
21058,PARTY INVITES WOODLAND,1.63
21112,SWISS ROLL TOWEL PINK  SPOTS,2.46
21121,SET/10 RED POLKADOT PARTY CANDLES,2.46
21242,RED RETROSPOT PLATE,3.29
21320,GLASS CHALICE GREEN  LARGE,4.96
21391,FRENCH LAVENDER SCENT HEART,4.13
21829,DINOSAUR KEYRINGS ASSORTED,0.42
22583,PACK OF 6 HANDBAG GIFT BOXES,4.96
22663,JUMBO BAG DOLLY GIRL DESIGN,4.13
22755,SMALL PURPLE BABUSHKA NOTEBOOK,1.63
22800,ANTIQUE TALL SWIRLGLASS TRINKET POT,7.46
47021G,SET/6 BEAD COASTERS GAUZE BAG GOLD,4.96
71496A,A4 WALL TIDY BLUE OFFICE,1.46
72741,GRAND CHOCOLATECANDLE,2.76
84707B,PINK JEWELLED MIRROR TRINKET TRAY,5.79
90002D,FLOWER BURST SILVER RING CRYSTAL,3.73
90027C,GLASS BEAD HOOP EARRINGS GREEN,2.9
90059F,DIAMANTE HAIR GRIP PACK/2 LT ROSE,1.65
90177B,DROP DIAMANTE EARRINGS BLACK DIAMON,2.9
90209C,PINK ENAMEL+GLASS HAIR COMB,2.07
16238,PARTY TIME PENCIL ERASERS,0.42
16219,HOUSE SHAPE PENCIL SHARPENER,1.67
21976,PACK OF 60 MUSHROOM CAKE CASES,1.25
22026,BANQUET BIRTHDAY  CARD,0.83
22066,LOVE HEART TRINKET POT,3.29
21154,RED RETROSPOT OVEN GLOVE,2.46
21316,SMALL CHUNKY GLASS ROMAN  BOWL,5.79
21383,PACK OF 12 STICKY BUNNIES,1.63
21448,12 DAISY PEGS IN WOOD BOX,3.29
21452,TOADSTOOL MONEY BOX,5.79
21484,CHICK GREY HOT WATER BOTTLE,7.46
21504,SKULLS GREETING CARD,0.83
21537,RED RETROSPOT PUDDING BOWL,8.29
22246,MAGIC GARDEN FELT GARLAND,4.13
22288,HANGING METAL RABBIT DECORATION,2.46
22289,HANGING METAL CHICKEN DECORATION,2.46
22608,PENS ASSORTED FUNKY JEWELED,1.63
22772,PINK DRAWER KNOB ACRYLIC EDWARDIAN,2.46
22805,BLUE DRAWER KNOB ACRYLIC EDWARDIAN,2.46
22970,LONDON BUS COFFEE MUG,4.96
21967,PACK OF 12 SKULL TISSUES,0.83
22062,CERAMIC BOWL WITH LOVE HEART DESIGN,5.79
22113,GREY HEART HOT WATER BOTTLE,7.46
22123,PING MICROWAVE APRON,4.96
40016,CHINESE DRAGON PAPER LANTERNS,8.29
72801C,4 ROSE PINK DINNER CANDLES,2.46
84231,EASTER BUNNY WITH BASKET ON BACK,1.46
84625A,PINK NEW BAROQUECANDLESTICK CANDLE,5.79
84661B,BLACK SQUARE TABLE CLOCK,2.46
85099C,JUMBO  BAG BAROQUE BLACK WHITE,4.13
90037B,TINY CRYSTAL BRACELET GREEN,2.48
90202B,WHITE ENAMEL FLOWER HAIR TIE,2.9
90202D,PINK ENAMEL FLOWER HAIR TIE,2.9
21371,MIRRORED WALL ART POPPIES,2.55
21424,WOODLAND STORAGE BOX LARGE,2.55
21426,WOODLAND STORAGE BOX SMALL,1.85
22843,BISCUIT TIN VINTAGE GREEN,5.95
22842,BISCUIT TIN VINTAGE RED,5.95
22841,ROUND CAKE TIN VINTAGE GREEN,6.95
22189,CREAM HEART CARD HOLDER,3.39
22188,BLACK HEART CARD HOLDER,3.39
22794,SWEETHEART WIRE MAGAZINE RACK,6.75
22766,PHOTO FRAME CORNICE,2.55
22786,CUSHION COVER PINK UNION JACK,4.95
22785,SQUARECUSHION COVER PINK UNION FLAG,5.95
22781,GUMBALL MAGAZINE RACK,6.75
72802B,OCEAN SCENT CANDLE IN JEWELLED BOX,3.81
84032B,CHARLIE + LOLA RED HOT WATER BOTTLE,2.55
84032A,CHARLIE+LOLA PINK HOT WATER BOTTLE,2.55
22070,SMALL RED RETROSPOT MUG IN BOX,3.39
22507,MEMO BOARD RETROSPOT  DESIGN,4.25
22721,SET OF 3 CAKE TINS SKETCHBOOK,4.25
22113,GREY HEART HOT WATER BOTTLE,3.39
22325,MOBILE VINTAGE HEARTS,4.25
22318,FIVE HEART HANGING DECORATION,2.55
22317,FIVE CATS HANGING DECORATION,2.55
20682,RED RETROSPOT CHILDRENS UMBRELLA,2.75
22844,VINTAGE CREAM DOG FOOD CONTAINER,7.65
22076,6 RIBBONS EMPIRE,2.46
22725,ALARM CLOCK BAKELIKE CHOCOLATE,8.29
21930,JUMBO STORAGE BAG SKULLS,4.96
21931,JUMBO STORAGE BAG SUKI,4.96
84997b,RED 3 PIECE RETROSPOT CUTLERY SET,8.29
85123a,WHITE HANGING HEART T-LIGHT HOLDER,6.63
22747,POPPY'S PLAYHOUSE BATHROOM,3.29
22748,POPPY'S PLAYHOUSE KITCHEN,3.29
22910,PAPER CHAIN KIT VINTAGE CHRISTMAS,6.63
20960,WATERMELON BATH SPONGE,2.46
20668,DISCO BALL CHRISTMAS DECORATION,0.42
22758,LARGE PURPLE BABUSHKA NOTEBOOK,2.46
71477,COLOUR GLASS. STAR T-LIGHT HOLDER,6.63
84970l,SINGLE HEART ZINC T-LIGHT HOLDER,2.08
20674,GREEN POLKADOT BOWL,2.46
22726,ALARM CLOCK BAKELIKE GREEN,8.29
47518f,ICON PLACEMAT POP ART ELVIS,4.13
84347,ROTATING SILVER ANGELS T-LIGHT HLDR,5.79
84828,JUNGLE POPSICLES ICE LOLLY HOLDERS,2.46
20766,GARDEN PATH SKETCHBOOK,7.46
21069,VINTAGE BILLBOARD TEA MUG,2.46
21070,VINTAGE BILLBOARD MUG,2.46
21071,VINTAGE BILLBOARD DRINK ME MUG,2.46
21213,PACK OF 72 SKULL CAKE CASES,2.08
21911,GARDEN METAL SIGN,3.29
40046A,RED DAISY PAPER LAMPSHADE,1.25
37467,PIG MUG IN TWO COLOUR DESIGNS,0.85
21844,RED RETROSPOT MUG,5.79
21067,VINTAGE RED TEATIME MUG,2.46
21442,GREEN BIRDHOUSE DECORATION,1.63
84813,SET OF 4 DIAMOND NAPKIN RINGS,8.29
21313,GLASS HEART T-LIGHT HOLDER,1.63
21318,GLASS CHALICE BLUE SMALL,3.29
85188A,GREEN METAL SWINGING BUNNY,1.63
85194S,HANGING SPRING FLOWER EGG SMALL,1.63
90096,NECKLACE+BRACELET SET BLUE BLOSSOM,2.46
90120D,WHITE MURANO TWIST BRACELET,4.15
90187B,GREEN DROP EARRINGS W BEAD CLUSTER,3.32
21877,HOME SWEET HOME MUG,3.29
17096,ASSORTED LAQUERED INCENSE HOLDERS,0.42
21167,WHITE SAGE INCENSE,0.42
21192,WHITE BELL HONEYCOMB PAPER,3.29
21198,WHITE HEART CONFETTI IN TUBE,3.29
21199,PINK  HEART CONFETTI IN TUBE,3.29
22091,EMPIRE TISSUE BOX,2.46
22101,MIRROR MOSAIC VOTIVE HOLDER,2.46
22243,5 HOOK HANGER RED MAGIC TOADSTOOL,3.29
22336,DOVE DECORATION PAINTED ZINC,1.25
22338,STAR DECORATION PAINTED ZINC,1.25
22339,CHRISTMAS TREE PAINTED ZINC,1.25
22341,LOVE GARLAND PAINTED ZINC,3.29
22420,LIPSTICK PEN BABY PINK,0.83
22421,LIPSTICK PEN FUSCHIA,0.83
22675,FRENCH KITCHEN SIGN BLUE METAL,2.46
22774,RED DRAWER KNOB ACRYLIC EDWARDIAN,2.46
22798,ANTIQUE GLASS DRESSING TABLE POT,5.79
22897,OVEN MITT APPLES DESIGN,2.92
35916B,BLUE FELT HANGING HEART W FLOWER,1.63
35916C,PINK FELT HANGING HEART W FLOWER,1.63
46776C,WOVEN FROST CUSHION COVER,4.13
84249A,"GREETING CARD,SQUARE, DOUGHNUTS",0.83
85038,6 CHOCOLATE LOVE HEART T-LIGHTS,4.13
85062,PEARL CRYSTAL PUMPKIN T-LIGHT HLDR,2.46
22741,FUNKY DIVA PEN,1.63
84949,SILVER HANGING T-LIGHT HOLDER,3.29
85020,ROUND PINK HEART MIRROR,4.13
21733,RED HANGING HEART T-LIGHT HOLDER,5.79
21773,DECORATIVE ROSE BATHROOM BOTTLE,2.46
84510E,SET OF 4 GREEN CAROUSEL COASTERS,2.46
84251C,"GREETING CARD, TWO SISTERS.",0.83
21774,DECORATIVE CATS BATHROOM BOTTLE,2.46
22342,HOME GARLAND PAINTED ZINC,3.29
22363,GLASS JAR MARMALADE,5.79
22372,AIRLINE BAG VINTAGE WORLD CHAMPION,8.29
71053,WHITE METAL LANTERN,8.29
71459,HANGING JAM JAR T-LIGHT HOLDER,1.66
21932,SCANDINAVIAN PAISLEY PICNIC BAG,5.79
21972,SET OF 36 DINOSAUR PAPER DOILIES,2.92
22390,PAPERWEIGHT CHILDHOOD MEMORIES,4.96
22497,SET OF 2 TINS VINTAGE BATHROOM,8.29
22534,MAGIC DRAWING SLATE SPACEBOY,0.83
22556,PLASTERS IN TIN CIRCUS PARADE,3.29
22613,PACK OF 20 SPACEBOY NAPKINS,1.63
22745,POPPY'S PLAYHOUSE BEDROOM,4.13
22817,CARD SUKI BIRTHDAY,0.83
22863,SOAP DISH BROCANTE,5.79
22701,PINK DOG BOWL,5.79
22729,ALARM CLOCK BAKELIKE ORANGE,7.46
22254,FELT TOADSTOOL LARGE,2.46
22255,FELT TOADSTOOL  SMALL,1.63
20763,DAISY SKETCHBOOK,7.46
20828,GLITTER BUTTERFLY CLIPS,4.96
20967,GREY FLORAL FELTCRAFT SHOULDER BAG,7.46
21171,BATHROOM METAL SIGN,3.29
21520,BOOZE & WOMEN GREETING CARD,0.83
90123B,TURQUOISE HEART OF GLASS BRACELET,5.82
90174,BUTTERFLY HAIR BAND,2.48
84527,FLAMES SUNGLASSES PINK LENSES,1.95
72799C,PINK PILLAR CANDLE SILVER FLOCK,2.95
85212,MINI PAINTED GARDEN DECORATION,0.85
71101E,STANDING FAIRY POLE SUPPORT,0.85
21457,2 PICTURE BOOK EGGS EASTER DUCKS,1.25
90072,RUBY DROP CHANDELIER EARRINGS,3.75
90073,VINTAGE ENAMEL & CRYSTAL EARRINGS,4.95
79191D,RETRO PLASTIC DAISY TRAY,0.85
72134,COLUMBIAN  CUBE CANDLE,0.85
21456,2 PICTURE BOOK EGGS EASTER CHICKS,1.25
22740,POLKADOT PEN,0.85
21317,GLASS SPHERE CANDLE STAND MEDIUM,5.45
35647,VINTAGE BEAD PINK SHADE,1.25
22215,CAKE STAND WHITE TWO TIER LACE,7.65
90214G,"LETTER ""G"" BLING KEY RING",1.25
21408,SPOTTY PINK DUCK DOORSTOP,8.29
21846,PINK DIAMANTE PEN IN GIFT BOX,4.13
21935,SUKI  SHOULDER BAG,3.29
22025,RING OF ROSES BIRTHDAY CARD,0.83
22106,MIRROR MOSAIC HURRICANE LAMP,4.96
22152,PLACE SETTING WHITE STAR,1.63
21060,PARTY INVITES BALLOON GIRL,1.63
20685,DOORMAT RED RETROSPOT,7.46
20893,HANGING BAUBLE T-LIGHT HOLDER SMALL,4.96
21033,JUMBO BAG CHARLIE AND LOLA TOYS,5.79
22315,200 RED + WHITE BENDY STRAWS,2.46
22317,FIVE CATS HANGING DECORATION,5.79
22513,DOORSTOP FOOTBALL DESIGN,7.46
84945,MULTI COLOUR SILVER T-LIGHT HOLDER,1.8
85114B,IVORY ENCHANTED FOREST PLACEMAT,3.29
21775,DECORATIVE FLORE BATHROOM BOTTLE,2.46
21883,STARS GIFT TAPE,1.63
85170D,SET/6 PINK BIRD T-LIGHT CANDLES,4.13
90125E,AMBER BERTIE GLASS BEAD BAG CHARM,4.13
22211,WOOD STAMP SET FLOWERS,3.29
22367,CHILDRENS APRON SPACEBOY DESIGN,4.13
22861,EASTER TIN CHICKS IN GARDEN,3.29
37448,CERAMIC CAKE DESIGN SPOTTED MUG,3.29
72807C,SET/3 VANILLA SCENTED CANDLE IN BOX,8.29
79066K,RETRO MOD TRAY,1.63
84596B,SMALL DOLLY MIX DESIGN ORANGE BOWL,2.46
84884A,ANT WHITE WIRE HEART SPIRAL,8.29
22725,ALARM CLOCK BAKELIKE CHOCOLATE,7.46
21401,BLUE PUDDING SPOON,0.83
21933,PINK VINTAGE PAISLEY PICNIC BAG,5.79
22134,MINI LADLE LOVE HEART RED,0.83
22963,JAM JAR WITH GREEN LID,1.63
37342,POLKADOT COFFEE CUP & SAUCER PINK,5.79
84916,HAND TOWEL PALE BLUE W FLOWERS,4.13
85187,S/12 MINI RABBIT EASTER,3.29
72819,CUPID DESIGN SCENTED CANDLES,2.1
84678,CLASSICAL ROSE SMALL VASE,1.25
20725,LUNCH BAG RED RETROSPOT,4.96
21059,PARTY INVITES DINOSAURS,1.63
21232,STRAWBERRY CERAMIC TRINKET BOX,3.29
21679,SKULLS  STICKERS,1.63
21992,VINTAGE PAISLEY STATIONERY SET,5.79
84992,72 SWEETHEART FAIRY CAKE CASES,2.08
85071A,BLUE CHARLIE+LOLA PERSONAL DOORSIGN,5.79
22381,TOY TIDY PINK POLKADOT,4.96
84789,ENCHANTED BIRD PLANT CAGE,2.95
22860,EASTER TIN CHICKS PINK DAISY,3.29
22933,BAKING MOULD EASTER EGG MILK CHOC,5.79
35915C,PEACH KNITTED HEN,3.29
47480,HANGING PHOTO CLIP ROPE LADDER,3.29
72351B,SET/6 PINK  BUTTERFLY T-LIGHTS,4.13
72800C,4 PINK DINNER CANDLE SILVER FLOCK,4.96
85111,SILVER GLITTER FLOWER VOTIVE HOLDER,2.46
85202,HANGING WOOD AND FELT HEART,0.79
90051,CRACKED GLAZE NECKLACE RED,7.07
22059,CERAMIC STRAWBERRY DESIGN MUG,3.29
22068,BLACK PIRATE TREASURE CHEST,3.29
22073,RED RETROSPOT STORAGE JAR,7.46
21407,BROWN CHECK CAT DOORSTOP,8.29
20652,BLUE POLKADOT LUGGAGE TAG,2.46
21454,PAINTED PINK RABBIT,1.63
22322,BIRD DECORATION GREEN POLKADOT,1.63
22479,DAISY GARDEN MARKER,2.46
22609,PENS ASSORTED SPACEBALL,1.63
22610,PENS ASSORTED FUNNY FACE,1.63
22185,SLATE TILE NATURAL HANGING,3.29
22228,BUNNY WOODEN PAINTED WITH BIRD,1.63
22248,DECORATION  PINK CHICK MAGIC GARDEN,1.63
22249,DECORATION WHITE CHICK MAGIC GARDEN,1.63
22280,POCKET BAG PINK PAISELY BROWN SPOT,2.46
22293,HANGING CHICK GREEN DECORATION,2.92
22312,OFFICE MUG WARMER POLKADOT,5.79
22313,OFFICE MUG WARMER PINK,5.79
21746,SMALL RED RETROSPOT WINDMILL,2.46
21749,LARGE RED RETROSPOT WINDMILL,4.13
20803,SMALL PINK GLASS SUNDAE DISH,3.29
21108,FAIRY CAKE FLANNEL ASSORTED COLOUR,4.96
21507,"ELEPHANT, BIRTHDAY CARD,",0.83
21688,SILVER PLATE CANDLE BOWL SMALL,5.79
21695,SMALL SILVER FLOWER CANDLE POT,5.79
21980,PACK OF 12 RED RETROSPOT TISSUES,0.83
47503H,ASS FLORAL PRINT SPIRIT LEVEL,4.13
22251,BIRDHOUSE DECORATION MAGIC GARDEN,2.46
90160D,PINK BOUDICCA LARGE BRACELET,7.07
90185A,AMBER DIAMANTE EXPANDABLE RING,4.15
90185B,AMETHYST DIAMANTE EXPANDABLE RING,4.15
22286,"DECORATION , WOBBLY RABBIT , METAL",3.29
20846,ZINC HEART LATTICE T-LIGHT HOLDER,2.46
22465,HANGING METAL STAR LANTERN,3.29
22677,FRENCH BLUE METAL DOOR SIGN 2,2.46
22819,"BIRTHDAY CARD, RETRO SPOT",0.83
22834,HAND WARMER BABUSHKA DESIGN,4.13
21262,WHITE GOOSE FEATHER CHRISTMAS TREE,7.46
90190A,SILVER/CRYSTAL DROP EARRINGS W LEAF,2.9
90201A,PURPLE ENAMEL FLOWER RING,2.9
90201B,BLACK ENAMEL FLOWER RING,2.9
90201C,RED ENAMEL FLOWER RING,2.9
90000B,MIDNIGHT BLUE COPPER FLOWER NECKLAC,6.23
90160A,PURPLE BOUDICCA LARGE BRACELET,7.07
90160B,RED BOUDICCA LARGE BRACELET,7.07
90160C,TURQ+RED BOUDICCA LARGE BRACELET,7.07
20795,LARGE BLUE PROVENCAL CERAMIC BALL,2.1
84976,RECTANGULAR SHAPED MIRROR,1.69
84800M,MEDIUM WHITE/PINK ROSE ART FLOWER,1.27
22257,FELT FARM ANIMAL SHEEP,1.25
90197B,BLACK GLASS BRACELET W HEART CHARMS,4.95
84987,SET OF 36 TEATIME PAPER DOILIES,3.75
84988,SET OF 72 PINK HEART PAPER DOILIES,3.75
72801c,4 ROSE PINK DINNER CANDLES,2.46
22405,MONEY BOX POCKET MONEY DESIGN,2.46
22090,PAPER BUNTING RETROSPOT,6.63
21210,SET OF 72 RETROSPOT PAPER  DOILIES,3.75
21974,SET OF 36 PAISLEY FLOWER DOILIES,3.75
20831,GOLD PHOTO FRAME,4.13
22256,FELT FARM ANIMAL CHICKEN,2.46
22685,FRENCH BLUE METAL DOOR SIGN 0,2.46
22683,FRENCH BLUE METAL DOOR SIGN 8,2.46
22754,SMALL RED BABUSHKA NOTEBOOK,1.63
84755,COLOUR GLASS T-LIGHT HOLDER HANGING,1.24
21879,HEARTS GIFT TAPE,1.63
21891,TRADITIONAL WOODEN SKIPPING ROPE,2.46
21907,I'M ON HOLIDAY METAL SIGN,4.13
22529,MAGIC DRAWING SLATE GO TO THE FAIR,0.83
22531,MAGIC DRAWING SLATE CIRCUS PARADE,0.83
22536,MAGIC DRAWING SLATE PURDEY,0.83
22537,MAGIC DRAWING SLATE DINOSAUR,0.83
22597,MUSICAL ZINC HEART DECORATION,1.63
22258,FELT FARM ANIMAL RABBIT,2.46
22314,OFFICE MUG WARMER CHOC+BLUE,5.79
22375,AIRLINE BAG VINTAGE JET SET BROWN,8.29
21422,PORCELAIN ROSE SMALL,1.63
22903,CALENDAR FAMILY FAVOURITES,5.79
22931,BAKING MOULD HEART WHITE CHOCOLATE,4.96
90120A,PINK MURANO TWIST BRACELET,4.25
90120B,BLUE MURANO TWIST BRACELET,4.15
90120C,GREEN MURANO TWIST BRACELET,4.15
90214E,"LETTER ""E"" BLING KEY RING",0.83
85015,SET OF 12  VINTAGE POSTCARD SET,2.46
85088,CANDY SPOT HAND BAG,4.13
90037A,TINY CRYSTAL BRACELET RED,2.48
90125C,TURQUOISE BERTIE GLASS BEAD CHARM,0.85
85099F,JUMBO BAG STRAWBERRY,1.65
85099C,JUMBO  BAG BAROQUE BLACK WHITE,1.65
85099B,JUMBO BAG RED RETROSPOT,1.65
22663,JUMBO BAG DOLLY GIRL DESIGN,1.65
22385,JUMBO BAG SPACEBOY DESIGN,1.65
21930,JUMBO STORAGE BAG SKULLS,1.65
21928,JUMBO BAG SCANDINAVIAN PAISLEY,1.65
20713,JUMBO BAG OWLS,1.65
20712,JUMBO BAG WOODLAND ANIMALS,1.65
20711,JUMBO BAG TOYS,1.65
21407,BROWN CHECK CAT DOORSTOP,3.75
35913B,WHITE/PINK CHICK EASTER DECORATION,0.85
22146,EASTER CRAFT IVY WREATH WITH CHICK,1.95
22627,MINT KITCHEN SCALES,7.65
85047,WHITE BEADED GARLAND STRING 20LIGHT,6.35
21670,BLUE SPOT CERAMIC DRAWER KNOB,3.29
21671,RED SPOT CERAMIC DRAWER KNOB,3.29
22498,WOODEN REGATTA BUNTING,8.29
22728,ALARM CLOCK BAKELIKE PINK,8.29
22729,ALARM CLOCK BAKELIKE ORANGE,8.29
84989a,75 GREEN FAIRY CAKE CASES,2.08
21988,PACK OF 6 SKULL PAPER PLATES,1.63
22374,AIRLINE BAG VINTAGE JET SET RED,8.29
22645,CERAMIC HEART FAIRY CAKE MONEY BANK,4.13
85049e,SCANDINAVIAN REDS RIBBONS,3.29
22183,CAKE STAND VICTORIAN FILIGREE MED,5.95
37351,ORANGE FLOWER MUG,1.25
85160A,WHITE BIRD GARDEN DESIGN MUG,1.25
16052,TEATIME PUSH DOWN RUBBER,0.42
72815,3 WICK CHRISTMAS BRIAR CANDLE,3.75
21617,4 LILY  BOTANICAL DINNER CANDLES,3.25
21588,RETROSPOT GIANT TUBE MATCHES,2.1
20986,BLUE CALCULATOR RULER,2.46
21977,PACK OF 60 PINK PAISLEY CAKE CASES,2.08
84378,SET OF 3 HEART COOKIE CUTTERS,3.29
84997a,GREEN 3 PIECE POLKADOT CUTLERY SET,8.29
85039a,SET/4 RED MINI ROSE CANDLE IN BOWL,3.29
22854,CREAM SWEETHEART EGG HOLDER,4.25
22934,BAKING MOULD EASTER EGG WHITE CHOC,5.79
82613B,"METAL SIGN,CUPCAKE SINGLE HOOK",2.46
85173,SET/6 FROG PRINCE T-LIGHT CANDLES,4.96
21947,SET OF 6 HEART CHOPSTICKS,2.46
22081,RIBBON REEL FLORA + FAUNA,3.29
22268,EASTER DECORATION SITTING BUNNY,1.63
22299,PIG KEYRING WITH LIGHT & SOUND,2.46
22311,OFFICE MUG WARMER BLACK+SILVER,5.79
90214I,"LETTER ""I"" BLING KEY RING",0.83
90214V,"LETTER ""V"" BLING KEY RING",0.83
22431,WATERING CAN BLUE ELEPHANT,4.13
22432,WATERING CAN PINK BUNNY,4.13
22496,SET OF 2 ROUND TINS DUTCH CHEESE,5.79
85188B,PINK METAL SWINGING BUNNY,1.63
85203,HANGING WOOD AND FELT BUTTERFLY,0.79
90104,PURPLE FRANGIPANI HAIRCLIP,0.82
22595,GINGHAM HEART DECORATION,1.63
22653,BUTTON BOX,4.13
22869,NUMBER TILE COTTAGE GARDEN 1,4.13
22873,NUMBER TILE COTTAGE GARDEN 5,4.13
84950,ASSORTED COLOUR T-LIGHT HOLDER,1.38
35923,CANDY HEART HANGING DECORATION,2.46
62094B,TURQ ICE CREAM BUM BAG,4.96
22935,BAKING MOULD ROSE MILK CHOCOLATE,6.63
21207,SKULL AND CROSSBONES  GARLAND,1.63
21222,SET/4 BADGES BEETLES,2.46
21413,PERIWINKLE T-LIGHT HOLDER,2.46
21446,12 RED ROSE PEG PLACE SETTINGS,2.46
21470,FLOWER VINE RAFFIA FOOD COVER,7.46
21472,LADYBIRD + BEE RAFFIA FOOD COVER,7.46
21557,SET OF 6 FUNKY BEAKERS,5.79
21640,ASSORTED TUTTI FRUTTI  FOB NOTEBOOK,1.63
21107,CREAM SLICE FLANNEL PINK SPOT,5.79
21131,GOLD STANDING GNOME,8.29
21165,BEWARE OF THE CAT METAL SIGN,4.13
84509A,SET OF 4 ENGLISH ROSE PLACEMATS,7.46
21899,"KEY FOB , GARAGE DESIGN",1.63
21901,"KEY FOB , BACK DOOR",1.63
20801,LARGE PINK GLASS SUNDAE DISH,4.96
20802,SMALL GLASS SUNDAE DISH CLEAR,3.29
20832,RED FLOCK LOVE HEART PHOTO FRAME,1.63
22582,PACK OF 6 SWEETIE GIFT BOXES,4.96
22602,RETROSPOT WOODEN HEART DECORATION,1.63
82613C,"METAL SIGN,CUPCAKE SINGLE HOOK",2.46
22684,FRENCH BLUE METAL DOOR SIGN 9,2.46
22895,SET OF 2 TEA TOWELS APPLE AND PEARS,5.79
22910,PAPER CHAIN KIT VINTAGE CHRISTMAS,5.79
35653,VINTAGE BEAD NOTEBOOK,5.79
46776D,WOVEN SUNSET CUSHION COVER,4.13
72821,CUPID SCENTED CANDLE IN GLASS,1.65
22246,MAGIC GARDEN FELT GARLAND,1.95
M,MANUAL,4.0
90123D,WHITE HEART OF GLASS BRACELET,5.95
90123A,PINK HEART OF GLASS BRACELET,5.95
84847,FLORAL BATHROOM SET,3.75
85188A,GREEN METAL SWINGING BUNNY,0.85
20898,VINTAGE NOTEBOOK TRAVELOGUE,2.95
21316,SMALL CHUNKY GLASS ROMAN  BOWL,2.95
21320,GLASS CHALICE GREEN  LARGE,2.55
22822,CREAM WALL PLANTER HEART SHAPED,4.95
22426,ENAMEL WASH BOWL CREAM,8.29
20724,RED RETROSPOT CHARLOTTE BAG,2.46
85026B,EAU DE NILE JEWELLED T-LIGHT HOLDER,1.63
85034C,3 ROSE MORRIS BOXED CANDLES,8.29
85093,CANDY SPOT EGG WARMER HARE,2.46
85094,CANDY SPOT EGG WARMER RABBIT,2.46
90019B,GOLD M.O.P ORBIT BRACELET,5.4
90141A,GREEN PENDANT TRIPLE SHELL NECKLACE,5.4
90183C,BLACK DROP EARRINGS W LONG BEADS,2.9
90185C,BLACK DIAMANTE EXPANDABLE RING,4.15
90190C,SILVER/AMETHYST DROP EARRINGS LEAF,2.9
21367,MIRRORED WALL ART GENTS,4.96
21368,MIRRORED WALL ART LADIES,4.96
21372,MIRRORED WALL ART TABLE LAMP,5.79
21382,SET/4 SPRING FLOWER DECORATION,5.79
21677,HEARTS  STICKERS,1.63
22135,MINI LADLE LOVE HEART PINK,0.83
22229,BUNNY WOODEN PAINTED WITH FLOWER,1.63
22247,BUNNY DECORATION MAGIC GARDEN,1.63
22250,DECORATION  BUTTERFLY  MAGIC GARDEN,1.63
22270,HAPPY EASTER HANGING DECORATION,7.46
22273,FELTCRAFT DOLL MOLLY,5.79
22310,IVORY KNITTED MUG COSY,3.29
22409,MONEY BOX BISCUITS DESIGN,2.46
22553,PLASTERS IN TIN SKULLS,3.29
47599B,BLUE PARTY BAGS,4.13
71279,PINK GLASS CANDLEHOLDER,5.79
72800E,4 IVORY DINNER CANDLES SILVER FLOCK,3.29
84661B,BLACK SQUARE TABLE CLOCK,4.96
20818,GOLD TEDDY BEAR,3.75
85160B,BLACK BIRD GARDEN DESIGN MUG,1.25
84465,15 PINK FLUFFY CHICKS IN BOX,2.95
20851,ZINC HEART LATTICE TRAY OVAL,5.95
22881,NUMBER TILE VINTAGE FONT 2,1.95
84715,SET OF 6 ICE CREAM SKITTLES,2.95
84919,BLUE CUSHION COVER WITH FLOWER,6.95
84907,PINK YELLOW PATCH CUSHION COVER,7.65
85024B,EAU DE NILE JEWELLED PHOTOFRAME,1.65
21394,RED POLKADOT BEAKER,4.13
21530,DAIRY MAID TOASTRACK,5.79
21654,RIDGED GLASS FINGER BOWL,3.29
21917,SET 12 KIDS  WHITE CHALK STICKS,0.83
15039,SANDALWOOD FAN,1.63
17091J,VANILLA INCENSE IN TIN,2.46
20956,PORCELAIN T-LIGHT HOLDERS ASSORTED,2.46
21111,"SWISS ROLL TOWEL, CHOCOLATE  SPOTS",5.79
21200,MULTICOLOUR HONEYCOMB PAPER GARLAND,3.29
21201,TROPICAL  HONEYCOMB PAPER GARLAND,4.96
21209,MULTICOLOUR HONEYCOMB FAN,3.29
DCGS0003,BOXED GLASS ASHTRAY,2.46
22804,CANDLEHOLDER PINK HANGING HEART,3.29
22811,SET OF 6 T-LIGHTS CACTI,5.79
22902,TOTE BAG I LOVE LONDON,4.13
21250,SET OF SKULL WALL STICKERS,5.79
22965,3 TRADITIONAL BISCUIT CUTTERS  SET,4.13
22976,CIRCUS PARADE CHILDRENS EGG CUP,2.46
40003,WHITE BAMBOO RIBS LAMPSHADE,3.29
21265,PINK GOOSE FEATHER TREE 60CM,5.79
21814,HEART T-LIGHT HOLDER,2.92
22147,FELTCRAFT BUTTERFLY HEARTS,4.13
22208,WOOD STAMP SET THANK YOU,3.29
22209,WOOD STAMP SET HAPPY BIRTHDAY,3.29
22852,DOG BOWL VINTAGE CREAM,8.29
21179,NO JUNK MAIL METAL SIGN,3.29
21811,HANGING HEART WITH BELL,2.46
22203,MILK PAN RED RETROSPOT,7.46
22621,TRADITIONAL KNITTING NANCY,2.92
22414,DOORMAT NEIGHBOURHOOD WITCH,6.75
84029E,RED WOOLLY HOTTIE WHITE HEART.,7.46
84997d,PINK 3 PIECE POLKADOT CUTLERY SET,8.29
20829,GLITTER HANGING BUTTERFLY STRING,4.13
21386,IVORY HANGING DECORATION  EGG,1.63
22216,T-LIGHT HOLDER WHITE LACE,1.63
22264,FELT FARM ANIMAL WHITE BUNNY,1.63
22932,BAKING MOULD TOFFEE CUP CHOCOLATE,4.96
22957,SET 3 PAPER VINTAGE CHICK PAPER EGG,5.79
37462E,"PET MUG, GOLDFISH",0.83
71403,"PINK/WHITE ""KEEP CLEAN"" BULLET BIN",5.79
79160,HEART SHAPE WIRELESS DOORBELL,3.29
85124C,GREEN JUICY FRUIT PHOTO FRAME,4.96
71496B,A4 WALL TIDY RED FLOWERS,0.65
85146,JARDIN ETCHED GLASS SMALL BELL JAR,5.95
35915C,PEACH KNITTED HEN,1.65
17028J,INCENSE BAZAAR PEACH,0.42
84795C,OCEAN STRIPE HAMMOCK,7.95
84660A,WHITE STITCHED WALL CLOCK,3.75
21758,VINTAGE SHELLS PRINT,6.45
62074B,ELEPHANT CLIP W SUCTION CUP,0.42
22861,EASTER TIN CHICKS IN GARDEN,1.65
84279B,CHERRY BLOSSOM DECORATIVE FLASK,3.75
21922,UNION STRIPE WITH FRINGE  HAMMOCK,6.95
84795B,SUNSET CHECK HAMMOCK,6.95
10135,COLOURING PENCILS BROWN TUBE,2.46
21001,ROSE DU SUD WASHBAG,4.13
21815,STAR  T-LIGHT HOLDER,2.92
21873,IF YOU CAN'T STAND THE HEAT MUG,3.29
22070,SMALL RED RETROSPOT MUG IN BOX,7.46
84006,MAGIC TREE -PAPER FLOWERS,1.63
84086C,PINK/PURPLE RETRO RADIO,4.13
84279B,CHERRY BLOSSOM DECORATIVE FLASK,8.29
84660B,BLACK STITCHED WALL CLOCK,7.46
22156,HEART DECORATION WITH PEARLS,0.72
85230A,OPIUM SCENTED VOTIVE CANDLE,0.29
84801B,WHITE HYDRANGEA ART FLOWER,2.1
84805A,CREAM CLIMBING HYDRANGA ART FLOWER,3.75
84509C,SET OF 4 POLKADOT PLACEMATS,2.95
85032B,BLOSSOM IMAGES GIFT WRAP SET,2.1
17136A,BLUE STONES ON WIRE FOR CANDLE,0.21
85206A,CREAM FELT EASTER EGG BASKET,3.29
90205C,LARGE CRYSTAL DIAMANTE HAIRSLIDE,1.65
16216,LETTER SHAPE PENCIL SHARPENER,1.25
18094C,WHITE AND BLUE CERAMIC OIL BURNER,2.46
21084,SET/6 COLLAGE PAPER CUPS,1.63
22559,SEASIDE FLYING DISC,2.46
22647,CERAMIC LOVE HEART MONEY BANK,3.29
22984,CARD GINGHAM ROSE,0.83
51014A,"FEATHER PEN,HOT PINK",1.63
84683,CLASSICAL ROSE CANDLESTAND,2.46
84951A,SET OF 4 PISTACHIO LOVEBIRD COASTER,4.96
84951B,SET OF 4 BLACK LOVEBIRD COASTERS,4.96
84952C,MIRROR LOVE BIRD T-LIGHT HOLDER,7.46
21294,ETCHED GLASS COASTER,2.46
21544,SKULLS  WATER TRANSFER TATTOOS,1.63
21626,VINTAGE UNION JACK PENNANT,4.13
21676,FLOWERS  STICKERS,1.63
21850,BLUE  DIAMANTE PEN IN GIFT BOX,4.13
21905,MORE BUTTER METAL SIGN,4.13
21918,SET 12 KIDS COLOUR  CHALK STICKS,0.83
22108,PING! MICROWAVE PLATE,3.29
22334,DINOSAUR PARTY BAG + STICKER SET,3.29
22378,WALL TIDY RETROSPOT,4.13
21115,ROSE CARAVAN DOORSTOP,5.95
22610,PENS ASSORTED FUNNY FACE,0.85
35923,CANDY HEART HANGING DECORATION,1.25
22899,CHILDREN'S APRON DOLLY GIRL,4.13
79066k,RETRO MOD TRAY,1.63
22410,MONEY BOX HOUSEKEEPING DESIGN,2.46
22698,PINK REGENCY TEACUP AND SAUCER,5.79
22149,FELTCRAFT 6 FLOWER FRIENDS,4.96
22174,PHOTO CUBE,4.13
22403,MAGNETS PACK OF 4 VINTAGE LABELS,2.46
84969,BOX OF 6 ASSORTED COLOUR TEASPOONS,8.29
84993a,75 GREEN PETIT FOUR CASES,0.83
21578,WOODLAND DESIGN  COTTON TOTE BAG,4.96
22674,FRENCH TOILET SIGN BLUE METAL,2.46
72807b,SET/3 OCEAN SCENT CANDLE JEWEL BOX,8.29
21580,RABBIT  DESIGN  COTTON TOTE BAG,4.96
22671,FRENCH LAUNDRY SIGN BLUE METAL,3.29
70006,LOVE HEART POCKET WARMER,3.29
84509b,SET OF 4 FAIRY CAKE PLACEMATS,7.46
21818,GLITTER HEART DECORATION,0.85
84708B,PINK JEWELLED PHOTO FRAME,4.95
22595,GINGHAM HEART DECORATION,0.85
21849,SILVER DIAMANTE PEN IN GIFT BOX,4.13
21913,VINTAGE SEASIDE JIGSAW PUZZLES,7.46
22089,PAPER BUNTING VINTAGE PAISLEY,5.79
22291,HANGING CHICK CREAM DECORATION,2.92
22292,HANGING CHICK  YELLOW DECORATION,2.92
22561,WOODEN SCHOOL COLOURING SET,3.29
22916,HERB MARKER THYME,1.63
22917,HERB MARKER ROSEMARY,1.63
22918,HERB MARKER PARSLEY,1.63
22919,HERB MARKER MINT,1.63
22920,HERB MARKER BASIL,1.63
84660A,WHITE STITCHED WALL CLOCK,7.46
84876B,GREEN HEART COMPACT MIRROR,7.46
84926A,WAKE UP COCKEREL TILE COASTER,2.46
84976,RECTANGULAR SHAPED MIRROR,3.29
85016,SET OF 6 VINTAGE NOTELETS KIT,2.46
90085,CRYSTAL STILETTO PHONE CHARM,1.63
15044B,BLUE PAPER PARASOL,5.79
18097C,WHITE TALL PORCELAIN T-LIGHT HOLDER,4.96
44089A,PINK GAUZE BUTTERFLY LAMPSHADE,0.42
84723,CHERRY BLOSSOM CANVAS ART PICTURE,7.95
22038,BOTANICAL LAVENDER GIFT WRAP,0.42
21238,RED RETROSPOT CUP,0.72
21240,BLUE POLKADOT CUP,0.72
21621,VINTAGE UNION JACK BUNTING,7.45
22646,CERAMIC STRAWBERRY CAKE MONEY BANK,1.25
84086C,PINK/PURPLE RETRO RADIO,2.95
84429A,MEDIUM PINK BUDDHA HEAD,2.95
37462E,"PET MUG, GOLDFISH",0.42
21143,ANTIQUE GLASS HEART DECORATION,4.13
21987,PACK OF 6 SKULL PAPER CUPS,1.63
22142,CHRISTMAS CRAFT WHITE FAIRY,3.29
72801D,4 SKY BLUE DINNER CANDLES,2.46
84559A,3D SHEET OF DOG STICKERS,1.66
84559B,3D SHEET OF CAT STICKERS,1.66
84849D,HOT BATHS SOAP HOLDER,3.29
90214W,"LETTER ""W"" BLING KEY RING",0.83
21175,GIN + TONIC DIET METAL SIGN,2.55
21155,RED RETROSPOT PEG BAG,2.55
82483,WOOD 2 DRAWER CABINET WHITE FINISH,6.95
21174,POTTERING IN THE SHED METAL SIGN,2.08
90037B,TINY CRYSTAL BRACELET GREEN,2.55
90098,NECKLACE+BRACELET PINK BUTTERFLY,2.55
15058C,ICE CREAM DESIGN GARDEN PARASOL,7.95
22989,SET 2 PANTRY DESIGN TEA TOWELS,2.95
84406B,CREAM CUPID HEARTS COAT HANGER,4.15
21789,KIDS RAIN MAC PINK,1.63
22057,CERAMIC PLATE STRAWBERRY DESIGN,3.29
22519,CHILDS GARDEN BRUSH PINK,4.13
22673,FRENCH GARDEN SIGN BLUE METAL,3.29
22524,CHILDRENS GARDEN GLOVES BLUE,3.29
22492,MINI PAINT SET VINTAGE,0.65
22541,MINI JIGSAW LEAP FROG,0.42
21471,STRAWBERRY RAFFIA FOOD COVER,7.46
21872,GLAMOROUS  MUG,3.29
22031,BOTANICAL LAVENDER BIRTHDAY CARD,0.83
22259,FELT FARM ANIMAL HEN,2.46
22639,SET OF 4 NAPKIN CHARMS HEARTS,4.96
22748,POPPY'S PLAYHOUSE KITCHEN,4.13
22813,PACK 3 BOXES BIRD PANNETONE,4.13
72598,SET/12 TAPER CANDLES,1.63
72802A,ROSE SCENT CANDLE IN JEWELLED BOX,8.29
84931B,BLUE SCOTTIE DOG W FLOWER PATTERN,4.96
85184C,S/4 VALENTINE DECOUPAGE HEART BOX,5.79
16168M,FUNKY MONKEY GIFT BAG MEDIUM,0.83
21202,DOLLY HONEYCOMB GARLAND,3.29
21397,BLUE POLKADOT EGG CUP,3.29
47566B,TEA TIME PARTY BUNTING,4.95
21035,SET/2 RED RETROSPOT TEA TOWELS,3.25
85184C,S/4 VALENTINE DECOUPAGE HEART BOX,2.55
22520,CHILDS GARDEN TROWEL BLUE,1.63
84509a,SET OF 4 ENGLISH ROSE PLACEMATS,7.46
21917,SET 12 KIDS  WHITE CHALK STICKS,0.79
21918,SET 12 KIDS COLOUR  CHALK STICKS,0.79
22695,WICKER WREATH SMALL,3.29
22989,SET 2 PANTRY DESIGN TEA TOWELS,3.25
47504H,ENGLISH ROSE SPIRIT LEVEL,1.25
21166,COOK WITH WINE METAL SIGN,2.08
21972,SET OF 36 DINOSAUR PAPER DOILIES,2.46
22113,GREY HEART HOT WATER BOTTLE,8.29
22665,RECIPE BOX BLUE SKETCHBOOK DESIGN,6.63
22666,RECIPE BOX PANTRY YELLOW DESIGN,6.63
22732,3D VINTAGE CHRISTMAS STICKERS,1.63
84997c,BLUE 3 PIECE POLKADOT CUTLERY SET,8.29
21041,RED RETROSPOT OVEN GLOVE DOUBLE,6.63
21155,RED RETROSPOT PEG BAG,4.96
47566,PARTY BUNTING,4.95
84452,METAL RABBIT LADDER EASTER,0.85
84997D,PINK 3 PIECE POLKADOT CUTLERY SET,4.15
84997B,RED 3 PIECE RETROSPOT CUTLERY SET,4.15
84997C,BLUE 3 PIECE POLKADOT CUTLERY SET,4.15
84997A,GREEN 3 PIECE POLKADOT CUTLERY SET,4.15
82484,WOOD BLACK BOARD ANT WHITE FINISH,7.95
22353,LUNCH BOX WITH CUTLERY FAIRY CAKES,2.55
22990,COTTON APRON PANTRY DESIGN,4.95
84659A,WHITE TRAVEL ALARM CLOCK,2.55
20694,FLORAL PINK MONSTER,3.75
85092,CANDY SPOT TEA COSY,3.35
37413,ICON MUG REVOLUTIONARY,1.25
21829,DINOSAUR KEYRINGS ASSORTED,0.21
21719,LOVELY BONBON STICKER SHEET,1.63
21722,SWEET PUDDING STICKER SHEET,1.63
22376,AIRLINE BAG VINTAGE JET SET WHITE,8.29
22384,LUNCH BAG PINK POLKADOT,2.46
35818P,"ACRYLIC JEWEL ICICLE, PINK",3.29
35819B,"ACRYLIC HANGING JEWEL,BLUE",2.46
47591D,PINK FAIRY CAKE CHILDRENS APRON,4.13
84527,FLAMES SUNGLASSES PINK LENSES,4.13
84569D,PACK 6 HEART/ICE-CREAM PATCHES,2.46
84947,ANTIQUE SILVER TEA GLASS ENGRAVED,2.46
85025B,EAU DE NILE HEART SHAPE PHOTO FRAME,3.29
90036D,"FLOWER GLASS GARLAND NECKL.36""BLACK",7.9
90146,FINE SILVER NECKLACE W PASTEL FLOWE,7.9
79321,CHILLI LIGHTS,5.75
21494,ROTATING LEAVES T-LIGHT HOLDER,4.96
21851,LILAC DIAMANTE PEN IN GIFT BOX,4.13
22155,STAR DECORATION RUSTIC,0.83
22396,MAGNETS PACK OF 4 RETRO PHOTO,2.46
22399,MAGNETS PACK OF 4 CHILDHOOD MEMORY,2.46
22640,SET OF 4 NAPKIN CHARMS 3 KEYS,4.96
22955,36 FOIL STAR CAKE CASES,4.13
35911A,MULTICOLOUR RABBIT EGG WARMER,4.13
35912B,WHITE/PINK CHICK DECORATION,5.79
35954,SMALL FOLKART STAR CHRISTMAS DEC,0.82
85185B,PINK HORSE SOCK PUPPET,5.79
90214T,"LETTER ""T"" BLING KEY RING",0.83
DCGSSBOY,BOYS PARTY BAG,3.29
DCGSSGIRL,GIRLS PARTY BAG,3.29
21035,SET/2 RED RETROSPOT TEA TOWELS,6.25
21175,GIN + TONIC DIET METAL SIGN,4.96
21208,PASTEL COLOUR HONEYCOMB FAN,3.29
35815P,"ACRYLIC JEWEL SNOWFLAKE, PINK",2.1
21228,"POCKET MIRROR ""GLAMOROUS""",1.25
21723,ALPHABET HEARTS STICKER SHEET,1.63
22021,BLUE FELT EASTER EGG BASKET,3.29
22482,BLUE TEA TOWEL CLASSIC DESIGN,2.46
22870,NUMBER TILE COTTAGE GARDEN 2,4.13
22879,NUMBER TILE VINTAGE FONT 0,4.13
22889,NUMBER TILE VINTAGE FONT NO,4.13
85032A,ROMANTIC IMAGES GIFT WRAP SET,4.13
22896,PEG BAG APPLES DESIGN,5.79
85114b,IVORY ENCHANTED FOREST PLACEMAT,3.29
85215,ASSORTED CHEESE FRIDGE MAGNETS,1.24
84536a,ENGLISH ROSE NOTEBOOK A7 SIZE,0.79
20984,12 PENCILS TALL TUBE POSY,1.63
84596J,MIXED NUTS LIGHT GREEN BOWL,2.46
84678,CLASSICAL ROSE SMALL VASE,4.96
84712B,PINK JEWELLED PHOTO FRAME,7.46
84763,ZINC FINISH 15CM PLANTER POTS,2.46
85035B,CHOCOLATE 3 WICK MORRIS BOX CANDLE,8.29
90198B,VINTAGE ROSE BEAD BRACELET BLACK,4.15
90200B,BLACK SWEETHEART BRACELET,4.15
15036,ASSORTED COLOURS SILK FAN,1.63
16207A,PINK STRAWBERRY HANDBAG,3.29
21125,SET 6 FOOTBALL CELEBRATION CANDLES,2.46
21641,ASSORTED TUTTI FRUTTI KEYRING BALL,1.63
21666,RIDGED GLASS T-LIGHT HOLDER,1.63
22214,CANDLE PLATE LACE WHITE,4.96
22274,FELTCRAFT DOLL EMILY,5.79
22279,POCKET BAG BLUE PAISLEY RED SPOT,2.46
22661,CHARLOTTE BAG DOLLY GIRL DESIGN,1.63
22888,NUMBER TILE VINTAGE FONT 9,4.13
84596E,SMALL LICORICE DES PINK BOWL,2.46
84596F,SMALL MARSHMALLOWS PINK BOWL,2.46
85232A,SET/3 POLKADOT STACKING TINS,4.25
20902,VINTAGE KEEPSAKE BOX PARIS DAYS,5.55
85232D,SET/3 DECOUPAGE STACKING TINS,4.25
17012C,ORIGAMI LAVENDER INCENSE/CANDL SET,2.46
21220,SET/4 BADGES DOGS,2.46
21291,SMALL POLKADOT CHOCOLATE GIFT BAG,1.63
21826,EIGHT PIECE DINOSAUR SET,2.46
22327,ROUND SNACK BOXES SET OF 4 SKULLS,5.79
22344,PARTY PIZZA DISH PINK POLKADOT,1.63
22458,CAST IRON HOOK GARDEN FORK,4.96
22459,CAST IRON HOOK GARDEN TROWEL,4.96
22872,NUMBER TILE COTTAGE GARDEN 4,4.13
35921,EASTER BUNNY HANGING GARLAND,4.96
72799F,IVORY PILLAR CANDLE GOLD FLOCK,3.29
72807B,SET/3 OCEAN SCENT CANDLE JEWEL BOX,8.29
72812,LARGE ZINC GLASS CANDLEHOLDER,4.13
79403,FROSTED WHITE BASE,1.63
84509E,SET OF 4 CAROUSEL PLACEMATS,7.46
47591d,PINK FAIRY CAKE CHILDRENS APRON,4.96
82001s,VINYL RECORD FRAME SILVER,7.46
21172,PARTY METAL SIGN,4.13
90202B,WHITE ENAMEL FLOWER HAIR TIE,2.95
90202C,GREEN ENAMEL FLOWER HAIR TIE,2.95
90174,BUTTERFLY HAIR BAND,2.55
90039C,FIRE POLISHED GLASS BRACELET BLACK,3.75
90120B,BLUE MURANO TWIST BRACELET,4.25
90122B,JADE CRYSTAL+GLASS BRACELET,4.95
79063D,"RETRO PILL BOX , REVOLUTIONARY",0.42
90070,RUBY GLASS CLUSTER BRACELET,5.95
75178,ASSTD COL BUTTERFLY/CRYSTAL W/CHIME,1.25
75172,PAINTED SEA SHELL METAL WINDCHIME,3.75
11001,ASSTD DESIGN RACING CAR PEN,3.29
20768,GREEN FERN JOURNAL,4.96
20771,CHRYSANTHEMUM  JOURNAL,4.96
22332,SKULLS PARTY BAG + STICKER SET,3.29
22887,NUMBER TILE VINTAGE FONT 8,4.13
82567,"AIRLINE LOUNGE,METAL SIGN",4.13
85032B,BLOSSOM IMAGES GIFT WRAP SET,4.13
45013,FOLDING SHOE TIDY,2.95
21636,MADRAS NOTEBOOK MEDIUM,2.55
71510,SQUARE METAL CANDLEHOLDER BASE,0.85
22525,CHILDRENS GARDEN GLOVES PINK,3.29
21889,WOODEN BOX OF DOMINOES,3.29
21641,ASSORTED TUTTI FRUTTI KEYRING BALL,0.85
44265,M/COLOUR POM-POM CURTAIN,4.25
21204,DAISIES  HONEYCOMB GARLAND,3.29
21454,PAINTED PINK RABBIT,0.83
21455,PAINTED YELLOW WOODEN DAISY,0.83
21703,BAG 125G SWIRLY MARBLES,0.83
35915B,BLUE KNITTED HEN,0.83
71270,PHOTO CLIP LINE,2.46
22261,FELT EGG COSY WHITE RABBIT,1.63
82567,"AIRLINE LOUNGE,METAL SIGN",1.63
84422,PINK/BLUE DISC/MIRROR STRING,1.63
84997D,PINK 3 PIECE POLKADOT CUTLERY SET,8.29
17084P,DRAGONS BLOOD INCENSE,0.42
20653,CHERRY BLOSSOM LUGGAGE TAG,2.46
20707,CRAZY DAISY HEART DECORATION,0.83
21094,SET/6 RED SPOTTY PAPER PLATES,0.83
22491,PACK OF 12 COLOURED PENCILS,1.63
82583,HOT BATHS METAL SIGN,4.96
20998,ROSE DU SUD OVEN GLOVE,5.79
35241,ENAMEL BLUE RIM BISCUIT BIN,4.25
79323B,BLACK CHERRY LIGHTS,6.75
82484,WOOD BLACK BOARD ANT WHITE FINISH,6.75
90055,CRACKED GLAZE EARRINGS BROWN,2.55
90064B,BLACK VINTAGE  CRYSTAL EARRINGS,3.75
90011B,BLACK CRYSTAL DROP EARRINGS,2.95
90064A,WHITE VINTAGE CRYSTAL EARRINGS,3.75
22543,MINI JIGSAW BAKE A CAKE,0.32
22427,ENAMEL FLOWER JUG CREAM,5.45
44089C,LILAC GAUZE BUTTERFLY LAMPSHADE,0.42
44236,PINK/PURPLE CIRCLE CURTAIN,4.65
21830,ASSORTED CREEPY CRAWLIES,0.83
21898,POTTING SHED ROSE CANDLE,2.46
21577,SAVE THE PLANET COTTON TOTE BAG,4.96
21689,SILVER VANILLA  FLOWER CANDLE POT,8.29
21724,PANDA AND BUNNIES STICKER SHEET,1.63
22989,SET 2 PANTRY DESIGN TEA TOWELS,6.25
35915C,PEACH KNITTED HEN,0.83
47574A,ENGLISH ROSE SCENTED HANGING FLOWER,2.46
21084,SET/6 COLLAGE PAPER CUPS,0.83
21090,SET/6 COLLAGE PAPER PLATES,0.83
21179,NO JUNK MAIL METAL SIGN,1.63
21439,BASKET OF TOADSTOOLS,2.46
22535,MAGIC DRAWING SLATE BUNNIES,0.83
22894,TABLECLOTH RED APPLES DESIGN,8.29
82095,HEART BUTTONS JEWELLERY BOX,4.96
85136A,YELLOW SHARK HELICOPTER,8.29
90024B,NEW BAROQUE B'FLY NECKLACE RED,8.32
84798B,PURPLE FOXGLOVE ARTIIFCIAL FLOWER,2.55
84803A,PINK ALLIUM  ARTIFICIAL FLOWER,1.69
21914,BLUE HARMONICA IN BOX,2.46
22440,BALLOON WATER BOMB PACK OF 35,0.83
22521,CHILDS GARDEN TROWEL PINK,1.63
22523,CHILDS GARDEN FORK PINK,1.63
22566,FELTCRAFT HAIRBAND PINK AND PURPLE,1.63
22789,T-LIGHT HOLDER SWEETHEART HANGING,4.13
90086,CRYSTAL FROG PHONE CHARM,1.63
20659,ECONOMY LUGGAGE TAG,2.46
21162,TOXIC AREA  DOOR HANGER,3.29
21248,DOOR HANGER  MUM + DADS ROOM,3.29
20992,JAZZ HEARTS PURSE NOTEBOOK,1.63
84406B,CREAM CUPID HEARTS COAT HANGER,3.5
84509G,SET OF 4 FAIRY CAKE PLACEMATS,2.95
84509A,SET OF 4 ENGLISH ROSE PLACEMATS,2.95
22858,EASTER TIN KEEPSAKE,1.45
22859,EASTER TIN BUNNY BOUQUET,1.45
35909B,PINK FLOWERS RABBIT EASTER,2.95
90152C,BLUE/NAT SHELL NECKLACE W PENDANT,5.95
90152A,SILVER/NAT SHELL NECKLACE W PENDANT,5.95
90018A,SILVER M.O.P ORBIT DROP EARRINGS,4.25
90023,FILIGREE DIAMANTE EARRINGS,4.25
84880,WHITE WIRE EGG HOLDER,7.5
84406B,CREAM CUPID HEARTS COAT HANGER,8.29
84796B,BLUE SAVANNAH PICNIC HAMPER FOR 2,8.29
85150,LADIES & GENTLEMEN METAL SIGN,4.79
85170C,SET/6 EAU DE NIL BIRD T-LIGHTS,4.13
90128D,PURPLE LEAVES AND BEADS PHONE CHAR,2.46
21818,GLITTER HEART DECORATION,1.63
20970,PINK FLORAL FELTCRAFT SHOULDER BAG,7.46
84663A,GRASS HOPPER WOODEN WALL CLOCK,5.95
22883,NUMBER TILE VINTAGE FONT 4,1.95
22885,NUMBER TILE VINTAGE FONT 6,1.95
85180A,RED HEARTS LIGHT CHAIN,3.81
20931,BLUE POT PLANT CANDLE,2.95
35637A,IVORY STRING CURTAIN WITH POLE,5.95
84661C,PINK SQUARE TABLE CLOCK,2.55
84859C,PINK DISCO HANDBAG,5.95
20803,SMALL PINK GLASS SUNDAE DISH,1.65
21756,BATH BUILDING BLOCK WORD,5.45
M,MANUAL,3.75
22092,BLUE PAISLEY TISSUE BOX,2.46
22446,PIN CUSHION BABUSHKA PINK,6.63
21618,4 WILDFLOWER BOTANICAL CANDLES,7.46
22538,MINI JIGSAW GO TO THE FAIR,0.83
22871,NUMBER TILE COTTAGE GARDEN 3,4.13
21095,SET/6 POSIES PAPER PLATES,1.63
22192,BLUE DINER WALL CLOCK,7.65
79406,FROSTED WHITE BASE,0.22
22289,HANGING METAL CHICKEN DECORATION,1.25
22980,PANTRY SCRUBBING BRUSH,1.65
22993,SET OF 4 PANTRY JELLY MOULDS,1.25
21206,STRAWBERRY HONEYCOMB  GARLAND,3.29
21288,STRIPEY CHOCOLATE NESTING BOXES,3.29
21389,IVORY HANGING DECORATION  BIRD,1.63
21457,2 PICTURE BOOK EGGS EASTER DUCKS,2.46
21555,CERAMIC STRAWBERRY TRINKET TRAY,4.96
22186,RED STAR CARD HOLDER,5.79
22304,COFFEE MUG BLUE PAISLEY DESIGN,4.96
22391,PAPERWEIGHT HOME SWEET HOME,4.96
22821,GIFT BAG PSYCHEDELIC APPLES,1.25
51014L,"FEATHER PEN,LIGHT PINK",1.63
85136C,RED SHARK HELICOPTER,8.29
23006,TRAVEL CARD WALLET FLOWER MEADOW,0.42
23004,TRAVEL CARD WALLET PANTRY,0.42
23002,TRAVEL CARD WALLET SKULLS,0.42
23003,TRAVEL CARD WALLET VINTAGE ROSE,0.42
23000,TRAVEL CARD WALLET TRANSPORT,0.42
22994,TRAVEL CARD WALLET RETROSPOT,0.42
22998,TRAVEL CARD WALLET KEEP CALM,0.42
84050,PINK HEART SHAPE EGG FRYING PAN,1.25
85038,6 CHOCOLATE LOVE HEART T-LIGHTS,1.69
22313,OFFICE MUG WARMER PINK,8.29
21982,PACK OF 12 SUKI TISSUES,0.79
22615,PACK OF 12 CIRCUS PARADE TISSUES,0.79
21916,SET 12 RETRO WHITE CHALK STICKS,0.79
22086,PAPER CHAIN KIT 50'S CHRISTMAS,6.63
84596f,SMALL MARSHMALLOWS PINK BOWL,2.46
84596g,SMALL CHOCOLATES PINK BOWL,2.46
22733,3D TRADITIONAL CHRISTMAS STICKERS,1.63
22736,RIBBON REEL MAKING SNOWMEN,4.13
22739,RIBBON REEL CHRISTMAS SOCK BAUBLE,4.13
22898,CHILDRENS APRON APPLES DESIGN,4.96
22991,GIRAFFE WOODEN RULER,1.95
22992,REVOLVER WOODEN RULER,1.95
21898,POTTING SHED ROSE CANDLE,2.95
75131,METAL TUBE CHIME ON BAMBOO,1.25
22805,BLUE DRAWER KNOB ACRYLIC EDWARDIAN,1.06
22774,RED DRAWER KNOB ACRYLIC EDWARDIAN,1.06
22772,PINK DRAWER KNOB ACRYLIC EDWARDIAN,1.06
22771,CLEAR DRAWER KNOB ACRYLIC EDWARDIAN,1.06
21673,WHITE SPOT BLUE CERAMIC DRAWER KNOB,1.06
21672,WHITE SPOT RED CERAMIC DRAWER KNOB,1.06
21671,RED SPOT CERAMIC DRAWER KNOB,1.06
21670,BLUE SPOT CERAMIC DRAWER KNOB,1.06
21669,BLUE STRIPE CERAMIC DRAWER KNOB,1.06
21668,RED STRIPE CERAMIC DRAWER KNOB,1.06
82600,NO SINGING METAL SIGN,1.85
82582,AREA PATROLLED METAL SIGN,1.85
21908,CHOCOLATE THIS WAY METAL SIGN,1.85
21907,I'M ON HOLIDAY METAL SIGN,1.85
21905,MORE BUTTER METAL SIGN,1.85
21181,PLEASE ONE PERSON METAL SIGN,1.85
21174,POTTERING IN THE SHED METAL SIGN,1.85
82551,LAUNDRY 15C METAL SIGN,1.25
85152,HAND OVER THE CHOCOLATE   SIGN,1.69
82599,FANNY'S REST STOPMETAL SIGN,1.69
82581,TOILET METAL SIGN,0.42
82580,BATHROOM METAL SIGN,0.42
82552,WASHROOM METAL SIGN,1.25
22674,FRENCH TOILET SIGN BLUE METAL,1.06
84406B,CREAM CUPID HEARTS COAT HANGER,3.75
22719,GUMBALL MONOCHROME COAT RACK,1.06
77101A,UNION FLAG WINDSOCK,1.06
84978,HANGING HEART JAR T-LIGHT HOLDER,1.06
84950,ASSORTED COLOUR T-LIGHT HOLDER,0.55
22789,T-LIGHT HOLDER SWEETHEART HANGING,1.65
22698,PINK REGENCY TEACUP AND SAUCER,2.55
22469,HEART OF WICKER SMALL,1.45
22470,HEART OF WICKER LARGE,2.55
22191,IVORY DINER WALL CLOCK,7.65
22937,BAKING MOULD CHOCOLATE CUPCAKES,2.1
22931,BAKING MOULD HEART WHITE CHOCOLATE,2.1
22930,BAKING MOULD HEART MILK CHOCOLATE,2.1
23003,TRAVEL CARD WALLET VINTAGE ROSE,0.36
22999,TRAVEL CARD WALLET RETRO PETALS,0.36
22998,TRAVEL CARD WALLET KEEP CALM,0.36
22995,TRAVEL CARD WALLET SUKI,0.36
22996,TRAVEL CARD WALLET VINTAGE TICKET,0.36
22691,DOORMAT WELCOME SUNRISE,6.75
22978,PANTRY ROLLING PIN,3.75
22997,TRAVEL CARD WALLET UNION JACK,0.42
23005,TRAVEL CARD WALLET I LOVE LONDON,0.42
22996,TRAVEL CARD WALLET VINTAGE TICKET,0.42
22995,TRAVEL CARD WALLET SUKI,0.42
22602,RETROSPOT WOODEN HEART DECORATION,0.85
22999,TRAVEL CARD WALLET RETRO PETALS,0.42
79062D,"RETRO TIN ASHTRAY,REVOLUTIONARY",0.65
20837,FRENCH FLORAL CUSHION COVER,2.95
47341A,FUSCHIA TABLE RUN FLOWER,3.75
20981,12 PENCILS TALL TUBE WOODLAND,1.63
22359,GLASS JAR KINGS CHOICE,5.79
22956,36 FOIL HEART CAKE CASES,4.13
47580,TEA TIME DES TEA COSY,4.96
16048,TEATIME ROUND PENCIL SHARPENER,0.83
17003,BROCADE RING PURSE,0.63
47594B,SCOTTIES DESIGN WASHBAG,4.13
82616C,MIDNIGHT GLAMOUR SCARF KNITTING KIT,2.46
84596G,SMALL CHOCOLATES PINK BOWL,2.46
84596L,BISCUITS SMALL BOWL LIGHT BLUE,2.46
84877B,GREEN ROUND COMPACT MIRROR,3.75
17003,BROCADE RING PURSE,0.29
22411,JUMBO SHOPPER VINTAGE RED PAISLEY,4.12
22845,VINTAGE CREAM CAT FOOD CONTAINER,5.55
84926E,FLOWERS TILE COASTER,1.25
22351,DOTCOMGIFTSHOP TEA TOWEL,1.65
21087,SET/6 POSIES PAPER CUPS,0.83
21124,SET/10 BLUE POLKADOT PARTY CANDLES,2.46
21126,SET OF 6 GIRLS CELEBRATION CANDLES,2.46
21847,GREEN  DIAMANTE PEN IN GIFT BOX,4.13
22507,MEMO BOARD RETROSPOT  DESIGN,4.96
22938,CUPCAKE LACE PAPER SET 6,4.13
22996,TRAVEL CARD WALLET VINTAGE TICKET,0.83
23000,TRAVEL CARD WALLET TRANSPORT,0.83
23004,TRAVEL CARD WALLET PANTRY,0.83
23006,TRAVEL CARD WALLET FLOWER MEADOW,0.83
37491A,YELLOW/PINK CERAMIC CANDLE HOLDER,3.29
37491D,PURPLE/BLUE CERAMIC CANDLE HOLDER,3.29
37495,FAIRY CAKE BIRTHDAY CANDLE SET,7.46
47310M,"SMALL POP BOX,FUNKY MONKEY",3.29
85095,THREE CANVAS LUGGAGE TAGS,4.13
44092C,PURPLE/COPPER HANGING LAMPSHADE,0.85
84997C,CHILDRENS CUTLERY POLKADOT BLUE,4.15
84997D,CHILDRENS CUTLERY POLKADOT PINK,4.15
79331,PINK FLOCK GLASS CANDLEHOLDER,1.65
85092,CANDY SPOT TEA COSY,1.25
22223,CAKE PLATE LOVEBIRD PINK,4.25
44092B,BLUE WHITE PLASTIC RINGS LAMPSHADE,0.85
90018B,GOLD M.O.P ORBIT DROP EARRINGS,4.25
90065A,WHITE VINTAGE CRYSTAL BRACELET,6.75
90000B,MIDNIGHT BLUE COPPER FLOWER NECKLAC,5.95
90000D,COPPER/OLIVE GREEN FLOWER NECKLACE,5.95
90000A,RASPBERRY ANT COPPER FLOWER NECKLAC,5.95
20705,MRS ROBOT SOFT TOY,6.95
20704,MR ROBOT SOFT TOY,6.95
35638A,PINK AND BLACK STRING CURTAIN,5.95
21112,SWISS ROLL TOWEL PINK  SPOTS,2.95
21865,PINK UNION JACK  PASSPORT COVER,4.13
21867,PINK UNION JACK  LUGGAGE TAG,2.46
22383,LUNCH BAG SUKI DESIGN,4.13
22641,SET OF 4 NAPKIN CHARMS INSTRUMENT,4.96
22993,SET OF 4 PANTRY JELLY MOULDS,2.5
22995,TRAVEL CARD WALLET SUKI,0.83
22997,TRAVEL CARD WALLET UNION JACK,0.83
22998,TRAVEL CARD WALLET KEEP CALM,0.83
23002,TRAVEL CARD WALLET SKULLS,0.83
84796A,PINK HAWAIIAN PICNIC HAMPER FOR 2,8.29
22992,REVOLVER WOODEN RULER,3.75
22233,JIGSAW RABBIT AND BIRDHOUSE,3.29
22994,TRAVEL CARD WALLET RETROSPOT,0.83
85049H,URBAN BLACK RIBBONS,2.46
85059,FRENCH ENAMEL WATER BASIN,7.46
22615,PACK OF 12 CIRCUS PARADE TISSUES,0.83
90133,TEAL/FUSCHIA COL BEAD NECKLACE,4.98
22999,TRAVEL CARD WALLET RETRO PETALS,0.83
22868,NUMBER TILE COTTAGE GARDEN 0,4.13
22967,SET 3 SONG BIRD PAPER EGGS ASSORTED,5.79
21905,MORE BUTTER METAL SIGN,1.63
21928,JUMBO BAG SCANDINAVIAN BLUE PAISLEY,4.13
84660C,PINK STITCHED WALL CLOCK,7.46
22093,MOTORING TISSUE BOX,2.46
90057,DIAMANTE RING ASSORTED IN BOX.,3.39
22383,LUNCH BAG SUKI DESIGN,1.65
84997B,CHILDRENS CUTLERY RETROSPOT RED,4.15
84997A,CHILDRENS CUTLERY POLKADOT GREEN,4.15
82486,WOOD S/3 CABINET ANT WHITE FINISH,8.15
46776B,WOVEN BERRIES CUSHION COVER,4.95
22216,T-LIGHT HOLDER WHITE LACE,0.85
21414,SCALLOP SHELL SOAP DISH,2.1
21167,WHITE SAGE INCENSE,0.21
17084A,TRANQUILITY MASALA INCENSE,0.21
82095,HEART BUTTONS JEWELLERY BOX,7.65
77101A,UNION FLAG WINDSOCK,2.46
84631,FRUIT TREE AND BIRDS WALL PLAQUE,7.46
84637,KITCHEN FLOWER POTS WALL PLAQUE,4.96
84638,SMALL KITCHEN FLOWER POTS PLAQUE,5.83
84661C,PINK SQUARE TABLE CLOCK,4.96
84877B,GREEN ROUND COMPACT MIRROR,3.29
85036A,GARDENIA 1 WICK MORRIS BOXED CANDLE,8.29
21725,SWEETIES  STICKERS,1.63
21881,CUTE CATS TAPE,1.63
22084,PAPER CHAIN KIT EMPIRE,5.79
22114,HOT WATER BOTTLE TEA AND SYMPATHY,8.29
22263,FELT EGG COSY LADYBIRD,1.63
22349,DOG BOWL CHASING BALL DESIGN,7.46
22452,MEASURING TAPE BABUSHKA PINK,5.79
22480,RED TEA TOWEL CLASSIC DESIGN,2.46
22771,CLEAR DRAWER KNOB ACRYLIC EDWARDIAN,2.5
22805,BLUE DRAWER KNOB ACRYLIC EDWARDIAN,2.5
84663A,GRASS HOPPER WOODEN WALL CLOCK,5.79
85034A,3 GARDENIA MORRIS BOXED CANDLES,8.29
15044A,PINK PAPER PARASOL,5.79
20694,FLORAL PINK MONSTER,7.46
35637C,PINK STRING CURTAIN WITH POLE,5.95
22597,MUSICAL ZINC HEART DECORATION,0.85
84509c,SET OF 4 POLKADOT PLACEMATS,7.46
84510c,SET OF 4 POLKADOT COASTERS,2.46
21159,MOODY BOY  DOOR HANGER,3.29
21613,S/12 VANILLA  BOTANICAL T-LIGHTS,5.79
22383,LUNCH BAG SUKI DESIGN,4.96
84997a,CHILDRENS CUTLERY POLKADOT GREEN,8.29
21211,SET OF 72 SKULL PAPER  DOILIES,3.75
22730,ALARM CLOCK BAKELIKE IVORY,8.29
84997c,CHILDRENS CUTLERY POLKADOT BLUE,8.29
84997d,CHILDRENS CUTLERY POLKADOT PINK,8.29
84466,TOP SECRET PEN SET,1.25
90214A,"LETTER ""A"" BLING KEY RING",1.25
21884,CAKES AND BOWS GIFT  TAPE,1.63
22210,WOOD STAMP SET BEST WISHES,3.29
22217,T-LIGHT HOLDER HANGING LACE,2.46
90206A,GOLD DIAMANTE STAR BROOCH,4.98
21668,RED STRIPE CERAMIC DRAWER KNOB,3.33
21671,RED SPOT CERAMIC DRAWER KNOB,3.33
21672,WHITE SPOT RED CERAMIC DRAWER KNOB,3.33
22232,JIGSAW TOADSTOOLS 3 PIECE,3.29
22774,RED DRAWER KNOB ACRYLIC EDWARDIAN,2.5
90100,NECKLACE+BRACELET SET PINK DAISY,2.55
21087,SET/6 POSIES PAPER CUPS,0.65
21232,STRAWBERRY CERAMIC TRINKET BOX,1.06
20679,EDWARDIAN PARASOL RED,4.6
21219,SET/4 BADGES BALLOON GIRL,2.46
21285,RETROSPOT CANDLE  MEDIUM,4.13
21673,WHITE SPOT BLUE CERAMIC DRAWER KNOB,3.33
21833,CAMOUFLAGE LED TORCH,3.29
22393,PAPERWEIGHT VINTAGE COLLAGE,4.96
22395,PAPERWEIGHT VINTAGE PAISLEY,4.96
22772,PINK DRAWER KNOB ACRYLIC EDWARDIAN,2.5
22980,PANTRY SCRUBBING BRUSH,3.29
84509B,SET OF 4 FAIRY CAKE PLACEMATS,7.46
16052,TEATIME PUSH DOWN RUBBER,0.83
20617,FIRST CLASS PASSPORT COVER,4.13
20931,BLUE POT PLANT CANDLE,7.46
84819,DANISH ROSE ROUND SEWING BOX,3.39
84809B,PINK CHRYSANTHEMUMS ART FLOWER,2.1
21403,BLUE EGG  SPOON,0.42
21418,STARFISH SOAP DISH,2.55
84858C,PINK RIVIERA HANDBAG,5.95
21928,JUMBO BAG SCANDINAVIAN BLUE PAISLEY,1.95
84997b,CHILDRENS CUTLERY RETROSPOT RED,8.29
22183,CAKE STAND VICTORIAN FILIGREE MED,3.0
72140E,BEST DAD CANDLE LETTERS,0.85
21811,HANGING HEART WITH BELL,1.25
10080,GROOVY CACTUS INFLATABLE,0.85
22886,NUMBER TILE VINTAGE FONT 7,1.95
22888,NUMBER TILE VINTAGE FONT 9,1.95
22879,NUMBER TILE VINTAGE FONT 0,1.95
22445,PENCIL CASE LIFE IS BEAUTIFUL,5.79
22853,CAT BOWL VINTAGE CREAM,6.63
22991,GIRAFFE WOODEN RULER,3.75
10133,COLOURING PENCILS BROWN TUBE,1.63
21675,BUTTERFLIES STICKERS,1.63
71050,SMALL SINGLE FLAME CANDLE HOLDER,0.35
21211,SET OF 72 SKULL PAPER  DOILIES,2.92
21609,SET 12 LAVENDER  BOTANICAL T-LIGHTS,5.79
20686,DOLLY MIXTURE CHILDREN'S UMBRELLA,6.63
84898F,YELLOW FLOWERS FELT HANDBAG KIT,4.13
85130C,BEADED CRYSTAL HEART BLUE  LARGE,3.29
90016B,GOLD/M.O.P PENDANT ORBIT NECKLACE,8.32
90028,NEW BAROQUE LARGE NECKLACE BLK/WHIT,8.32
90030B,RED KUKUI COCONUT SEED NECKLACE,5.82
35916A,YELLOW FELT HANGING HEART W FLOWER,1.63
47566,PARTY BUNTING,4.96
21377,SMALL CAMPHOR WOOD FIELD  MUSHROOM,3.29
21379,CAMPHOR WOOD PORTOBELLO MUSHROOM,2.46
22230,JIGSAW TREE WITH WATERING CAN,1.63
22524,CHILDRENS GARDEN GLOVES BLUE,2.46
22525,CHILDRENS GARDEN GLOVES PINK,2.46
22773,GREEN DRAWER KNOB ACRYLIC EDWARDIAN,2.5
22948,METAL DECORATION NAUGHTY CHILDREN,6.63
84661A,WHITE SQUARE TABLE CLOCK,4.96
90000A,RASPBERRY ANT COPPER FLOWER NECKLAC,6.23
90011B,BLACK CRYSTAL DROP EARRINGS,2.9
90016A,SILVER/M.O.P PENDANT ORBIT NECKLACE,8.32
90032,IVORY SHELL HEART NECKLACE,6.23
90135,ORANGE/WHT/FUSCHIA STONES NECKLACE,4.98
90157,RIVIERA NECKLACE,4.98
90176A,CLASSIC DIAMANTE NECKLACE JET,7.48
90176C,DIAMANTE NECKLACE,8.32
90177A,CLASSIC DIAMANTE EARRINGS JET,2.9
90177C,DROP DIAMANTE EARRINGS CRYSTAL,2.9
90187A,BLUE DROP EARRINGS W BEAD CLUSTER,3.32
90192,JADE DROP EARRINGS W FILIGREE,4.98
90211B,JET BLACK LAS VEGAS NECKLACE 45CM,5.82
21088,SET/6 FRUIT SALAD PAPER CUPS,0.83
21238,RED RETROSPOT CUP,1.67
84306,S/3 PINK SQUARE PLANTERS ROSES,8.29
90001A,ANTIQUE RASPBERRY FLOWER EARRINGS,4.15
90118,PINK DAISY BAG CHARM,2.46
35916C,PINK FELT HANGING HEART W FLOWER,0.85
22395,PAPERWEIGHT VINTAGE PAISLEY,2.55
84687,BEACH HUT SHELF W 3 DRAWERS,5.95
21488,RED WHITE SCARF  HOT WATER BOTTLE,8.29
46118,FUNKY MONKEY CUSHION COVER,0.85
84802B,PURPLE ANEMONE ARTIFICIAL FLOWER,1.69
84803B,WHITE ALLIUM  ARTIFICIAL FLOWER,1.69
84798A,PINK FOXGLOVE ARTIIFCIAL FLOWER,2.55
84766,SILVER ROCOCO CANDLE STICK,5.95
21033,JUMBO BAG CHARLIE AND LOLA TOYS,4.13
20618,QUEEN OF THE SKIES PASSPORT COVER,4.13
22416,SET OF 36 DOILIES SPACEBOY DESIGN,2.92
21683,MEDIUM MEDINA STAMPED METAL BOWL,5.79
22820,GIFT BAG BIRTHDAY,1.25
75131,METAL TUBE CHIME ON BAMBOO,3.29
84789,ENCHANTED BIRD PLANT CAGE,7.46
90122B,JADE CRYSTAL+GLASS BRACELET,4.98
21615,4 LAVENDER BOTANICAL DINNER CANDLES,7.46
21293,MIRRORED DOVE WALL DECORATION,2.1
23182,TOILET SIGN OCCUPIED OR VACANT,0.83
20796,SMALL BLUE PROVENCAL CERAMIC BALL,1.65
22979,PANTRY WASHING UP BRUSH,1.45
22119,PEACE WOODEN BLOCK LETTERS,6.35
23177,TREASURE ISLAND BOOK BOX,2.25
23193,BUFFALO BILL TREASURE BOOK BOX,2.25
23194,GYMKHANNA TREASURE BOOK BOX,2.25
23176,ABC TREASURE BOOK BOX,2.25
22982,PANTRY PASTRY BRUSH,1.25
22328,ROUND SNACK BOXES SET OF 4 FRUITS,2.55
82484,WOOD BLACK BOARD ANT WHITE FINISH,7.9
23126,DOLLCRAFT GIRL AMELIE KIT,4.95
23127,DOLLCRAFT GIRL NICOLE,4.95
22967,SET 3 SONG BIRD PAPER EGGS ASSORTED,2.55
16020C,CLEAR STATIONERY BOX SET,0.85
10125,MINI FUNKY DESIGN TAPES,1.63
20869,GOLD FABRIC MIRROR,2.46
21205,MULTICOLOUR 3D BALLS GARLAND,4.96
21902,"KEY FOB , FRONT  DOOR",1.63
22267,EASTER DECORATION EGG BUNNY,2.46
22604,SET OF 4 NAPKIN CHARMS CUTLERY,4.96
47481,50CM METAL STRING WITH  7 CLIPS,2.08
47563A,RETRO LONGBOARD IRONING BOARD COVER,7.46
79302M,"ART LIGHTS,FUNK MONKEY",5.79
82616B,FRAPPUCINO SCARF KNITTING KIT,2.46
85124B,BLUE JUICY FRUIT PHOTO FRAME,4.96
90016C,SILVER/BLACK PENDANT ORBIT NECKLACE,8.32
90025D,BAROQUE BUTTERFLY EARRINGS PINK,3.73
90190B,GOLD/AMBER DROP EARRINGS W LEAF,2.9
90214Z,"LETTER ""Z"" BLING KEY RING",0.83
21320,GLASS CHALICE GREEN  LARGE,2.1
23127,FELTCRAFT GIRL NICOLE KIT,4.95
46776C,WOVEN FROST CUSHION COVER,4.95
23128,FELTCRAFT BOY JEAN-PAUL KIT,4.95
23126,FELTCRAFT GIRL AMELIE KIT,4.95
23194,GYMKHANA TREASURE BOOK BOX,2.25
15058C,ICE CREAM DESIGN GARDEN PARASOL,3.95
23183,MOTHER'S KITCHEN SPOON REST,3.75
23179,CLOCK MAGNET MUM'S KITCHEN,2.89
23178,JAM CLOCK MAGNET,2.89
22981,PANTRY APPLE CORER,1.45
21635,MADRAS NOTEBOOK LARGE,7.46
22775,PURPLE DRAWERKNOB ACRYLIC EDWARDIAN,2.5
21096,SET/6 FRUIT SALAD  PAPER PLATES,0.83
22993,SET OF 4 PANTRY JELLY MOULDS,2.46
23177,TREASURE ISLAND BOOK BOX,4.58
23182,TOILET SIGN OCCUPIED OR VACANT,2.5
23193,BUFFALO BILL TREASURE BOOK BOX,4.58
85130D,BEADED CRYSTAL HEART PINK LARGE,3.29
90214Y,"LETTER ""Y"" BLING KEY RING",0.83
90166,PINK & WHITE ROSEBUD RING,4.25
21112,SWISS ROLL TOWEL PINK  SPOTS,2.55
21111,"SWISS ROLL TOWEL, CHOCOLATE  SPOTS",2.55
21106,CREAM SLICE FLANNEL CHOCOLATE SPOT,2.55
37423,WHITE WITH BLACK CATS PLATE,0.85
23180,MUM'S KITCHEN CLOCK,4.95
21634,ASSORTED MINI MADRAS NOTEBOOK,1.25
90141C,TURQ PENDANT TRIPLE SHELL NECKLACE,4.95
90141A,GREEN PENDANT TRIPLE SHELL NECKLACE,4.95
90183C,BLACK DROP EARRINGS W LONG BEADS,2.95
23194,GYMKHANNA TREASURE BOOK BOX,2.08
23193,BUFFALO BILL TREASURE BOOK BOX,2.08
23049,RECYCLED ACAPULCO MAT RED,8.25
23053,RECYCLED ACAPULCO MAT PINK,8.25
23054,RECYCLED ACAPULCO MAT LAVENDER,8.25
23050,RECYCLED ACAPULCO MAT GREEN,8.25
23052,RECYCLED ACAPULCO MAT TURQUOISE,8.25
23051,RECYCLED ACAPULCO MAT BLUE,8.25
79026B,"S/4 ICON COASTER,ELVIS LIVES",1.25
23128,DOLLCRAFT BOY JEAN-PAUL,4.95
23185,FRENCH STYLE STORAGE JAR JAM,1.25
85169B,BLACK LOVE BIRD CANDLE,2.46
21035,SET/2 RED RETROSPOT TEA TOWELS,6.63
21669,BLUE STRIPE CERAMIC DRAWER KNOB,3.33
79406,FROSTED WHITE BASE,0.83
23184,BULL DOG BOTTLE OPENER,4.95
21793,CLASSIC FRENCH STYLE BASKET BROWN,5.95
90084,PINK CRYSTAL GUITAR PHONE CHARM,0.85
35607B,BLACK FEATHER CHRISTMAS DECORATION,0.19
85049g,CHOCOLATE BOX RIBBONS,2.46
21744,SNOWFLAKE PORTABLE TABLE LIGHT,5.79
22978,PANTRY ROLLING PIN,3.39
37413,ICON MUG REVOLUTIONARY,0.39
90040C,MURANO STYLE GLASS BRACELET GOLD,3.5
90038B,GLASS AND PAINTED BEADS BRACELET OL,3.75
90038C,GLASS AND BEADS BRACELET IVORY,3.75
90214P,"LETTER ""P"" BLING KEY RING",1.25
35916A,YELLOW FELT HANGING HEART W FLOWER,0.85
22797,CHEST OF DRAWERS GINGHAM HEART,4.0
84596F,SMALL MARSHMALLOWS PINK BOWL,0.42
84596L,BISCUITS SMALL BOWL LIGHT BLUE,0.42
84596E,SMALL LICORICE DES PINK BOWL,0.42
62096B,PURPLE/TURQ FLOWERS HANDBAG,1.25
21626,VINTAGE UNION JACK PENNANT,1.63
22514,CHILDS GARDEN SPADE BLUE,4.13
22515,CHILDS GARDEN SPADE PINK,4.13
22516,CHILDS GARDEN RAKE BLUE,4.13
22517,CHILDS GARDEN RAKE PINK,4.13
22558,CLOTHES PEGS RETROSPOT PACK 24,3.29
85169C,EAU DE NIL LOVE BIRD CANDLE,2.46
85169D,PINK LOVE BIRD CANDLE,2.46
gift_0001_10,DOTCOMGIFTSHOP GIFT VOUCHER £10.00,8.33
22978,PANTRY ROLLING PIN,7.46
22979,PANTRY WASHING UP BRUSH,2.92
22982,PANTRY PASTRY BRUSH,2.46
72802B,OCEAN SCENT CANDLE IN JEWELLED BOX,8.29
21246,RED RETROSPOT BIG BOWL,4.13
21394,RED POLKADOT BEAKER,1.63
21415,CLAM SHELL SMALL,4.13
21459,YELLOW EASTER EGG HUNT START POST,4.13
21460,GREEN EASTER EGG HUNT START POST,4.13
21461,BLUE EASTER EGG HUNT START POST,4.13
21678,PAISLEY PATTERN  STICKERS,1.63
22614,PACK OF 12 SPACEBOY TISSUES,0.83
23183,MOTHER'S KITCHEN SPOON REST,7.46
35911B,PINK/FLOWER RABBIT EGG WARMER,0.83
37476,CONDIMENT TRAY 4 BOWLS AND 4 SPOONS,8.29
79191D,RETRO PLASTIC DAISY TRAY,1.63
84251B,"GREETING CARD, STICKY GORDON",0.83
85093,CANDY SPOT EGG WARMER HARE,0.83
16258A,SWIRLY CIRCULAR RUBBERS IN BAG,0.83
84593,CROCHET ROSE DES CLOTHES HANGER,2.95
16248B,BLUE HOLE PUNCH,1.25
21841,BABY MOUSE RED GINGHAM DRESS,4.25
84313C,ORANGE TV TRAY TABLE,1.95
84313B,BLUE TV TRAY TABLE,1.95
22394,PAPERWEIGHT KINGS CHOICE,2.55
84531A,PINK KNITTED EGG COSY,0.39
84531B,BLUE KNITTED EGG COSY,0.39
21043,APRON MODERN VINTAGE COTTON,1.95
21038,SET/4 MODERN VINTAGE COTTON NAPKINS,0.79
21040,MODERN VINTAGE COTTON SHOPPING BAG,0.79
17136A,BLUE STONES ON WIRE FOR CANDLE,0.08
23181,BULL DOG BOTTLE TOP WALL CLOCK,8.25
22799,SWEETHEART WIRE FRUIT BOWL,7.65
23187,FRENCH STYLE STORAGE JAR BONBONS,1.25
35911A,MULTICOLOUR RABBIT EGG WARMER,0.85
72799F,IVORY PILLAR CANDLE GOLD FLOCK,2.55
37444C,PINK BREAKFAST CUP AND SAUCER,0.39
37444A,YELLOW BREAKFAST CUP AND SAUCER,0.39
20725,LUNCH BAG RED RETROSPOT,1.45
M,MANUAL,2.1
23126,DOLLCRAFT GIRL AMELIE,4.95
21397,BLUE POLKADOT EGG CUP,0.39
22981,PANTRY APPLE CORER,2.92
35809A,ENAMEL PINK TEA CONTAINER,2.46
35911A,MULTICOLOUR RABBIT EGG WARMER,0.83
35914,PINK CHICK EGG WARMER + EGG CUP,0.83
84595E,LARGE TORTILLA DESIGN RED BOWL,3.29
85114C,RED ENCHANTED FOREST PLACEMAT,3.29
85211,S/4 GROOVY CAT MAGNETS,3.29
90177E,DROP DIAMANTE EARRINGS GREEN,2.9
21397,BLUE POLKADOT EGG CUP,1.63
22105,MIRROR MOSAIC GOBLET CANDLE HOLDER,4.13
23176,ABC TREASURE BOOK BOX,4.58
46776E,WOVEN CANDY CUSHION COVER,4.13
90143,SILVER BRACELET W PASTEL FLOWER,7.9
20866,BLUE ROSE FABRIC MIRROR,2.46
21039,RED RETROSPOT SHOPPING BAG,5.79
23186,FRENCH STYLE STORAGE JAR CAFE,1.25
M,MANUAL,7.95
21906,PHARMACIE FIRST AID TIN,7.13
84596B,SMALL DOLLY MIX DESIGN ORANGE BOWL,0.42
84596G,SMALL CHOCOLATES PINK BOWL,0.42
84086B,YELLOW/BLUE RETRO RADIO,2.95
47593A,CAROUSEL PONIES BABY BIB,0.29
47593B,SCOTTIE DOGS BABY BIB,0.39
79063C,"RETRO PILL BOX KEY CHAIN,THE KING",0.19
37479B,CUBIC MUG FLOCK BLUE ON BROWN,0.39
23181,BULL DOG BOTTLE TOP WALL CLOCK,7.5
37343,POLKADOT MUG PINK,0.39
37342,POLKADOT COFFEE CUP & SAUCER PINK,0.79
21398,RED POLKADOT COFFEE  MUG,1.63
21634,ASSORTED MINI MADRAS NOTEBOOK,2.46
21713,CITRONELLA CANDLE FLOWERPOT,4.13
22564,ALPHABET STENCIL CRAFT,2.46
17013D,ORIGAMI ROSE INCENSE IN TUBE,3.29
22989,SET 2 PANTRY DESIGN TEA TOWELS,6.63
35241,ENAMEL BLUE RIM BISCUIT BIN,4.13
37500,TEA TIME TEAPOT IN GIFT BOX,8.29
37501,TEA TIME TEA SET IN GIFT BOX,5.79
46118,FUNKY MONKEY CUSHION COVER,8.29
84507B,STRIPES DESIGN MONKEY DOLL,4.96
84507C,BLUE CIRCLES DESIGN MONKEY DOLL,4.96
84673B,BLUE FLY SWAT,1.25
90204,PAIR OF ENAMEL BUTTERFLY HAIRCLIP,3.32
85088,CANDY SPOT HAND BAG,2.1
85093,CANDY SPOT EGG WARMER HARE,0.39
21380,WOODEN HAPPY BIRTHDAY GARLAND,2.55
20653,CHERRY BLOSSOM LUGGAGE TAG,1.25
22066,LOVE HEART TRINKET POT,0.39
84535A,ENGLISH ROSE NOTEBOOK A6 SIZE,0.65
21392,RED POLKADOT PUDDING BOWL,0.39
22651,GENTLEMAN SHIRT REPAIR KIT,1.63
23182,TOILET SIGN OCCUPIED OR VACANT,2.46
37479P,CUBIC MUG FLOCK PINK ON BROWN,5.79
47504K,ENGLISH ROSE GARDEN SECATEURS,8.29
85087,CANDY SPOT CUSHION COVER,8.29
90210A,GREY ACRYLIC FACETED BANGLE,2.9
21116,OWL DOORSTOP,4.25
85159A,"BLACK TEA,COFFEE,SUGAR JARS",1.95
16202A,PASTEL PINK PHOTO ALBUM,0.5
20998,ROSE DU SUD OVEN GLOVE,1.63
21395,BLUE POLKADOT BEAKER,1.63
21402,RED  EGG  SPOON,0.42
22206,"MUG , DOTCOMGIFTSHOP.COM",0.83
84535A,ENGLISH ROSE NOTEBOOK A6 SIZE,1.46
85078,SCANDINAVIAN 3 HEARTS NAPKIN RING,1.63
37500,TEA TIME TEAPOT IN GIFT BOX,4.95
37482P,CUBIC MUG PINK POLKADOT,0.39
84596J,MIXED NUTS LIGHT GREEN BOWL,0.42
21403,BLUE EGG  SPOON,0.12
21402,RED  EGG  SPOON,0.12
85094,CANDY SPOT EGG WARMER RABBIT,0.19
M,MANUAL,2.0
84563A,PINK & WHITE BREAKFAST TRAY,2.95
84563B,BLUE & WHITE BREAKFAST TRAY,2.95
22168,ORGANISER WOOD ANTIQUE WHITE,7.65
22371,AIRLINE BAG VINTAGE TOKYO 78,3.95
22062,CERAMIC BOWL WITH LOVE HEART DESIGN,0.83
84842,HELLO SAILOR BATHROOM SET,3.75
21398,RED POLKADOT COFFEE  MUG,0.39
17129F,BLUE GLASS GEMS IN BAG,0.64
21401,BLUE PUDDING SPOON,0.12
21394,RED POLKADOT BEAKER,0.39
21399,BLUE POLKADOT COFFEE MUG,0.39
84227,HEN HOUSE W CHICK IN NEST,0.42
85027L,FRENCH CHATEAU LARGE PLATTER,1.95
22060,LARGE CAKE STAND HANGING HEARTS,3.95
51020A,SUMMER FUN DESIGN SHOWER CAP,0.29
51020B,STRIPY DESIGN SHOWER CAP,0.29
16161G,WRAP BAD HAIR DAY,0.1
22428,ENAMEL FIRE BUCKET CREAM,6.35
35809A,ENAMEL PINK TEA CONTAINER,0.83
35810B,ENAMEL BLUE RIM COFFEE CONTAINER,0.83
35810A,ENAMEL PINK COFFEE CONTAINER,0.83
85132a,CHARLIE + LOLA BISCUITS TINS,8.29
20619,TROPICAL PASSPORT COVER,4.13
84519A,TOMATO CHARLIE+LOLA COASTER SET,5.79
85071C,"CHARLIE+LOLA""EXTREMELY BUSY"" SIGN",4.96
85132c,CHARLIE AND LOLA FIGURES TINS,8.29
22355,CHARLOTTE BAG SUKI DESIGN,2.46
22123,PING MICROWAVE APRON,1.95
90201B,BLACK ENAMEL FLOWER RING,2.95
22072,RED RETROSPOT TEA CUP AND SAUCER,3.39
47013A,WINE BOTTLE DRESSING LT.BLUE,0.29
22423,REGENCY CAKESTAND 3 TIER,4.0
20757,RED DAISY POCKET BOOK,1.63
23194,GYMKHANA TREASURE BOOK BOX,4.58
79321,CHILLI LIGHTS,5.79
84598,BOYS ALPHABET IRON ON PATCHES,0.21
85017A,ENVELOPE 50 ROMANTIC IMAGES,0.83
85130B,BEADED CRYSTAL HEART GREEN LARGE,3.29
21747,SMALL SKULL WINDMILL,2.46
22062,CERAMIC BOWL WITH LOVE HEART DESIGN,2.46
20654,FIRST CLASS LUGGAGE TAG,2.46
21189,WHITE HONEYCOMB PAPER GARLAND,3.29
21866,UNION JACK FLAG LUGGAGE TAG,2.46
22394,PAPERWEIGHT KINGS CHOICE,4.96
22921,HERB MARKER CHIVES,1.63
37467,PIG MUG IN TWO COLOUR DESIGNS,4.13
37475,SET/4 COLOURFUL MIXING BOWLS,8.29
90022,EDWARDIAN DROP EARRINGS JET BLACK,3.73
90073,VINTAGE ENAMEL & CRYSTAL EARRINGS,4.98
21292,SMALL STRIPES CHOCOLATE GIFT BAG,1.63
21680,WOODLAND  STICKERS,1.63
22633,HAND WARMER UNION JACK,4.13
85212,MINI PAINTED GARDEN DECORATION,1.63
90129E,PURPLE GLASS TASSLE BAG CHARM,1.63
22895,SET OF 2 TEA TOWELS APPLE AND PEARS,6.63
35810A,ENAMEL PINK COFFEE CONTAINER,2.46
84997D,CHILDRENS CUTLERY POLKADOT PINK,8.33
22567,20 DOLLY PEGS RETROSPOT,2.92
22806,SET OF 6 T-LIGHTS WEDDING CAKE,5.79
37479B,CUBIC MUG FLOCK BLUE ON BROWN,5.79
75178,ASSTD COL BUTTERFLY/CRYSTAL W/CHIME,2.46
84997A,CHILDRENS CUTLERY POLKADOT GREEN,8.29
84997B,CHILDRENS CUTLERY RETROSPOT RED,8.33
90070,RUBY GLASS CLUSTER BRACELET,6.23
90182C,BLACK 3 BEAD DROP EARRINGS,2.9
21556,CERAMIC STRAWBERRY MONEY BOX,4.96
22447,PIN CUSHION BABUSHKA BLUE,6.63
22673,FRENCH GARDEN SIGN BLUE METAL,2.46
22356,CHARLOTTE BAG PINK POLKADOT,0.72
23184,BULL DOG BOTTLE OPENER,4.15
85160B,BLACK BIRD GARDEN DESIGN MUG,0.39
37479P,CUBIC MUG FLOCK PINK ON BROWN,0.39
37333,"RETRO ""TEA FOR ONE""",1.95
85036B,CHOCOLATE 1 WICK MORRIS BOX CANDLE,3.81
47367B,PAIR PADDED HANGERS PINK CHECK,2.95
22171,3 HOOK PHOTO SHELF ANTIQUE WHITE,6.95
84856L,LARGE TAHITI BEACH BAG,5.95
84977,WIRE FLOWER T-LIGHT HOLDER,1.25
84946,ANTIQUE SILVER T-LIGHT GLASS,1.25
M,MANUAL,0.5
37423,WHITE WITH BLACK CATS PLATE,0.39
90068,"RUBY GLASS NECKLACE 42""",7.5
90030B,RED KUKUI COCONUT SEED NECKLACE,5.95
90031,BILI NUT AND WOOD NECKLACE,5.95
20728,LUNCH BAG CARS BLUE,4.96
23179,CLOCK MAGNET MUM'S KITCHEN,5.79
21750,LARGE SKULL WINDMILL,2.1
35910B,PINK FLOWERS RABBIT EASTER,1.95
46776E,WOVEN CANDY CUSHION COVER,4.95
84828,JUNGLE POPSICLES ICE LOLLY MOULDS,1.25
84750A,PINK SMALL GLASS CAKE STAND,1.95
78033,FLAG OF ST GEORGE CHAIR,5.95
85208,SET/12 FUNKY FELT FLOWER PEG IN BAG,4.13
21456,2 PICTURE BOOK EGGS EASTER CHICKS,2.46
21467,CHERRY CROCHET FOOD COVER,7.46
21650,ASSORTED TUTTI FRUTTI BRACELET,0.83
21745,GAOLERS KEYS DECORATIVE GARDEN,8.29
22102,MIRROR MOSAIC T-LIGHT HOLDER,3.29
22753,SMALL YELLOW BABUSHKA NOTEBOOK,1.63
37351,ORANGE FLOWER MUG,0.39
37340,MULTICOLOUR SPRING FLOWER MUG,0.39
85159B,"WHITE TEA,COFFEE,SUGAR JARS",1.95
21395,BLUE POLKADOT BEAKER,0.39
21393,BLUE POLKADOT PUDDING BOWL,0.39
37488A,YELLOW PINK FLOWER DESIGN BIG BOWL,0.39
85030,FRENCH CHATEAU OVAL PLATTER,1.95
35265,COLOURFUL FLOWER FRUIT BOWL,1.95
79063D,"RETRO PILL BOX , REVOLUTIONARY",0.19
21637,ASSORTED SANSKRIT MINI NOTEBOOK,1.25
47344B,BLUE FLOWER DES PURSE,1.25
46126A,ELVIS WALLHANGING / CURTAIN,1.25
17129F,BLUE GLASS GEMS IN BAG,0.85
21239,PINK  POLKADOT CUP,1.67
21293,MIRRORED DOVE WALL DECORATION,4.13
21669,BLUE STRIPE CERAMIC DRAWER KNOB,3.29
21673,WHITE SPOT BLUE CERAMIC DRAWER KNOB,3.29
21986,PACK OF 12 PINK POLKADOT TISSUES,0.83
22400,MAGNETS PACK OF 4 HOME SWEET HOME,2.46
84569A,PACK 3 IRON ON DOG PATCHES,2.46
90013D,PURPLE VINTAGE EARRINGS,4.15
90026B,GLASS BEAD HOOP NECKLACE MONTANA,8.32
90137,PINK COMBO MINI CRYSTALS NECKLACE,5.4
90182B,AMETHYST 3 BEAD DROP EARRINGS,2.9
21306,SET/4 DAISY MIRROR MAGNETS,3.29
21374,MIRRORED WALL ART SKULLS,7.46
21559,STRAWBERRY LUNCH BOX WITH CUTLERY,2.46
72800D,4 BLUE DINNER CANDLES SILVER FLOCK,4.96
84531A,PINK KNITTED EGG COSY,0.83
84828,JUNGLE POPSICLES ICE LOLLY MOULDS,2.46
84946,ANTIQUE SILVER T-LIGHT GLASS,2.46
20777,CHRYSANTHEMUM NOTEBOOK,3.29
20867,PINK ROSE FABRIC MIRROR,2.46
21638,ASSORTED TUTTI FRUTTI NOTEBOOK,4.13
22483,RED GINGHAM TEDDY BEAR,5.79
22979,PANTRY WASHING UP BRUSH,3.29
37330,BIG POLKADOT MUG,0.39
22137,BATHROOM SET LOVE HEART DESIGN,2.55
47518F,ICON PLACEMAT POP ART ELVIS,0.12
84429A,MEDIUM PINK BUDDHA HEAD,5.79
22181,SNOWSTORM PHOTO FRAME FRIDGE MAGNET,1.63
22540,MINI JIGSAW CIRCUS PARADE,0.83
22541,MINI JIGSAW LEAP FROG,0.83
22543,MINI JIGSAW BAKE A CAKE,0.83
22546,MINI JIGSAW PURDEY,0.83
22123,PING MICROWAVE APRON,4.13
22257,FELT FARM ANIMAL SHEEP,2.46
90129F,RED GLASS TASSLE BAG CHARM,1.63
21581,SKULLS  DESIGN  COTTON TOTE BAG,4.96
84558a,3D DOG PICTURE PLAYING CARDS,5.79
85078,SCANDINAVIAN 3 HEARTS NAPKIN RING,0.19
21400,RED PUDDING SPOON,0.12
35914,PINK CHICK EGG WARMER + EGG CUP,0.85
POST,POSTAGE,1.0
90036F,"FLOWER GLASS GARLD NECKL36""TURQUOIS",7.95
90131,PINK/AMETHYST/GOLD NECKLACE,6.95
17014A,ORIGAMI VANILLA INCENSE CONES,1.65
22436,12 COLOURED PARTY BALLOONS,1.25
72819,CUPID DESIGN SCENTED CANDLES,4.96
85183B,CHARLIE & LOLA WASTEPAPER BIN FLORA,7.46
90165A,PINK ROSEBUD PEARL EARRINGS,2.48
20761,BLUE PAISLEY SKETCHBOOK,7.46
85049a,TRADITIONAL CHRISTMAS RIBBONS,3.29
84796a,PINK HAWAIIAN PICNIC HAMPER FOR 2,8.29
85224,ASSORTED COLOUR SILK GLASSES CASE,2.1
23077,DOUGHNUT LIP GLOSS,1.25
23076,ICE CREAM SUNDAE LIP GLOSS,1.25
21770,OPEN CLOSED METAL SIGN,4.95
84691,PACK 20 DOLLY PEGS,0.85
47013C,WINE BOTTLE DRESSING DARK BLUE,0.29
84548,CROCHET BEAR RED/BLUE  KEYRING,1.65
37327,ASSTD MULTICOLOUR CIRCLES MUG,0.39
15030,FAN BLACK FRAME,0.29
23078,ICE CREAM PEN LIP GLOSS,1.25
22985,WRAP BILLBOARD FONTS DESIGN,0.42
23159,SET OF 5 PANCAKE DAY MAGNETS,2.08
23154,SET OF 4 JAM JAR MAGNETS,2.08
23156,SET OF 5 MINI GROCERY MAGNETS,2.08
23155,KNICKERBOCKERGLORY MAGNET ASSORTED,0.83
21033,JUMBO BAG CHARLIE AND LOLA TOYS,1.95
22897,OVEN MITT APPLES DESIGN,3.29
84924A,WAKE UP COCKEREL CALENDAR SIGN,7.46
84569C,PACK 4 FLOWER/BUTTERFLY PATCHES,1.25
22201,FRYING PAN BLUE POLKADOT,8.29
22533,MAGIC DRAWING SLATE BAKE A CAKE,0.83
84251G,"GREETING CARD, OVERCROWDED POOL.",0.83
84509C,SET OF 4 POLKADOT PLACEMATS,7.46
21132,SILVER STANDING GNOME,8.29
21288,STRIPEY CHOCOLATE NESTING BOXES,2.55
21839,MUMMY MOUSE RED GINGHAM RIBBON,5.45
85028S,FRENCH CHATEAU SMALL FRUITBOWL,1.95
85028L,FRENCH CHATEAU LARGE FRUIT BOWL,1.95
85028S,FRENCH CHATEAU SMALL FRUITBOWL,2.55
90164A,PINK ROSEBUD PEARL BRACELET,7.5
21847,GREEN  DIAMANTE PEN IN GIFT BOX,4.95
21196,ROUND WHITE CONFETTI IN TUBE,3.29
22453,MEASURING TAPE BABUSHKA BLUE,5.79
22693,GROW A FLYTRAP OR SUNFLOWER IN TIN,2.5
22939,APRON APPLE DELIGHT,4.96
23076,ICE CREAM SUNDAE LIP GLOSS,2.46
23077,DOUGHNUT LIP GLOSS,2.46
23154,SET OF 4 JAM JAR MAGNETS,4.13
23155,KNICKERBOCKERGLORY MAGNET ASSORTED,8.29
23156,SET OF 5 MINI GROCERY MAGNETS,4.13
23159,SET OF 5 PANCAKE DAY MAGNETS,4.13
72802C,VANILLA SCENT CANDLE JEWELLED BOX,8.29
90000D,COPPER/OLIVE GREEN FLOWER NECKLACE,6.23
84509E,SET OF 4 CAROUSEL PLACEMATS,3.75
85049b,LUSH GREENS RIBBONS,2.46
85049d,BRIGHT BLUES RIBBONS,2.46
21935,SUKI  SHOULDER BAG,4.13
20727,LUNCH BAG  BLACK SKULL.,1.45
16156L,WRAP CAROUSEL,0.42
21750,LARGE SKULL WINDMILL,4.13
23158,SET OF 5 LUCKY CAT MAGNETS,4.13
85049D,BRIGHT BLUES RIBBONS,2.46
90024E,NEW BAROQUE B'FLY NECKLACE MONTANA,8.32
21399,BLUE POLKADOT COFFEE MUG,1.63
22900,SET 2 TEA TOWELS I LOVE LONDON,6.63
90040C,MURANO STYLE GLASS BRACELET GOLD,3.73
21032,SPACE CADET WHITE,2.46
22747,POPPY'S PLAYHOUSE BATHROOM,4.95
22746,POPPY'S PLAYHOUSE LIVINGROOM,4.95
23193,BUFFALO BILL TREASURE BOOK BOX,4.95
23176,ABC TREASURE BOOK BOX,4.95
22991,GIRAFFE WOODEN RULER,4.95
22989,SET 2 PANTRY DESIGN TEA TOWELS,7.95
22980,PANTRY SCRUBBING BRUSH,3.95
22977,DOLLY GIRL CHILDRENS EGG CUP,2.95
22975,SPACEBOY CHILDRENS EGG CUP,2.95
22974,CHILDRENS DOLLY GIRL MUG,3.95
22972,CHILDREN'S SPACEBOY MUG,3.95
22969,HOMEMADE JAM SCENTED CANDLES,3.95
22966,GINGERBREAD MAN COOKIE CUTTER,2.95
22965,3 TRADITIONAL BISCUIT CUTTERS  SET,4.95
22964,3 PIECE SPACEBOY COOKIE CUTTER SET,4.95
22956,36 FOIL HEART CAKE CASES,4.95
22937,BAKING MOULD CHOCOLATE CUPCAKES,5.95
22934,BAKING MOULD EASTER EGG WHITE CHOC,6.95
22933,BAKING MOULD EASTER EGG MILK CHOC,6.95
22930,BAKING MOULD HEART MILK CHOCOLATE,5.95
22921,HERB MARKER CHIVES,1.95
22920,HERB MARKER BASIL,1.95
22916,HERB MARKER THYME,1.95
22899,CHILDREN'S APRON DOLLY GIRL,4.95
22897,OVEN MITT APPLES DESIGN,3.95
22895,SET OF 2 TEA TOWELS APPLE AND PEARS,7.95
22805,BLUE DRAWER KNOB ACRYLIC EDWARDIAN,2.95
22775,PURPLE DRAWERKNOB ACRYLIC EDWARDIAN,2.95
22773,GREEN DRAWER KNOB ACRYLIC EDWARDIAN,2.95
22772,PINK DRAWER KNOB ACRYLIC EDWARDIAN,2.95
22759,SET OF 3 NOTEBOOKS IN PARCEL,3.95
22686,FRENCH BLUE METAL DOOR SIGN NO,2.95
22685,FRENCH BLUE METAL DOOR SIGN 0,2.95
22684,FRENCH BLUE METAL DOOR SIGN 9,2.95
22683,FRENCH BLUE METAL DOOR SIGN 8,2.95
22682,FRENCH BLUE METAL DOOR SIGN 7,2.95
22681,FRENCH BLUE METAL DOOR SIGN 6,2.95
22680,FRENCH BLUE METAL DOOR SIGN 5,2.95
22679,FRENCH BLUE METAL DOOR SIGN 4,2.95
22678,FRENCH BLUE METAL DOOR SIGN 3,2.95
22677,FRENCH BLUE METAL DOOR SIGN 2,2.95
22674,FRENCH TOILET SIGN BLUE METAL,2.95
22672,FRENCH BATHROOM SIGN BLUE METAL,4.95
22670,FRENCH WC SIGN BLUE METAL,2.95
22666,RECIPE BOX PANTRY YELLOW DESIGN,6.95
22630,DOLLY GIRL LUNCH BOX,4.95
22629,SPACEBOY LUNCH BOX,4.95
22367,CHILDRENS APRON SPACEBOY DESIGN,4.95
22348,TEA BAG PLATE RED RETROSPOT,1.95
22243,5 HOOK HANGER RED MAGIC TOADSTOOL,3.95
22185,SLATE TILE NATURAL HANGING,3.95
21673,WHITE SPOT BLUE CERAMIC DRAWER KNOB,3.95
21672,WHITE SPOT RED CERAMIC DRAWER KNOB,3.95
21671,RED SPOT CERAMIC DRAWER KNOB,3.95
21669,BLUE STRIPE CERAMIC DRAWER KNOB,3.95
21668,RED STRIPE CERAMIC DRAWER KNOB,3.95
21354,TOAST ITS - BEST MUM,2.95
21172,PARTY METAL SIGN,3.95
84970S,HANGING HEART ZINC T-LIGHT HOLDER,1.95
84375,SET OF 20 KIDS COOKIE CUTTERS,4.95
POST,POSTAGE,3.95
22719,GUMBALL MONOCHROME COAT RACK,2.45
22900,SET 2 TEA TOWELS I LOVE LONDON,3.25
21931,JUMBO STORAGE BAG SUKI,2.08
15036,ASSORTED COLOURS SILK FAN,0.83
84856S,SMALL TAHITI BEACH BAG,4.65
20821,GOLDIE LOOKING MIRROR,4.95
21686,MEDINA STAMPED METAL STOOL,5.0
82616C,MIDNIGHT GLAMOUR SCARF KNITTING KIT,1.25
85019B,BLOSSOM  IMAGES NOTEBOOK SET,1.25
82616B,FRAPPUCINO SCARF KNITTING KIT,1.25
22385,JUMBO BAG SPACEBOY DESIGN,2.08
85099F,JUMBO BAG STRAWBERRY,2.08
21930,JUMBO STORAGE BAG SKULLS,2.08
22411,JUMBO SHOPPER VINTAGE RED PAISLEY,2.08
21929,JUMBO BAG PINK VINTAGE PAISLEY,2.08
85099C,JUMBO  BAG BAROQUE BLACK WHITE,2.08
21928,JUMBO BAG SCANDINAVIAN BLUE PAISLEY,2.08
23158,SET OF 5 LUCKY CAT MAGNETS,2.08
20712,JUMBO BAG WOODLAND ANIMALS,2.08
22386,JUMBO BAG PINK POLKADOT,2.08
21468,BUTTERFLY CROCHET FOOD COVER,7.46
21696,SMALL SILVER TRELLIS CANDLEPOT,5.79
22448,PIN CUSHION BABUSHKA RED,6.63
90168,2 DAISIES HAIR COMB,2.9
90169,DAISY HAIR COMB,2.48
84660C,PINK STITCHED WALL CLOCK,3.75
84660B,BLACK STITCHED WALL CLOCK,3.75
85141,JARDIN ETCHED GLASS FRUITBOWL,3.95
85144,JARDIN ETCHED GLASS CHEESE DISH,1.95
21498,RED RETROSPOT WRAP,0.34
22630,DOLLY GIRL LUNCH BOX,1.65
22895,SET OF 2 TEA TOWELS APPLE AND PEARS,3.25
84743C,ORANGE FELT VASE + FLOWERS,1.25
23157,SET OF 6 NATIVITY MAGNETS,2.08
85099B,JUMBO BAG RED RETROSPOT,2.08
22742,MAKE YOUR OWN PLAYTIME CARD KIT,5.79
84531B,BLUE KNITTED EGG COSY,0.83
90038A,GLASS AND PAINTED BEADS BRACELET TO,3.73
16218,CARTOON  PENCIL SHARPENERS,2.08
21197,MULTICOLOUR  CONFETTI IN TUBE,3.29
85132A,CHARLIE + LOLA BISCUITS TINS,1.95
85132C,CHARLIE AND LOLA FIGURES TINS,1.95
84876D,BLUE HEART COMPACT MIRROR,1.25
21614,SET OF 12 ROSE BOTANICAL T-LIGHTS,5.79
22032,BOTANICAL LILY GREETING CARD,0.83
22074,6 RIBBONS SHIMMERING PINKS,3.29
47504H,ENGLISH ROSE SPIRIT LEVEL,7.46
84549,CROCHET WHITE RABBIT KEYRING,3.29
85132A,CHARLIE + LOLA BISCUITS TINS,5.79
90072,RUBY DROP CHANDELIER EARRINGS,4.15
22372,AIRLINE BAG VINTAGE WORLD CHAMPION,3.95
21530,DAIRY MAID TOASTRACK,0.79
79030D,"TUMBLER, BAROQUE",0.39
79030G,"TUMBLER, NEW ENGLAND",0.39
85132B,CHARLIE AND LOLA TABLE TINS,1.95
85145,JARDIN ETCHED GLASS LARGE BELL JAR,3.95
22627,MINT KITCHEN SCALES,0.76
21528,DAIRY MAID TRADITIONAL TEAPOT,5.95
22558,CLOTHES PEGS RETROSPOT PACK 24,1.65
21294,ETCHED GLASS COASTER,0.39
85036A,GARDENIA 1 WICK MORRIS BOXED CANDLE,3.81
22558,CLOTHES PEGS RETROSPOT PACK 24,1.0
21352,EUCALYPTUS & PINECONE  WREATH,5.95
35649,VINTAGE BEAD COSMETIC BAG,3.35
21090,SET/6 COLLAGE PAPER PLATES,0.39
21084,SET/6 COLLAGE PAPER CUPS,0.19
22621,TRADITIONAL KNITTING NANCY,1.65
79051A,SMOKEY GREY COLOUR D.O.F. GLASS,0.29
21096,SET/6 FRUIT SALAD  PAPER PLATES,0.39
21088,SET/6 FRUIT SALAD PAPER CUPS,0.19
21891,TRADITIONAL WOODEN SKIPPING ROPE,1.45
22619,SET OF 6 SOLDIER SKITTLES,3.39
84751B,BLACK MEDIUM GLASS CAKE STAND,0.79
47013C,WINE BOTTLE DRESSING DARK BLUE,0.12
47013A,WINE BOTTLE DRESSING LT.BLUE,0.12
22663,JUMBO BAG DOLLY GIRL DESIGN,2.08
21890,S/6 WOODEN SKITTLES IN COTTON BAG,3.25
79163,BLACK CHAMPAGNE GLASS,0.39
20711,JUMBO BAG TOYS,2.08
21033,JUMBO BAG CHARLIE AND LOLA TOYS,2.08
35809B,ENAMEL BLUE RIM TEA CONTAINER,0.83
79026B,"S/4 ICON COASTER,ELVIS LIVES",0.39
20801,LARGE PINK GLASS SUNDAE DISH,0.79
85146,JARDIN ETCHED GLASS SMALL BELL JAR,1.95
84686,BEACH HUT MIRROR,4.25
22623,BOX OF VINTAGE JIGSAW BLOCKS,5.95
21314,SMALL GLASS HEART TRINKET POT,1.85
21313,GLASS HEART T-LIGHT HOLDER,0.64
21087,SET/6 POSIES PAPER CUPS,0.19
21089,SET/6 GREEN SPRING PAPER CUPS,0.19
84951A,SET OF 4 PISTACHIO LOVEBIRD COASTER,0.79
22104,MIRROR MOSAIC CANDLE PLATE,1.45
21066,VINTAGE RED MUG,2.46
21518,BANK ACCOUNT  GREETING  CARD,0.83
85099B,JUMBO BAG RED RETROSPOT,2.46
22286,DECORATION WOBBLY RABBIT METAL,3.29
22961,JAM MAKING SET PRINTED,3.14
23078,ICE CREAM PEN LIP GLOSS,2.46
35920,FOUR RABBIT EASTER DECORATIONS,4.96
84406B,CREAM CUPID HEARTS COAT HANGER,7.0
84576,BLUE CAT BISCUIT BARREL PINK HEART,4.13
84592,CROCHET ROSE PURSE WITH SUEDE BACK,5.79
85132C,CHARLIE AND LOLA FIGURES TINS,5.79
85205B,PINK FELT EASTER RABBIT GARLAND,4.96
90130C,GREEN STONE/CRYSTAL EARRINGS,2.9
84228,HEN HOUSE WITH CHICK STANDING,0.42
21318,GLASS CHALICE BLUE SMALL,0.39
16202E,BLACK PHOTO ALBUM,0.5
79030D,TUMBLER BAROQUE,0.39
20803,SMALL PINK GLASS SUNDAE DISH,0.39
22567,20 DOLLY PEGS RETROSPOT,1.45
21320,GLASS CHALICE GREEN  LARGE,0.79
21319,GLASS CHALICE GREEN  SMALL,0.39
84843,WHITE SOAP RACK WITH 2 BOTTLES,4.65
22361,GLASS JAR DAISY FRESH COTTON WOOL,2.55
47021G,SET/6 BEAD COASTERS GAUZE BAG GOLD,0.39
21656,RIDGED GLASS POSY VASE,1.63
22287,DECORATION WOBBLY CHICKEN,3.29
35648,VINTAGE BEAD PINK PURSE,5.79
84748,FOLK FELT HANGING MULTICOL GARLAND,7.46
84951A,SET OF 4 PISTACHIO LOVEBIRD COASTER,2.46
21316,SMALL CHUNKY GLASS ROMAN  BOWL,0.79
22382,LUNCH BAG SPACEBOY DESIGN,4.96
22897,OVEN MITT APPLES DESIGN,3.75
21736,GOLD SCROLL GLASS T-LIGHT HOLDER,0.39
17011F,ORIGAMI SANDLEWOOD INCENSE+FLOWER,0.65
79331,PINK FLOCK GLASS CANDLEHOLDER,0.38
84877A,PINK ROUND COMPACT MIRROR,1.25
84875D,BLUE SQUARE COMPACT MIRROR,1.25
22106,MIRROR MOSAIC HURRICANE LAMP,6.75
22620,4 TRADITIONAL SPINNING TOPS,1.45
22287,DECORATION WOBBLY CHICKEN,1.65
22286,DECORATION WOBBLY RABBIT METAL,1.65
22905,CALENDAR IN SEASON DESIGN,5.79
84951B,SET OF 4 BLACK LOVEBIRD COASTERS,2.46
85035A,GARDENIA 3 WICK MORRIS BOXED CANDLE,8.29
85132B,CHARLIE AND LOLA TABLE TINS,5.79
85198,ASSORTED FARMYARD ANIMALS IN BUCKET,1.63
22611,VINTAGE UNION JACK SHOPPING BAG,4.25
21622,VINTAGE UNION JACK CUSHION COVER,4.25
21614,SET OF 12 ROSE BOTANICAL T-LIGHTS,2.95
23254,CHILDRENS CUTLERY DOLLY GIRL,4.15
23256,CHILDRENS CUTLERY SPACEBOY,4.15
21845,DAIRY MAID STRIPE MUG,0.79
21131,GOLD STANDING GNOME,4.25
84750B,BLACK SMALL GLASS CAKE STAND,0.39
84951B,SET OF 4 BLACK LOVEBIRD COASTERS,0.79
84725,FREESTYLE CANVAS ART PICTURE,1.65
21469,POLKA DOT RAFFIA FOOD COVER,7.46
21654,RIDGED GLASS FINGER BOWL,1.63
21668,RED STRIPE CERAMIC DRAWER KNOB,3.29
21672,WHITE SPOT RED CERAMIC DRAWER KNOB,3.29
21828,EIGHT PIECE SNAKE  SET,2.46
22562,MONSTERS STENCIL CRAFT,2.46
22953,BIRTHDAY PARTY CORDON BARRIER TAPE,2.46
35599D,PINK AND WHITE CHRISTMAS TREE 120CM,5.79
47021G,SET/6 BEAD COASTERS GAUZE BAG GOLD,1.63
84077,WORLD WAR 2 GLIDERS ASSTD DESIGNS,0.63
21360,JOY LARGE WOOD LETTERS,3.95
85167B,BLACK GRAND BAROQUE PHOTO FRAME,1.25
20933,YELLOW POT PLANT CANDLE,2.95
84880,WHITE WIRE EGG HOLDER,6.65
21556,CERAMIC STRAWBERRY MONEY BOX,2.25
84279B,CHERRY BLOSSOM DECORATIVE FLASK,3.39
22200,FRYING PAN PINK POLKADOT,3.75
21654,RIDGED GLASS FINGER BOWL,0.39
21281,VINTAGE KITCHEN PRINT SEAFOOD,4.96
90027B,GLASS BEAD HOOP EARRINGS MONTANA,2.9
16207B,PINK HEART RED HANDBAG,5.79
21240,BLUE POLKADOT CUP,1.67
22204,MILK PAN BLUE POLKADOT,7.46
35965,FOLKART HEART NAPKIN RINGS,0.79
85006,SET 4 NURSERY DES ROUND BOXES,0.85
23255,CHILDRENS CUTLERY CIRCUS PARADE,4.15
85008,SET OF 3 CONEY ISLAND OVAL BOXES,1.5
35809B,ENAMEL BLUE RIM TEA CONTAINER,2.1
79329,PINK FLOCK GLASS CANDLEHOLDER,0.38
79337,BLUE FLOCK GLASS CANDLEHOLDER,0.38
79030G,TUMBLER NEW ENGLAND,0.39
22039,BOTANICAL LILY GIFT WRAP,0.42
90001C,ANTIQUE OPAL WHITE FLOWER EARRINGS,4.25
90025A,BAROQUE BUTTERFLY EARRINGS BLACK,3.75
90142D,MOP PENDANT SHELL NECKLACE,4.95
37487B,YELLOW/ORANGE FLOWER DESIGN PLATE,0.29
84575A,PINK DOG CANNISTER,1.95
85031A,ROMANTIC IMAGES SCRAP BOOK SET,1.25
POST,POSTAGE,4.95
78033,FLAG OF ST GEORGE CHAIR,4.25
84422,PINK/BLUE DISC/MIRROR STRING,0.85
M,MANUAL,1.5
23205,CHARLOTTE BAG VINTAGE ALPHABET,0.85
23201,JUMBO BAG ALPHABET,2.08
23207,LUNCH BAG ALPHABET DESIGN,1.65
23199,JUMBO BAG APPLES,2.08
23206,LUNCH BAG APPLE DESIGN,1.65
23204,CHARLOTTE BAG APPLES DESIGN,0.85
23205,CHARLOTTE BAG ALPHABET  DESIGN,0.85
23256,KIDS CUTLERY SPACEBOY,4.15
23254,KIDS CUTLERY DOLLY GIRL,4.15
23208,LUNCH BAG VINTAGE LEAF DESIGN,1.65
22626,BLACK KITCHEN SCALES,7.65
37468,HARDMAN MUG 3 ASSORTED,0.39
84689,S/2 BEACH HUT TREASURE CHESTS,5.95
84388,WISE MAN STAR SHAPE EGG PAN,0.39
79164,BLACK WINE GLASS,0.39
17014A,ORIGAMI VANILLA INCENSE CONES,0.42
37467,PIG MUG IN TWO COLOUR DESIGNS,0.39
21117,BLOND DOLL DOORSTOP,1.25
M,MANUAL,0.39
20703,BLUE PADDED SOFT MOBILE,4.25
23199,JUMBO BAG APPLES,1.95
44242B,PINK FEATHERS CURTAIN,1.25
84356,POMPOM CURTAIN,5.95
46776A,WOVEN BUBBLE GUM CUSHION COVER,4.95
46776F,WOVEN ROSE GARDEN CUSHION COVER,4.95
46776D,WOVEN SUNSET CUSHION COVER,4.95
PADS,PADS TO MATCH ALL CUSHIONS,0.001
21792,CLASSIC FRENCH STYLE BASKET GREEN,3.95
21793,CLASSIC FRENCH STYLE BASKET BROWN,3.95
22087,PAPER BUNTING WHITE LACE,6.63
85132b,CHARLIE AND LOLA TABLE TINS,8.29
21980,PACK OF 12 RED RETROSPOT TISSUES,0.79
22993,SET OF 4 PANTRY JELLY MOULDS,3.29
22418,10 COLOUR SPACEBOY PEN,2.46
85071D,CHARLIE+LOLA MY ROOM DOOR SIGN,4.96
84510e,SET OF 4 GREEN CAROUSEL COASTERS,2.46
23201,JUMBO BAG ALPHABET,1.95
22489,PACK OF 12 TRADITIONAL CRAYONS,1.25
22785,SQUARECUSHION COVER PINK UNION JACK,6.75
84731,3 BIRDS CANVAS SCREEN,1.65
17109D,FLOWER FAIRY INCENSE BOUQUET,0.38
22846,BREAD BIN DINER STYLE RED,5.0
16202B,PASTEL BLUE PHOTO ALBUM,0.5
85017C,ENVELOPE 50 CURIOUS IMAGES,0.42
17091A,LAVENDER INCENSE IN TIN,0.38
23060,HEART BEADED TRELLIS DECORATION,2.08
21378,SMALL TALL CAMPHOR WOOD TOADSTOOL,3.29
22933,BAKING MOULD EASTER EGG MILK CHOC,3.29
22991,GIRAFFE WOODEN RULER,4.13
23157,SET OF 6 NATIVITY MAGNETS,4.13
23255,CHILDRENS CUTLERY CIRCUS PARADE,8.29
46126A,ELVIS WALLHANGING / CURTAIN,2.46
84870C,GREEN GEISHA GIRL,7.46
84952B,BLACK LOVE BIRD T-LIGHT HOLDER,7.46
90067A,PINK VINTAGE VICTORIAN EARRINGS,2.9
90129B,TURQUOISE GLASS TASSLE BAG CHARM,1.63
90163A,PINK ROSEBUD & PEARL NECKLACE,7.48
23057,BEADED CHANDELIER T-LIGHT HOLDER,4.95
M,MANUAL,0.1
23348,CHILDRENS TOY COOKING UTENSIL SET,4.13
71495A,CD WALL TIDY BLUE OFFICE,0.83
79030G,TUMBLER NEW ENGLAND,5.79
84341B,SMALL PINK MAGIC CHRISTMAS TREE,1.63
84558A,3D DOG PICTURE PLAYING CARDS,5.79
90005A,JADE GREEN ENAMEL HAIR COMB,2.07
90205A,LARGE MINT DIAMANTE HAIRSLIDE,1.65
DOT,DOTCOM POSTAGE,2.29
84912A,PINK ROSE WASHBAG,3.29
85141,JARDIN ETCHED GLASS FRUITBOWL,8.29
85175,CACTI T-LIGHT CANDLES,0.83
84997B,CHILDRENS CUTLERY RETROSPOT RED,3.39
84997A,CHILDRENS CUTLERY POLKADOT GREEN,3.39
23066,SMALL DECO JEWELLERY STAND,8.25
23068,ALUMINIUM STAMPED HEART,2.49
23075,DOUBLE CERAMIC PARLOUR HOOK,4.15
M,MANUAL,0.83
23153,ZINC SWEETHEART WIRE LETTER RACK,3.75
71279,PINK GLASS CANDLEHOLDER,2.55
22129,PARTY CONES CANDY TREE DECORATION,8.29
22381,TOY TIDY PINK POLKADOT,2.08
23199,JUMBO BAG APPLES,4.13
23204,CHARLOTTE BAG APPLES DESIGN,1.63
23206,LUNCH BAG APPLE DESIGN,4.13
23201,JUMBO BAG ALPHABET,4.13
35913B,WHITE/PINK CHICK EASTER DECORATION,3.29
84997B,CHILDRENS CUTLERY RETROSPOT RED,8.29
90036C,"FLOWER GLASS GARLAND NECKL.36""BLUE",7.9
23205,CHARLOTTE BAG VINTAGE ALPHABET,1.63
23207,LUNCH BAG ALPHABET DESIGN,4.13
23208,LUNCH BAG VINTAGE LEAF DESIGN,4.13
35810B,ENAMEL BLUE RIM COFFEE CONTAINER,2.46
90093,CLEAR CRYSTAL STAR PHONE CHARM,1.63
90186B,CRYSTAL HOOP EARRING FLORAL LEAF,2.9
20932,PINK POT PLANT CANDLE,7.46
23075,PARLOUR CERAMIC WALL HOOK,4.15
84549,CROCHET WHITE RABBIT KEYRING,1.65
21882,SKULLS TAPE,1.63
35649,VINTAGE BEAD COSMETIC BAG,6.63
84879,ASSORTED COLOUR BIRD ORNAMENT,1.35
84905,PINK BUTTERFLY CUSHION COVER,4.96
85183A,CHARLIE & LOLA WASTEPAPER BIN BLUE,7.46
90135A,ORANGE/FUSCHIA STONES NECKLACE,4.98
90159,COTE D'AZURE NECKLACE,4.98
84576,BLUE CAT BISCUIT BARREL PINK HEART,1.95
23146,TRIPLE HOOK ANTIQUE IVORY ROSE,3.29
23061,VINTAGE EMBOSSED HEART,1.25
37489A,YELLOW/PINK FLOWER DESIGN BIG MUG,0.39
37489D,PINK/GREEN FLOWER DESIGN BIG MUG,0.39
37489B,BLUE/YELLOW FLOWER DESIGN BIG MUG,0.39
37489C,GREEN/BLUE FLOWER DESIGN BIG MUG,0.39
85163B,BLACK BAROQUE WALL CLOCK,3.95
85163A,WHITE BAROQUE WALL CLOCK,3.95
84663A,GRASS HOPPER WOODEN WALL CLOCK,1.95
22461,SAVOY ART DECO CLOCK,3.95
85016,SET OF 6 VINTAGE NOTELETS KIT,0.65
85015,SET OF 12  VINTAGE POSTCARD SET,0.65
85017B,ENVELOPE 50 BLOSSOM IMAGES,0.42
47563A,RETRO LONGBOARD IRONING BOARD COVER,1.25
23055,IVORY CHANDELIER T-LIGHT HOLDER,6.25
23056,FLOWERS CHANDELIER T-LIGHT HOLDER,6.25
20997,ROSE DU SUD CUSHION COVER,4.13
21112,SWISS ROLL TOWEL PINK  SPOTS,5.79
21704,BAG 250G SWIRLY MARBLES,1.63
22532,MAGIC DRAWING SLATE LEAP FROG,0.83
21261,GREEN GOOSE FEATHER CHRISTMAS TREE,7.46
20823,GOLD WINE GOBLET,0.79
21932,SCANDINAVIAN PAISLEY PICNIC BAG,1.65
21933,PINK VINTAGE PAISLEY PICNIC BAG,1.65
23140,TRIPLE WIRE HOOK IVORY HEART,4.15
23141,TRIPLE WIRE HOOK PINK HEART,4.15
23135,SMALL ZINC HEART WALL ORGANISER,5.75
23132,SMALL IVORY HEART WALL ORGANISER,5.75
23152,IVORY SWEETHEART WIRE LETTER RACK,3.75
23132,SMALL IVORY HEART WALL ORGANISER,4.95
23134,LARGE ZINC HEART WALL ORGANISER,7.05
23133,LARGE IVORY HEART WALL ORGANISER,7.05
23133,LARGE IVORY HEART WALL ORGANISER,8.25
22713,CARD I LOVE LONDON,0.36
21977,PACK OF 60 PINK PAISLEY CAKE CASES,0.42
84990,60 GOLD AND SILVER FAIRY CAKE CASES,0.55
23147,SINGLE ANTIQUE ROSE HOOK IVORY,1.45
23148,MINIATURE ANTIQUE ROSE HOOK IVORY,0.83
23136,IVORY WIRE SWEETHEART LETTER TRAY,3.75
23139,SINGLE WIRE HOOK PINK HEART,1.45
23138,SINGLE WIRE HOOK IVORY HEART,1.45
23150,IVORY SWEETHEART SOAP DISH,2.49
23134,LARGE ZINC HEART WALL ORGANISER,8.25
23145,ZINC T-LIGHT HOLDER STAR LARGE,0.95
20827,GOLD APERITIF GLASS,0.39
84906,PINK BUTTERFLY CUSHION COVER,1.95
23254,CHILDRENS CUTLERY DOLLY GIRL,8.29
23256,CHILDRENS CUTLERY SPACEBOY,8.29
90011D,PURPLE CRYSTAL DROP EARRINGS,2.9
90025B,BAROQUE BUTTERFLY EARRINGS RED,3.73
22992,REVOLVER WOODEN RULER,4.13
23144,ZINC T-LIGHT HOLDER STARS SMALL,0.83
M,MANUAL,1.95
23137,ZINC WIRE SWEETHEART LETTER TRAY,3.75
21794,CLASSIC FRENCH STYLE BASKET NATURAL,3.95
22660,DOORMAT I LOVE LONDON,6.75
20696,FLORAL SOFT CAR TOY,7.46
20716,PARTY FOOD SHOPPER BAG,0.83
21420,OYSTER TRINKET BOX,6.63
21933,PINK VINTAGE PAISLEY PICNIC BAG,2.46
22642,SET OF 4 NAPKIN CHARMS STARS,4.96
23146,TRIPLE HOOK ANTIQUE IVORY ROSE,6.63
90001C,ANTIQUE OPAL WHITE FLOWER EARRINGS,4.15
90060F,FIRE POLISHED GLASS NECKL GREEN,5.82
21466,RED FLOWER CROCHET FOOD COVER,7.46
22563,HAPPY STENCIL CRAFT,2.46
90214O,"LETTER ""O"" BLING KEY RING",0.83
79144C,PAINTED LIGHTBULB RAINBOW DESIGN,0.42
72024U,LILAC VOTIVE CANDLE,0.21
20616,CHERRY BLOSSOM PASSPORT COVER,4.13
20765,CHRYSANTHEMUM SKETCHBOOK,7.46
22085,PAPER CHAIN KIT SKULLS,4.13
90135,ORANGE/WHT/FUSCHIA STONES NECKLACE,4.95
90138,WHITE/PINK MINI CRYSTALS NECKLACE,4.95
90159,COTE D'AZURE NECKLACE,4.95
90164B,WHITE  ROSEBUD PEARL BRACELET,7.5
90163A,PINK ROSEBUD & PEARL NECKLACE,7.5
90163B,WHITE ROSEBUD & PEARL NECKLACE,7.5
90158,ST TROPEZ NECKLACE,4.95
90157,RIVIERA NECKLACE,4.95
35648,VINTAGE BEAD PINK PURSE,0.83
84859A,SILVER DISCO HANDBAG,1.95
47348A,FUSCHIA VOILE POINTY SHOE DEC,0.39
23069,EDWARDIAN PHOTO FRAME,6.25
84378,SET OF 3 HEART COOKIE CUTTERS,1.06
84375,SET OF 20 KIDS COOKIE CUTTERS,1.85
21915,RED  HARMONICA IN BOX,1.06
16244B,MAXWELL 2 TONE BLUE 60 PAGE PHOTO A,0.5
23131,MISTLETOE HEART WREATH CREAM,4.15
23067,HANGING ENGRAVED METAL HEART,4.15
35004B,SET OF 3 BLACK FLYING DUCKS,5.79
21221,SET/4 BADGES CUTE CREATURES,2.46
16207A,PINK STRAWBERRY HANDBAG,2.46
20622,VIPPASSPORT COVER,4.13
20731,POSY CANDY BAG,0.83
22130,PARTY CONE CHRISTMAS DECORATION,8.29
35649,VINTAGE BEAD COSMETIC BAG,2.46
47341B,BLUE TABLE RUN FLOWER,1.25
47341A,FUSCHIA TABLE RUN FLOWER,1.25
47343A,FUSCHIA FLOWER PURSE WITH BEADS,0.83
47344B,BLUE FLOWER DES PURSE,0.83
62097B,BLUE STRIPES SHOULDER BAG,0.83
62043B,BLUE CHECK BAG W HANDLE 34X20CM,0.83
23163,REGENCY SUGAR TONGS,2.49
23284,DOORMAT KEEP CALM AND COME IN,6.75
23283,DOORMAT VINTAGE LEAVES DESIGN,7.95
90201D,GREEN ENAMEL FLOWER RING,2.95
90201C,RED ENAMEL FLOWER RING,2.95
90201A,PURPLE ENAMEL FLOWER RING,2.95
23284,DOORMAT KEEP CALM AND COME IN,7.95
18094C,WHITE AND BLUE CERAMIC OIL BURNER,0.85
22197,SMALL POPCORN HOLDER,0.72
40001,WHITE BAMBOO RIBS LAMPSHADE,0.64
62018,SOMBRERO,1.25
85198,ASSORTED FARMYARD ANIMALS IN BUCKET,0.64
23154,SET OF 4 JAM JAR MAGNETS,1.85
23156,SET OF 5 MINI GROCERY MAGNETS,1.85
23159,SET OF 5 PANCAKE DAY MAGNETS,1.85
85211,S/4 GROOVY CAT MAGNETS,1.45
23158,SET OF 5 LUCKY CAT MAGNETS,1.85
21028,NINJA RABBIT BLACK,1.06
21027,NINJA RABBIT PINK,1.06
21641,ASSORTED TUTTI FRUTTI KEYRING BALL,0.72
22585,PACK OF 6 BIRDY GIFT TAGS,1.06
20763,DAISY SKETCHBOOK,1.25
20766,GARDEN PATH SKETCHBOOK,2.95
22420,LIPSTICK PEN BABY PINK,0.36
22563,HAPPY STENCIL CRAFT,1.06
22564,ALPHABET STENCIL CRAFT,1.06
22562,MONSTERS STENCIL CRAFT,1.06
23208,LUNCH BAG VINTAGE LEAF DESIGN,1.45
23206,LUNCH BAG APPLE DESIGN,1.45
22994,TRAVEL CARD WALLET RETROSPOT,0.36
22997,TRAVEL CARD WALLET UNION JACK,0.36
23002,TRAVEL CARD WALLET SKULLS,0.36
23006,TRAVEL CARD WALLET FLOWER MEADOW,0.36
20655,QUEEN OF SKIES LUGGAGE TAG,1.06
21867,PINK UNION JACK  LUGGAGE TAG,1.06
20659,ECONOMY LUGGAGE TAG,1.06
20654,FIRST CLASS LUGGAGE TAG,1.06
21866,UNION JACK FLAG LUGGAGE TAG,1.06
20618,QUEEN OF THE SKIES PASSPORT COVER,1.69
21864,UNION JACK FLAG PASSPORT COVER,1.69
20619,TROPICAL PASSPORT COVER,1.69
21865,PINK UNION JACK  PASSPORT COVER,1.69
20617,FIRST CLASS PASSPORT COVER,1.69
20622,VIPPASSPORT COVER,1.69
84857C,PINK MONTE CARLO HANDBAG,1.95
23162,REGENCY TEA STRAINER,3.75
20840,FRENCH FLORAL CUSHION COVER,0.85
21794,CLASSIC FRENCH STYLE BASKET NATURAL,7.46
84997C,CHILDRENS CUTLERY POLKADOT BLUE,8.29
21003,ROSE DU SUD CUSHION COVER,5.79
21336,GOLD WASHBAG,1.63
23144,ZINC T-LIGHT HOLDER STARS SMALL,1.63
23148,MINIATURE ANTIQUE ROSE HOOK IVORY,2.46
84016,FLAG OF ST GEORGE CAR FLAG,0.83
20838,FRENCH LATTICE CUSHION COVER,3.29
20839,FRENCH PAISLEY CUSHION COVER,3.29
20840,FRENCH FLORAL CUSHION COVER,3.29
84971S,SMALL HEART FLOWERS HOOK,0.64
23182,TOILET SIGN OCCUPIED OR VACANT,0.72
82583,HOT BATHS METAL SIGN,1.85
85150,LADIES & GENTLEMEN METAL SIGN,2.1
22413,METAL SIGN TAKE IT OR LEAVE IT,2.55
22115,METAL SIGN EMPIRE TEA,2.55
82578,KITCHEN METAL SIGN,0.42
85152,HAND OVER THE CHOCOLATE   SIGN,5.0
21164,HOME SWEET HOME METAL SIGN,2.55
21172,PARTY METAL SIGN,1.25
21169,YOU'RE CONFUSING ME METAL SIGN,1.45
82567,"AIRLINE LOUNGE,METAL SIGN",1.69
18097C,WHITE TALL PORCELAIN T-LIGHT HOLDER,1.95
22216,T-LIGHT HOLDER WHITE LACE,0.72
71510,SQUARE METAL CANDLEHOLDER BASE,0.53
72811,SMALL ZINC/GLASS CANDLEHOLDER,1.25
21126,SET OF 6 GIRLS CELEBRATION CANDLES,1.06
20846,ZINC HEART LATTICE T-LIGHT HOLDER,1.06
71101E,STANDING FAIRY POLE SUPPORT,0.72
21749,LARGE RED RETROSPOT WINDMILL,1.85
23137,ZINC WIRE SWEETHEART LETTER TRAY,3.29
23153,ZINC SWEETHEART WIRE LETTER RACK,3.39
23152,IVORY SWEETHEART WIRE LETTER RACK,3.39
23136,IVORY WIRE SWEETHEART LETTER TRAY,3.29
22174,PHOTO CUBE,1.48
22488,NATURAL SLATE RECTANGLE CHALKBOARD,1.45
22341,LOVE GARLAND PAINTED ZINC,1.45
21441,BLUE BIRDHOUSE DECORATION,0.72
22342,HOME GARLAND PAINTED ZINC,1.45
85203,HANGING WOOD AND FELT BUTTERFLY,0.36
85199L,LARGE HANGING IVORY & RED WOOD BIRD,0.53
85204,HANGING WOOD AND FELT FLOWER,0.36
20707,CRAZY DAISY HEART DECORATION,1.06
21811,HANGING HEART WITH BELL,1.06
21390,FILIGRIS HEART WITH BUTTERFLY,1.06
22227,HANGING HEART MIRROR DECORATION,0.55
22296,HEART IVORY TRELLIS LARGE,1.45
22297,HEART IVORY TRELLIS SMALL,1.06
22597,MUSICAL ZINC HEART DECORATION,0.72
22335,HEART DECORATION PAINTED ZINC,0.55
22602,RETROSPOT WOODEN HEART DECORATION,0.72
22855,FINE WICKER HEART,1.06
84836,ZINC METAL HEART DECORATION,1.06
85061W,WHITE JEWELLED HEART DECORATION,0.64
35923,CANDY HEART HANGING DECORATION,1.06
85129B,BEADED CRYSTAL HEART GREEN SMALL,1.06
85130B,BEADED CRYSTAL HEART GREEN LARGE,1.45
85131A,BEADED PEARL HEART WHITE ON STICK,1.06
85131C,BEADED CRYSTAL HEART BLUE ON STICK,1.06
20794,BLUE  TILE HOOK,2.1
22243,5 HOOK HANGER RED MAGIC TOADSTOOL,1.45
23140,TRIPLE WIRE HOOK IVORY HEART,3.75
23139,SINGLE WIRE HOOK PINK HEART,1.25
23146,TRIPLE HOOK ANTIQUE IVORY ROSE,2.89
23147,SINGLE ANTIQUE ROSE HOOK IVORY,1.25
23148,MINIATURE ANTIQUE ROSE HOOK IVORY,0.72
20816,GOLD FLOWER CUSHION COVER,1.95
23048,SET OF 10 LANTERNS FAIRY LIGHT STAR,4.15
23042,PAPER LANTERN 7 POINT SNOW STAR,6.65
23041,PAPER LANTERN 9 POINT SNOW STAR,4.15
23040,PAPER LANTERN 9 POINT SNOW STAR,5.75
84687,BEACH HUT SHELF W 3 DRAWERS,4.95
85225,BLING KEY RING STAND,1.25
21922,UNION STRIPE WITH FRINGE  HAMMOCK,6.62
21932,SCANDINAVIAN PAISLEY PICNIC BAG,2.46
23145,ZINC T-LIGHT HOLDER STAR LARGE,2.08
37471,MULTICOLOUR POLKADOT PLATE,6.63
84907,PINK YELLOW PATCH CUSHION COVER,5.79
84997D,CHILDRENS CUTLERY POLKADOT PINK,8.29
90125D,PURPLE BERTIE GLASS BEAD BAG CHARM,4.13
23130,MISTLETOE HEART WREATH GREEN,4.15
21429,RED GINGHAM ROSE JEWELLERY BOX,1.95
84926F,PSYCHEDELIC TILE COASTER,1.25
20835,FRENCH LATTICE CUSHION COVER,0.83
22737,RIBBON REEL CHRISTMAS PRESENT,4.13
22738,RIBBON REEL SNOWY VILLAGE,4.13
23206,LUNCH BAG APPLE DESIGN,4.96
22987,WRAP SUMMER ROSE DESIGN,0.42
46138B,BLUE CHENILLE SHAGGY CUSHION COVER,0.85
20836,FRENCH PAISLEY CUSHION COVER,0.83
20837,FRENCH FLORAL CUSHION COVER,0.83
20838,FRENCH LATTICE CUSHION COVER,0.85
23149,ANTIQUE IVORY WIRE BOWL SMALL,2.49
23148,MINITURE ANTIQUE ROSE HOOK IVORY,0.85
21212,PACK OF 72 RETROSPOT CAKE CASES,0.42
23164,REGENCY CAKE SLICE,4.95
84705C,PINK FLOCK PHOTO FRAME,1.25
16207B,PINK HEART RED HANDBAG,2.46
23160,REGENCY TEA SPOON,2.46
23163,REGENCY SUGAR TONGS,4.96
47013C,WINE BOTTLE DRESSING DARK BLUE,0.83
84877A,PINK ROUND COMPACT MIRROR,3.29
21792,CLASSIC FRENCH STYLE BASKET GREEN,7.46
21810,CHRISTMAS HANGING STAR WITH BELL,2.46
22071,SMALL WHITE RETROSPOT MUG IN BOX,7.46
23067,HANGING ENGRAVED METAL HEART,8.29
23162,REGENCY TEA STRAINER,7.46
84916,HAND TOWEL PALE BLUE W FLOWERS,4.95
35471D,SET OF 3 BIRD LIGHT PINK FEATHER,0.65
22167,OVAL WALL MIRROR DIAMANTE,3.95
22165,"DIAMANTE HEART SHAPED WALL MIRROR,",3.95
21624,VINTAGE UNION JACK DOORSTOP,4.95
23135,SMALL ZINC HEART WALL ORGANISER,4.95
23283,DOORMAT VINTAGE LEAVES DESIGN,6.75
84689,S/2 BEACH HUT TREASURE CHESTS,2.0
20818,GOLD TEDDY BEAR,1.25
23299,FOOD COVER WITH BEADS SET 2,3.75
23298,SPOTTY BUNTING,4.95
23161,REGENCY CAKE FORK,1.25
23160,REGENCY TEA SPOON,1.25
23070,EDWARDIAN HEART PHOTO FRAME,4.15
20839,FRENCH PAISLEY CUSHION COVER,0.85
23151,ZINC SWEETHEART SOAP DISH,2.49
22722,SET OF 6 SPICE TINS PANTRY DESIGN,4.13
22874,NUMBER TILE COTTAGE GARDEN 6,4.13
23048,SET OF 10 LANTERNS FAIRY LIGHT STAR,8.29
23153,ZINC SWEETHEART WIRE LETTER RACK,7.46
84877D,BLUE ROUND COMPACT MIRROR,3.29
84910A,PINK PAISLEY CUSHION COVER,8.29
20701,PINK CAT FLORAL CUSHION COVER,4.13
79030D,TUMBLER BAROQUE,5.79
90038C,GLASS AND BEADS BRACELET IVORY,3.73
46775D,SUNSET COLOUR CHUNKY KNITTED THROW,8.29
84926F,PSYCHEDELIC TILE COASTER,2.46
23043,PAPER LANTERN 9 POINT HOLLY STAR 40,6.25
23045,PAPER LANTERN 5 POINT STAR MOON 30,4.15
23041,PAPER LANTERN 6 POINT SNOW STAR,4.15
35599D,PINK AND WHITE CHRISTMAS TREE 120CM,2.95
22468,BABUSHKA LIGHTS STRING OF 10,5.95
20964,POLYESTER FILLER PAD 60X40CM,2.55
85116,BLACK CANDELABRA T-LIGHT HOLDER,0.65
84859C,PINK DISCO HANDBAG,1.95
84859B,BLUE DISCO HANDBAG,1.95
84919,BLUE CUSHION COVER WITH FLOWER,5.79
20856,DENIM PATCH PURSE PINK BUTTERFLY,3.29
21051,RIBBONS PURSE,4.13
23202,JUMBO BAG VINTAGE LEAF,2.08
23200,JUMBO BAG PEARS,2.08
20700,GREEN CAT FLORAL CUSHION COVER,4.13
84874B,BLUE TRAVEL FIRST AID KIT,1.63
21062,PARTY INVITES SPACEMAN,1.63
21530,DAIRY MAID TOASTRACK,3.29
23203,JUMBO BAG DOILEY PATTERNS,2.08
23147,SINGLE ANTIQUE ROSE HOOK IVORY,3.29
23209,LUNCH BAG DOILEY PATTERN,1.65
90076,MONTANA DIAMOND CLUSTER EARRINGS,2.55
23043,PAPER LANTERN 9 POINT HOLLY STAR L,6.25
23046,PAPER LANTERN 9 POINT DELUXE STAR,6.65
23047,PAPER LANTERN 5 POINT SEQUIN STAR,5.75
23044,PAPER LANTERN 9 POINT HOLLY STAR S,4.15
23044,PAPER LANTERN 9 POINT HOLLY STAR 23,4.15
23047,PAPER LANTERN 5 POINT STUDDED STAR,5.75
23299,"FOOD COVER WITH BEADS , SET 2 SIZES",3.75
90036A,FLOWER GARLAND NECKLACE RED,7.95
90130B,TURQ STONE/CRYSTAL EARRINGS,2.95
90209B,GREEN ENAMEL+GLASS HAIR COMB,2.1
85183A,CHARLIE & LOLA WASTEPAPER BIN BLUE,1.25
85183B,CHARLIE & LOLA WASTEPAPER BIN FLORA,1.25
90036C,"FLOWER GLASS GARLAND NECKL.36""BLUE",7.95
22877,NUMBER TILE COTTAGE GARDEN 9,4.13
23299,FOOD COVER WITH BEADS SET 2,7.46
23150,IVORY SWEETHEART SOAP DISH,4.96
85071B,RED CHARLIE+LOLA PERSONAL DOORSIGN,5.79
20894,HANGING BAUBLE T-LIGHT HOLDER LARGE,5.79
22402,MAGNETS PACK OF 4 VINTAGE COLLAGE,2.46
23200,JUMBO BAG PEARS,4.13
23202,JUMBO BAG VINTAGE LEAF,4.13
23203,JUMBO BAG DOILEY PATTERNS,4.13
17038,PORCELAIN BUDAH INCENSE HOLDER,0.83
85135C,RED DRAGONFLY HELICOPTER,8.29
90083,CRYSTAL CZECH CROSS PHONE CHARM,1.63
21705,BAG 500G SWIRLY MARBLES,3.29
23209,LUNCH BAG DOILEY PATTERN,4.13
22449,SILK PURSE BABUSHKA PINK,6.63
23282,FOLDING BUTTERFLY MIRROR IVORY,0.83
23280,FOLDING BUTTERFLY MIRROR HOT PINK,0.83
23190,BUNDLE OF 3 SCHOOL EXERCISE BOOKS,1.65
23191,BUNDLE OF 3 RETRO NOTE BOOKS,1.65
23192,BUNDLE OF 3 ALPHABET EXERCISE BOOKS,1.65
21263,GREEN GOOSE FEATHER TREE 60CM,1.95
21265,PINK GOOSE FEATHER TREE 60CM,1.95
21264,WHITE GOOSE FEATHER TREE 60CM,1.95
23191,BUNDLE OF 3 RETRO EXERCISE BOOKS,1.65
23175,REGENCY MILK JUG PINK,3.25
23174,REGENCY SUGAR BOWL GREEN,4.15
23173,REGENCY TEAPOT ROSES,8.15
23172,REGENCY TEA PLATE PINK,1.65
23171,REGENCY TEA PLATE GREEN,1.65
23170,REGENCY TEA PLATE ROSES,1.65
23175,REGENCY MILK JUG PINK,2.75
23174,REGENCY SUGAR BOWL GREEN,3.75
23202,JUMBO BAG VINTAGE LEAF,1.95
23200,JUMBO BAG PEARS,1.95
23203,JUMBO BAG DOILEY PATTERNS,1.95
21913,VINTAGE SEASIDE JIGSAW PUZZLES,3.39
23081,GREEN METAL BOX ARMY SUPPLIES,8.25
23084,RABBIT NIGHT LIGHT,2.08
23281,FOLDING BUTTERFLY MIRROR RED,0.83
23204,CHARLOTTE BAG APPLES DESIGN,2.46
23205,CHARLOTTE BAG VINTAGE ALPHABET,2.46
23208,LUNCH BAG VINTAGE LEAF DESIGN,4.96
84509g,SET OF 4 FAIRY CAKE PLACEMATS,7.46
23118,PARISIENNE JEWELLERY DRAWER,7.5
20772,GARDEN PATH JOURNAL,4.96
21025,SPACE FROG,2.46
84927D,LA PALMIERA TILE HOOK,4.13
23096,PETIT TRAY CHIC,1.65
23091,ZINC HERB GARDEN CONTAINER,6.25
23108,SET OF 10 LED DOLLY LIGHTS,6.25
23080,RED METAL BOX TOP SECRET,8.25
23108,SET OF 10 LED DOLLY LIGHTS,5.39
23081,GREEN METAL BOX TOP SECRET,8.25
23110,PARISIENNE KEY CABINET,5.75
23100,SILVER BELLS TABLE DECORATION,1.25
23102,SILVER HEARTS TABLE DECORATION,0.83
23061,VINTAGE ENGRAVED HEART,1.25
23082,SET 6 PAPER TABLE LANTERN HEARTS,3.75
16151A,FLOWERS HANDBAG BLUE AND ORANGE,1.25
23093,SMALL PARISIENNE HEART PHOTO FRAME,2.49
23280,FOLDING MIRROR HOT PINK,0.83
23084,RABBIT NIGHT LIGHT,1.79
23103,BELL HEART DECORATION,1.65
23068,ALUMINIUM HEART,2.49
23056,CRYSTAL CHANDELIER T-LIGHT HOLDER,6.25
23057,GEMSTONE CHANDELIER T-LIGHT HOLDER,4.95
23112,PARISIENNE CURIO CABINET,7.5
23109,LED TEA LIGHTS,2.89
21735,TWO DOOR CURIO CABINET,6.0
16244B,MAXWELL 2 TONE BLUE 60 PAGE PHOTO A,1.95
21028,NINJA RABBIT BLACK,2.46
23174,REGENCY SUGAR BOWL GREEN,8.29
23175,REGENCY MILK JUG PINK,7.46
23190,BUNDLE OF 3 SCHOOL EXERCISE BOOKS,3.29
23282,FOLDING BUTTERFLY MIRROR IVORY,2.46
23168,CLASSIC SUGAR DISPENSER,1.25
72812,LARGE ZINC GLASS CANDLEHOLDER,2.1
21128,GOLD FISHING GNOME,5.95
23169,CLASSIC GLASS SWEET JAR,4.15
23066,SMALL JEWELLERY STAND,8.25
23101,SILVER STARS TABLE DECORATION,0.83
17013D,ORIGAMI ROSE INCENSE IN TUBE,0.42
23165,LARGE CERAMIC TOP STORAGE JAR,1.65
23166,MEDIUM CERAMIC TOP STORAGE JAR,1.25
23167,SMALL CERAMIC TOP STORAGE JAR,0.83
15058A,BLUE POLKADOT GARDEN PARASOL,6.75
23089,GLASS BON BON JAR,1.65
23107,WHITE WIRE PLANT POT HOLDER,2.89
23169,CLASSIC GLASS COOKIE JAR,4.15
90039D,FIRE POLISHED GLASS BRACELET GREEN,3.75
90039B,FIRE POLISHED GLASS BRACELET MONTAN,3.75
90039A,FIRE POLISHED GLASS BRACELET RED,3.75
23168,CLASSIC CAFE SUGAR DISPENSER,1.25
23088,ZINC HEART FLOWER T-LIGHT HOLDER,2.46
23109,LED TEA LIGHTS,5.79
23170,REGENCY TEA PLATE ROSES,3.29
23171,REGENCY TEA PLATE GREEN,3.29
23172,REGENCY TEA PLATE PINK,3.29
23191,BUNDLE OF 3 RETRO NOTE BOOKS,3.29
23103,JINGLE BELL HEART DECORATION,1.65
47566B,TEA TIME PARTY BUNTING,3.75
23106,ZINC HEARTS PLANT POT HOLDER,2.89
23107,WHITE HEARTS WIRE PLANT POT HOLDER,2.89
23087,ZINC  HEART T-LIGHT HOLDER,1.25
23088,ZINC HEART FLOWER T-LIGHT HOLDER,1.25
23091,METAL HERB GERDEN CONTAINER,6.25
23106,ZINC PLANT POT HOLDER,2.89
23282,FOLDING MIRROR IVORY,0.83
23281,FOLDING MIRROR RED,0.83
23112,PARISIENNE CURIO CABINET,6.65
84706D,CHERRY BLOSSOM TABLE CLOCK,1.95
23298,"BUNTING , SPOTTY",4.95
23096,PETIT TRAY CHIC,3.29
23103,JINGLE BELL HEART DECORATION,3.29
23192,BUNDLE OF 3 ALPHABET EXERCISE BOOKS,3.29
35001G,HAND OPEN SHAPE GOLD,3.39
23083,SET 6 PAPER TABLE LANTERN STARS,3.75
23301,GARDENERS KNEELING PAD KEEP CALM,1.65
23300,GARDENERS KNEELING PAD CUP OF TEA,1.65
23091,ZINC HERB GARDEN CONTAINER,5.39
23302,KNEELING MAT HOUSEWORK  DESIGN,1.65
47574B,ENGLISH ROSE SCENTED HANGING HEART,4.25
23090,VINTAGE GLASS T-LIGHT HOLDER,0.83
23092,LARGE ANTIQUE WHITE PHOTO FRAME,7.9
23165,LARGE CERAMIC TOP STORAGE JAR,1.45
23118,PARISIENNE JEWELLERY DRAWER,6.65
23099,FRENCH CARRIAGE LANTERN,6.65
23086,ZINC  STAR T-LIGHT HOLDER,1.25
22727,ALARM CLOCK BAKELIKE RED,4.13
20657,TROPICAL LUGGAGE TAG,2.46
23070,EDWARDIAN HEART PHOTO FRAME,8.29
23084,RABBIT NIGHT LIGHT,4.13
23161,REGENCY CAKE FORK,2.46
23168,CLASSIC CAFE SUGAR DISPENSER,2.46
23280,FOLDING BUTTERFLY MIRROR HOT PINK,2.46
84931A,PINK SCOTTIE DOG W FLOWER PATTERN,4.96
90108,BLUE BLOSSOM HAIR CLIP,2.46
23166,MEDIUM CERAMIC TOP STORAGE JAR,2.46
23167,SMALL CERAMIC TOP STORAGE JAR,1.63
23300,GARDENERS KNEELING PAD CUP OF TEA,3.29
23302,KNEELING MAT HOUSEWORK  DESIGN,3.29
84922,PINK BUTTERFLY WASHBAG,8.29
84661A,WHITE SQUARE TABLE CLOCK,2.55
21534,DAIRY MAID LARGE MILK JUG,4.25
23092,LARGE ANTIQUE WHITE PHOTO FRAME,6.65
90214Y,"LETTER ""Y"" BLING KEY RING",1.25
23137,ZINC WIRE SWEETHEART LETTER TRAY,7.46
22311,OFFICE MUG WARMER BLACK+SILVER,8.29
84661a,WHITE SQUARE TABLE CLOCK,4.96
21465,PINK FLOWER CROCHET FOOD COVER,7.46
23169,CLASSIC GLASS COOKIE JAR,8.29
23301,GARDENERS KNEELING PAD KEEP CALM,3.29
22423,REGENCY CAKESTAND 3 TIER,5.0
23053,RECYCLED ACAPULCO MAT PINK,7.45
23052,RECYCLED ACAPULCO MAT TURQUOISE,7.45
23049,RECYCLED ACAPULCO MAT RED,7.45
20826,SILVER APERITIF GLASS,0.39
21015,DARK BIRD HOUSE TREE DECORATION,0.85
78124,MAGAZINE RACK GEBRA ASSORTED,1.25
84875B,GREEN SQUARE COMPACT MIRROR,1.25
37471,MULTICOLOUR POLKADOT PLATE,0.85
84970L,SINGLE HEART ZINC T-LIGHT HOLDER,0.79
85099B,JUMBO BAG RED RETROSPOT,1.79
22379,RECYCLING BAG RETROSPOT,1.85
22179,SET 10 NIGHT OWL LIGHTS,6.75
23130,MISELTOE HEART WREATH,4.15
23129,HEART SHAPED HOLLY WREATH,4.15
23131,MISELTOE HEART WREATH WHITE,4.15
90081B,LILY BROOCH WHITE/SILVER COLOUR,4.95
21026,SPACE OWL,2.46
23165,LARGE CERAMIC TOP STORAGE JAR,3.29
23281,FOLDING BUTTERFLY MIRROR RED,2.46
85032B,BLOSSOM IMAGES GIFT WRAP SET,0.65
84804B,BLUE DELPHINIUM ARTIFICIAL FLOWER,2.95
22314,OFFICE MUG WARMER CHOC+BLUE,8.29
84032A,CHARLIE+LOLA PINK HOT WATER BOTTLE,5.79
90202D,PINK ENAMEL FLOWER HAIR TIE,2.95
84984B,RED PEONY CUSHION COVER,4.65
84984A,GREEN PEONY CUSHION COVER,4.65
84952A,CLEAR LOVE BIRD T-LIGHT HOLDER,7.46
90093,CLEAR CRYSTAL STAR PHONE CHARM,0.85
90085,CRYSTAL STILETTO PHONE CHARM,0.85
85032C,CURIOUS IMAGES GIFT WRAP SET,0.65
90149,SILVER FLOWR PINK SHELL NECKLACE,7.5
90144,SILVER DROP EARRINGS WITH FLOWER,3.75
90013C,GREEN VINTAGE EARRINGS,3.75
90141B,IVORY PENDANT TRIPLE SHELL NECKLACE,4.95
23145,ZINC T-LIGHT HOLDER STARS LARGE,0.95
85034a,3 GARDENIA MORRIS BOXED CANDLES,8.29
23090,VINTAGE GLASS T-LIGHT HOLDER,1.63
23169,CLASSIC GLASS SWEET JAR,3.75
90018C,SILVER BLACK ORBIT DROP EARRINGS,4.15
23089,GLASS BON BON JAR,3.29
84658,WHITE STITCHED CUSHION COVER,8.29
90019C,SILVER BLACK ORBIT BRACELET,5.4
20702,PINK PADDED MOBILE,8.29
90041,PEARL AND CHERRY QUARTZ BRACLET,3.5
84595E,LARGE TORTILLA DESIGN RED BOWL,1.65
85103,SILVER T-LIGHT SETTING,5.95
23082,SET 6 PAPER TABLE LANTERN HEARTS,7.46
23093,SMALL PARISIENNE HEART PHOTO FRAME,4.96
23228,FILIGREE HEART BIRD WHITE,1.25
84596l,BISCUITS SMALL BOWL LIGHT BLUE,2.46
23227,FILIGREE HEART BUTTERFLY WHITE,1.25
23086,ZINC STAR T-LIGHT HOLDER,1.25
23148,MINIATURE ANTIQUE ROSE HOOK IVORY,0.85
90125E,AMBER BERTIE GLASS BEAD BAG CHARM,2.1
90125C,TURQUOISE BERTIE GLASS BEAD CHARM,2.1
90125B,AQUA BERTIE GLASS BEAD BAG CHARM,2.1
90125A,PINK BERTIE GLASS BEAD BAG CHARM,2.1
23110,PARISIENNE KEY CABINET,4.95
23080,RED METAL BOX TOP SECRET,7.5
23081,GREEN METAL BOX ARMY SUPPLIES,7.5
17012A,ORIGAMI VANILLA INCENSE/CANDLE SET,0.85
17012B,ORIGAMI JASMINE INCENSE/CANDLE SET,0.85
22222,CAKE PLATE LOVEBIRD WHITE,4.25
POST,POSTAGE,4.0
M,MANUAL,0.3
23207,LUNCH BAG ALPHABET DESIGN,4.96
23041,PAPER LANTERN 9 POINT SNOW STAR,8.29
22106,MIRROR MOSAIC HURRICANE LAMP,5.95
22268,DECORATION SITTING BUNNY,0.85
17091J,VANILLA INCENSE IN TIN,0.38
20667,CHERRY BLOSSOM PURSE,2.95
23226,FILIGREE HEART DAISY WHITE,1.25
85184C,SET 4 VALENTINE DECOUPAGE HEART BOX,5.79
22427,ENAMEL FLOWER JUG CREAM,5.97
23221,REINDEER HEART DECORATION SILVER,1.63
85169A,IVORY LOVE BIRD CANDLE,2.46
85170B,SET/6 BLACK BIRD T-LIGHT CANDLES,4.13
90037C,TINY CRYSTAL BRACELET BLUE,2.48
90053,CRACKED GLAZE EARRINGS IVORY,2.48
84206C,CHAMPAGNE TRAY BLANK CARD,0.19
23214,JINGLE BELL HEART ANTIQUE GOLD,2.08
23215,JINGLE BELL HEART ANTIQUE SILVER,2.08
90208,PAIR OF PINK FLOWER CLUSTER SLIDE,2.55
M,MANUAL,3.95
22083,PAPER CHAIN KIT RETROSPOT,3.29
22085,PAPER CHAIN KIT SKULLS,5.79
22438,BALLOON ART MAKE YOUR OWN FLOWERS,4.13
70007,HI TEC ALPINE HAND WARMER,3.29
90129C,GREEN GLASS TASSLE BAG CHARM,1.63
21089,SET/6 GREEN SPRING PAPER CUPS,1.63
22346,PARTY PIZZA DISH GREEN POLKADOT,1.63
22876,NUMBER TILE COTTAGE GARDEN 8,4.13
23151,ZINC SWEETHEART SOAP DISH,4.96
23226,FILIGREE HEART DAISY WHITE,2.46
82482,WOODEN PICTURE FRAME WHITE FINISH,5.79
90131,PINK/AMETHYST/GOLD NECKLACE,7.07
23214,JINGLE BELL HEART ANTIQUE GOLD,4.13
44234,ASSORTED CIRCULAR MOBILE,1.63
85214,TUB 24 PINK FLOWER PEGS,3.29
20977,36 PENCILS TUBE WOODLAND,2.46
22343,PARTY PIZZA DISH RED RETROSPOT,1.63
22345,PARTY PIZZA DISH BLUE POLKADOT,1.63
23210,WHITE ROCKING HORSE HAND PAINTED,1.25
23213,STAR WREATH DECORATION WITH BELL,1.25
23212,HEART WREATH DECORATION WITH BELL,1.25
23219,LAUREL STAR ANTIQUE SILVER,1.25
23224,CHERUB HEART DECORATION GOLD,0.83
23221,REINDEER HEART DECORATION SILVER,0.83
23083,SET 6 PAPER TABLE LANTERN STARS,3.29
23082,SET 6 PAPER TABLE LANTERN HEARTS,3.29
23090,VINTAGE GLASS T-LIGHT HOLDER,0.72
23100,SILVER BELLS TABLE DECORATION,1.04
23101,SILVER STARS TABLE DECORATION,0.72
23109,LED TEA LIGHTS,2.49
23102,SILVER HEARTS TABLE DECORATION,0.72
23106,ZINC HEARTS PLANT POT HOLDER,2.49
23103,JINGLE BELL HEART DECORATION,1.45
23107,WHITE HEARTS WIRE PLANT POT HOLDER,2.49
23145,ZINC T-LIGHT HOLDER STAR LARGE,0.79
23162,REGENCY TEA STRAINER,3.29
23160,REGENCY TEA SPOON,1.04
23163,REGENCY SUGAR TONGS,2.08
23144,ZINC T-LIGHT HOLDER STARS SMALL,0.72
23161,REGENCY CAKE FORK,1.04
23164,REGENCY CAKE SLICE,4.15
23171,REGENCY TEA PLATE GREEN,1.45
23169,CLASSIC GLASS COOKIE JAR,3.75
23172,REGENCY TEA PLATE PINK,1.45
23170,REGENCY TEA PLATE ROSES,1.45
23211,RED ROCKING HORSE HAND PAINTED,1.04
23214,JINGLE BELL HEART ANTIQUE GOLD,1.79
23212,HEART WREATH DECORATION WITH BELL,1.04
23215,JINGLE BELL HEART ANTIQUE SILVER,1.79
23210,WHITE ROCKING HORSE HAND PAINTED,1.04
23213,STAR WREATH DECORATION WITH BELL,1.04
23216,LAUREL HEART ANTIQUE GOLD,1.04
23217,LAUREL HEART ANTIQUE SILVER,1.04
23225,CHERUB HEART DECORATION SILVER,0.72
23226,FILIGREE HEART DAISY WHITE,1.04
23301,GARDENERS KNEELING PAD KEEP CALM,1.45
23227,FILIGREE HEART BUTTERFLY WHITE,1.04
23302,KNEELING MAT HOUSEWORK  DESIGN,1.45
23228,FILIGREE HEART BIRD WHITE,1.04
23300,GARDENERS KNEELING PAD CUP OF TEA,1.45
20657,TROPICAL LUGGAGE TAG,1.06
85095,THREE CANVAS LUGGAGE TAGS,1.65
20866,BLUE ROSE FABRIC MIRROR,1.06
20867,PINK ROSE FABRIC MIRROR,1.06
21643,ASSORTED TUTTI FRUTTI MIRROR,1.06
84050,PINK HEART SHAPE EGG FRYING PAN,1.45
84527,FLAMES SUNGLASSES PINK LENSES,1.65
22439,6 ROCKET BALLOONS,0.55
22435,SET OF 9 HEART SHAPED BALLOONS,1.06
22437,SET OF 9 BLACK SKULL BALLOONS,0.72
21025,SPACE FROG,1.06
21026,SPACE OWL,1.06
84549,CROCHET WHITE RABBIT KEYRING,1.45
23155,KNICKERBOCKERGLORY MAGNET ASSORTED,0.72
22535,MAGIC DRAWING SLATE BUNNIES,0.36
23209,LUNCH BAG DOILEY PATTERN,1.45
84660a,WHITE STITCHED WALL CLOCK,7.46
21721,CANDY SHOP  STICKER SHEET,1.63
21098,CHRISTMAS TOILET ROLL,3.29
90115,SUMMER BUTTERFLIES BAG CHARM,2.55
23263,SET OF 3 WOODEN HEART DECORATIONS,1.25
23045,PAPER LANTERN 5 POINT STAR MOON,4.15
23309,SET OF 60 I LOVE LONDON CAKE CASES,0.55
72586,SET OF 6 HALLOWEEN GHOST T-LIGHTS,0.42
90185D,CRYSTAL DIAMANTE EXPANDABLE RING,4.15
22305,COFFEE MUG PINK PAISLEY DESIGN,4.96
23228,FILIGREE HEART BIRD WHITE,2.46
84674,FLYING PIG WATERING CAN,5.79
22730,ALARM CLOCK BAKELIKE IVORY,3.39
22727,ALARM CLOCK BAKELIKE RED,3.39
22898,CHILDRENS APRON APPLES DESIGN,1.65
15056BL,EDWARDIAN PARASOL BLACK,1.95
15056N,EDWARDIAN PARASOL NATURAL,1.95
85014B,RED RETROSPOT UMBRELLA,4.95
22798,ANTIQUE GLASS DRESSING TABLE POT,2.55
22057,CERAMIC PLATE STRAWBERRY DESIGN,1.25
22897,OVEN MITT APPLES DESIGN,1.25
22894,TABLECLOTH RED APPLES DESIGN,8.15
23054,RECYCLED ACAPULCO MAT LAVENDER,7.45
23051,RECYCLED ACAPULCO MAT BLUE,7.45
23050,RECYCLED ACAPULCO MAT GREEN,7.45
23099,FRENCH CARRIAGE LANTERN,5.75
22853,CAT BOWL VINTAGE CREAM,2.75
22852,DOG BOWL VINTAGE CREAM,3.75
23057,BEADED CHANDELIER T-LIGHT HOLDER,4.15
22825,DECORATIVE PLANT POT WITH FRIEZE,6.75
23270,SET OF 2 CERAMIC PAINTED HEARTS,1.45
90206C,CRYSTAL DIAMANTE STAR BROOCH,4.95
90206A,GOLD DIAMANTE STAR BROOCH,4.95
20996,JAZZ HEARTS ADDRESS BOOK,0.19
85213,MINI  ZINC GARDEN DECORATIONS,0.29
23307,SET OF 60 PANTRY DESIGN CAKE CASES,0.55
23100,SILVER BELLS TABLE DECORATION,2.46
47578A,ENGLISH ROSE SMALL SCENTED FLOWER,1.63
22501,PICNIC BASKET WICKER LARGE,3.0
23306,SET OF 36 DOILIES PANTRY DESIGN,1.45
20932,PINK POT PLANT CANDLE,2.95
85212,MINI PAINTED GARDEN DECORATION,0.29
23308,SET OF 60 VINTAGE LEAF CAKE CASES,0.55
23273,HEART T-LIGHT HOLDER WILLIE WINKIE,1.65
23274,STAR T-LIGHT HOLDER WILLIE WINKIE,1.65
47574A,ENGLISH ROSE SCENTED HANGING FLOWER,0.75
21382,SET/4 SPRING FLOWER DECORATION,0.75
21993,FLORAL FOLK STATIONERY SET,1.25
21992,VINTAGE PAISLEY STATIONERY SET,1.25
16048,TEATIME ROUND PENCIL SHARPENER,0.12
16052,TEATIME PUSH DOWN RUBBER,0.19
85184C,SET 4 VALENTINE DECOUPAGE HEART BOX,2.95
85032D,YULETIDE IMAGES GIFT WRAP SET,0.65
20992,JAZZ HEARTS PURSE NOTEBOOK,0.39
75172,PAINTED SEA SHELL METAL WINDCHIME,0.79
84422,PINK/BLUE DISC/MIRROR STRING,0.39
21371,MIRRORED WALL ART POPPIES,0.75
21365,MIRRORED WALL ART STARS,0.75
21374,MIRRORED WALL ART SKULLS,1.25
20984,12 PENCILS TALL TUBE POSY,0.29
21391,FRENCH LAVENDER SCENT HEART,0.75
21990,MODERN FLORAL STATIONERY SET,1.25
21991,BOHEMIAN COLLAGE STATIONERY SET,1.25
85032A,ROMANTIC IMAGES GIFT WRAP SET,0.65
22208,WOOD STAMP SET THANK YOU,0.83
22232,JIGSAW TOADSTOOLS 3 PIECE,0.59
22231,JIGSAW TREE WITH BIRDHOUSE,0.59
84944,SET OF 6 KASHMIR FOLKART BAUBLES,1.65
23075,PARLOUR CERAMIC WALL HOOK,8.29
90025E,BAROQUE BUTTERFLY EARRINGS MONTANA,3.73
23275,SET OF 3 HANGING OWLS OLLIE BEAK,1.25
35818P,"ACRYLIC JEWEL ICICLE, PINK",0.38
22986,WRAP GINGHAM ROSE,0.42
17012C,ORIGAMI LAVENDER INCENSE/CANDL SET,0.85
21373,MIRRORED WALL ART SNOWFLAKES,0.75
22209,WOOD STAMP SET HAPPY BIRTHDAY,0.83
22161,HEART DECORATION RUSTIC HANGING,0.19
35471D,SET OF 3 BIRD LIGHT PINK FEATHER,0.39
16043,POP ART PUSH DOWN RUBBER,0.12
22269,EGG CUP NATURAL CHICKEN,0.39
90214E,"LETTER ""E"" BLING KEY RING",1.25
16218,CARTOON  PENCIL SHARPENERS,0.06
16216,LETTER SHAPE PENCIL SHARPENER,0.06
21636,MADRAS NOTEBOOK MEDIUM,0.75
90102,WHITE FRANGIPANI HAIR CLIP,0.85
23240,SET OF 4 KNICK KNACK TINS DOILEY,4.15
22230,JIGSAW TREE WITH WATERING CAN,0.29
22342,HOME GARLAND PAINTED ZINC,0.75
22266,EASTER DECORATION HANGING BUNNY,0.19
21386,IVORY HANGING DECORATION  EGG,0.19
22210,WOOD STAMP SET BEST WISHES,0.83
51014L,"FEATHER PEN,LIGHT PINK",0.39
23238,SET OF 4 KNICK KNACK TINS LONDON,4.15
22211,WOOD STAMP SET FLOWERS,0.83
POST,POSTAGE,5.15
21634,ASSORTED MINI MADRAS NOTEBOOK,0.39
51014A,"FEATHER PEN,HOT PINK",0.39
21658,GLASS  BEURRE DISH,3.75
22692,DOORMAT WELCOME TO OUR HOME,8.29
20903,VINTAGE KEEPSAKE BOX TRAVELOGUE,4.13
20980,36 PENCILS TUBE POSY,0.83
23138,SINGLE WIRE HOOK IVORY HEART,3.29
23139,SINGLE WIRE HOOK PINK HEART,3.29
23227,FILIGREE HEART BUTTERFLY WHITE,2.46
23309,SET OF 60 I LOVE LONDON CAKE CASES,1.25
23061,VINTAGE EMBOSSED HEART,2.46
23107,WHITE HEARTS WIRE PLANT POT HOLDER,5.79
23275,SET OF 3 HANGING OWLS OLLIE BEAK,2.46
23307,SET OF 60 PANTRY DESIGN CAKE CASES,1.25
35653,VINTAGE BEAD NOTEBOOK,2.46
35916A,YELLOW FELT HANGING HEART W FLOWER,0.63
35916B,BLUE FELT HANGING HEART WITH FLOWER,0.63
71143,SILVER BOOK MARK WITH BEADS,0.83
84944,SET OF 6 KASHMIR FOLKART BAUBLES,3.29
20898,VINTAGE NOTEBOOK TRAVELOGUE,2.46
20901,VINTAGE KEEPSAKE BOX PINK FLOWER,4.13
22268,DECORATION SITTING BUNNY,0.63
22269,EGG CUP NATURAL CHICKEN,0.83
23308,SET OF 60 VINTAGE LEAF CAKE CASES,1.25
51014A,"FEATHER PEN,HOT PINK",0.83
51014C,"FEATHER PEN,COAL BLACK",0.83
85086A,CANDY SPOT HEART DECORATION,0.83
10133,COLOURING PENCILS BROWN TUBE,0.83
23243,SET OF TEA COFFEE SUGAR TINS PANTRY,4.15
84865,NEW BAROQUE BLACK PHOTO ALBUM,2.95
84661B,BLACK SQUARE TABLE CLOCK,2.55
84415B,BLUE FLOCK CUSHION COVER,1.25
84415A,PINK FLOCK SUEDE CUSHION COVER,1.25
15058B,PINK POLKADOT GARDEN PARASOL,6.75
16016,LARGE CHINESE STYLE SCISSOR,0.72
16015,MEDIUM CHINESE STYLE SCISSOR,0.36
16014,SMALL CHINESE STYLE SCISSOR,0.32
23245,SET OF 3 REGENCY CAKE TINS,4.95
23239,SET OF 4 KNICK KNACK TINS POPPIES,4.15
23236,DOILEY STORAGE TIN,2.89
23235,STORAGE TIN VINTAGE LEAF,2.89
23241,TREASURE TIN GYMKHANA DESIGN,2.08
23242,TREASURE TIN BUFFALO BILL,2.08
23243,SET OF TEA COFFEE SUGAR TINS PANTRY,4.95
23247,BISCUIT TIN 50'S CHRISTMAS,2.89
23216,LAUREL HEART ANTIQUE GOLD,1.25
23244,ROUND STORAGE TIN VINTAGE LEAF,1.95
23237,SET OF 4 KNICK KNACK TINS LEAVES,4.15
22950,36 DOILIES VINTAGE CHRISTMAS,1.45
51014C,"FEATHER PEN,COAL BLACK",0.39
23178,JAM CLOCK MAGNET,5.79
82613a,"METAL SIGN,CUPCAKE SINGLE HOOK",2.46
82613b,"METAL SIGN,CUPCAKE SINGLE HOOK",2.46
82613c,"METAL SIGN,CUPCAKE SINGLE HOOK",2.46
23237,SET OF 4 KNICK KNACK TINS LEAVES,3.75
35923,CANDY HEART HANGING DECORATION,0.39
16020C,CLEAR STATIONERY BOX SET,0.83
16219,HOUSE SHAPE PENCIL SHARPENER,0.83
20664,TROPICAL HOLIDAY PURSE,2.46
20666,ECONOMY HOLIDAY PURSE,2.46
20667,CHERRY BLOSSOM PURSE,2.46
20902,VINTAGE KEEPSAKE BOX PARIS DAYS,4.13
23068,ALUMINIUM STAMPED HEART,4.96
23306,SET OF 36 DOILIES PANTRY DESIGN,2.92
35916C,PINK FELT HANGING HEART W FLOWER,0.63
90054,CRACKED GLAZE EARRINGS RED,2.48
35966,FOLKART CHRISTMAS TREE T-LIGHT HOLD,0.38
23244,STORAGE TIN VINTAGE LEAF,1.95
23245,SET OF 3 REGENCY CAKE TINS,4.15
20868,SILVER FABRIC MIRROR,0.39
20869,GOLD FABRIC MIRROR,0.39
20713,JUMBO BAG OWLS,2.08
23321,SMALL WHITE HEART OF WICKER,1.69
23236,DOILEY BISCUIT TIN,2.89
90214L,"LETTER ""L"" BLING KEY RING",1.25
90214N,"LETTER ""N"" BLING KEY RING",1.25
90214H,"LETTER ""H"" BLING KEY RING",1.25
23220,REINDEER HEART DECORATION GOLD,0.83
90116,FRUIT SALAD BAG CHARM,1.69
23263,SET OF 3 WOODEN HEART DECORATIONS,2.5
23264,SET OF 3 WOODEN SLEIGH DECORATIONS,2.5
23265,SET OF 3 WOODEN TREE DECORATIONS,2.5
23266,SET OF 3 WOODEN STOCKING DECORATION,2.5
20661,BLUE POLKADOT PURSE,2.46
20897,VINTAGE NOTEBOOK PARIS DAYS,2.46
85032A,ROMANTIC IMAGES GIFT WRAP SET,1.63
85032B,BLOSSOM IMAGES GIFT WRAP SET,1.63
85032C,CURIOUS IMAGES GIFT WRAP SET,1.63
84820,DANISH ROSE TRINKET TRAYS,4.65
21372,MIRRORED WALL ART TABLE LAMP,0.75
23079,TOADSTOOL BEDSIDE LIGHT,8.25
21635,MADRAS NOTEBOOK LARGE,1.25
22228,BUNNY WOODEN PAINTED WITH BIRD,0.39
22229,BUNNY WOODEN PAINTED WITH FLOWER,0.39
22286,DECORATION WOBBLY RABBIT METAL,0.39
22233,JIGSAW RABBIT AND BIRDHOUSE,0.59
21373,MIRRORED WALL ART SNOWFLAKES,5.79
21700,BIG DOUGHNUT FRIDGE MAGNETS,1.38
22810,SET OF 6 T-LIGHTS SNOWMEN,5.79
23060,HEART BEADED TRELLIS DECORATION,4.13
23152,IVORY SWEETHEART WIRE LETTER RACK,7.46
23155,KNICKERBOCKERGLORY MAGNET ASSORTED,1.38
84944,SET OF 6 KASHMIR FOLKART BAUBLES,0.55
90123D,WHITE HEART OF GLASS BRACELET,5.82
35970,ZINC FOLKART SLEIGH BELLS,1.69
23266,SET OF 3 WOODEN STOCKING DECORATION,1.25
23265,SET OF 3 WOODEN TREE DECORATIONS,1.25
23264,SET OF 3 WOODEN SLEIGH DECORATIONS,1.25
23269,SET OF 2 CERAMIC CHRISTMAS TREES,1.45
23268,SET OF 2 CERAMIC CHRISTMAS REINDEER,1.45
23252,VINTAGE RED ENAMEL TRIM JUG,3.75
23322,LARGE WHITE HEART OF WICKER,2.95
22197,POPCORN HOLDER,0.85
77079,DOLPHIN WINDMILL,2.12
23286,BLUE VINTAGE SPOT BEAKER,0.85
23338,EGG FRYING PAN RED,2.08
23285,PINK VINTAGE SPOT BEAKER,0.85
23288,GREEN VINTAGE SPOT BEAKER,0.85
22287,DECORATION WOBBLY CHICKEN,0.39
23211,RED ROCKING HORSE HAND PAINTED,1.25
20901,VINTAGE KEEPSAKE BOX PINK FLOWER,6.35
22268,DECORATION SITTING BUNNY,0.19
21209,MULTICOLOUR HONEYCOMB FAN,0.39
POST,POSTAGE,3.3
POST,POSTAGE,2.02
37462E,"PET MUG, GOLDFISH",0.19
23343,JUMBO BAG VINTAGE CHRISTMAS,2.08
47310M,SMALL POP BOX FUNKY MONKEY,1.25
M,MANUAL,4.25
22588,CARD HOLDER GINGHAM HEART,2.89
22596,CHRISTMAS STAR WISH LIST CHALKBOARD,1.25
90036B,"FLOWER GLASS GARLAND NECKL.36""GREEN",7.95
90079,VINTAGE ENAMEL & CRYSTAL NECKLACE,4.95
90001A,ANTIQUE RASPBERRY FLOWER EARRINGS,4.25
90001D,ANTIQUE OLIVE GREEN FLOWER EARRINGS,4.25
90001B,ANTIQUE MID BLUE FLOWER EARRINGS,4.25
90190B,GOLD/AMBER DROP EARRINGS W LEAF,2.95
90190A,SILVER/CRYSTAL DROP EARRINGS W LEAF,2.95
90187B,GREEN DROP EARRINGS W BEAD CLUSTER,3.35
22469,HEART OF WICKER SMALL,1.63
23238,SET OF 4 KNICK KNACK TINS LONDON,8.29
23241,TREASURE TIN GYMKHANA DESIGN,4.13
23310,BUBBLEGUM RING ASSORTED,0.83
84877B,GREEN ROUND COMPACT MIRROR,7.46
23271,CHRISTMAS TABLE CANDLE SILVER SPIKE,0.83
23335,EGG FRYING PAN IVORY,2.08
23339,EGG FRYING PAN BLUE,2.08
23336,EGG FRYING PAN PINK,2.08
23337,EGG FRYING PAN MINT,2.08
23292,SPACE BOY CHILDRENS CUP,1.25
23291,DOLLY GIRL CHILDRENS CUP,1.25
23289,DOLLY GIRL CHILDRENS BOWL,1.25
23290,SPACEBOY CHILDRENS BOWL,1.25
23287,RED VINTAGE SPOT BEAKER,0.85
20997,ROSE DU SUD CUSHION COVER,4.95
23188,VINTAGE  2 METER FOLDING RULER,1.65
23235,BISCUIT TIN VINTAGE LEAF,2.89
23244,CANNISTER VINTAGE LEAF DESIGN,1.95
23251,VINTAGE RED ENAMEL TRIM MUG,1.25
23249,VINTAGE RED ENAMEL TRIM PLATE,1.65
23250,VINTAGE RED TRIM ENAMEL BOWL,1.25
23234,BISCUIT TIN VINTAGE CHRISTMAS,2.89
23012,GLASS APOTHECARY BOTTLE PERFUME,3.95
23014,GLASS APOTHECARY BOTTLE ELIXIR,3.95
23035,DRAWER KNOB CERAMIC IVORY,1.45
84551,CROCHET DOG KEYRING,1.65
23012,GLASS APOTHECARY BOTTLE PERFUME,3.45
23014,GLASS APOTHECARY BOTTLE ELIXIR,3.45
23229,VINTAGE DONKEY TAIL GAME,3.75
23032,DRAWER KNOB CRACKLE GLAZE IVORY,1.65
23028,DRAWER KNOB CRACKLE GLAZE BLUE,1.65
23031,DRAWER KNOB CRACKLE GLAZE PINK,1.65
23029,DRAWER KNOB CRACKLE GLAZE GREEN,1.65
23033,DRAWER KNOB CERAMIC RED,1.45
23034,DRAWER KNOB CERAMIC BLACK,1.45
23013,GLASS APOTHECARY BOTTLE TONIC,3.95
22667,RECIPE BOX RETROSPOT,5.79
22812,PACK 3 BOXES CHRISTMAS PANNETONE,4.13
23210,WHITE ROCKING HORSE HAND PAINTED,2.5
23235,STORAGE TIN VINTAGE LEAF,5.79
23236,DOILEY STORAGE TIN,5.79
23237,SET OF 4 KNICK KNACK TINS LEAVES,8.29
23240,SET OF 4 KNICK KNACK TINS DOILEY,8.29
23242,TREASURE TIN BUFFALO BILL,4.13
23249,VINTAGE RED ENAMEL TRIM PLATE,3.29
23250,VINTAGE RED TRIM ENAMEL BOWL,2.46
23251,VINTAGE RED ENAMEL TRIM MUG,2.46
23289,DOLLY GIRL CHILDRENS BOWL,2.46
23291,DOLLY GIRL CHILDRENS CUP,2.46
51014L,"FEATHER PEN,LIGHT PINK",0.83
85231G,ORANGE SCENTED SET/9 T-LIGHTS,1.63
22512,DOORSTOP RACING CAR DESIGN,7.46
23087,ZINC  HEART T-LIGHT HOLDER,2.46
23252,VINTAGE RED ENAMEL TRIM JUG,7.46
23290,SPACEBOY CHILDRENS BOWL,2.46
23292,SPACE BOY CHILDRENS CUP,2.46
85177,BASKET OF FLOWERS SEWING KIT,1.63
21849,SILVER DIAMANTE PEN IN GIFT BOX,8.29
22197,POPCORN HOLDER,1.63
22231,JIGSAW TREE WITH BIRDHOUSE,3.29
21288,STRIPEY CHOCOLATE NESTING BOXES,5.79
23321,SMALL WHITE HEART OF WICKER,1.65
21208,PASTEL COLOUR HONEYCOMB FAN,0.39
23173,REGENCY TEAPOT ROSES,8.0
16254,TRANSPARENT ACRYLIC TAPE DISPENSER,0.85
21584,RETROSPOT SMALL TUBE MATCHES,1.45
23344,JUMBO BAG 50'S CHRISTMAS,2.08
21367,MIRRORED WALL ART GENTS,0.75
22610,PENS ASSORTED FUNNY FACE,0.19
22363,GLASS JAR MARMALADE,2.55
21369,MIRRORED WALL ART SPLODGES,1.25
23344,JUMBO BAG 50'S CHRISTMAS,4.13
79030D,TUMBLER BAROQUE,0.97
21194,PINK  HONEYCOMB PAPER FAN,0.65
22734,SET OF 6 RIBBONS VINTAGE CHRISTMAS,2.89
22267,EASTER DECORATION EGG BUNNY,0.39
23187,FRENCH STYLE STORAGE JAR BONBONS,0.28
23186,FRENCH STYLE STORAGE JAR CAFE,0.28
23185,FRENCH STYLE STORAGE JAR JAM,0.28
21368,MIRRORED WALL ART LADIES,0.75
21311,SET/4 BIRD MIRROR MAGNETS,3.29
22495,SET OF 2 ROUND TINS CAMEMBERT,5.79
22950,36 DOILIES VINTAGE CHRISTMAS,2.92
23188,VINTAGE  2 METER FOLDING RULER,3.29
23322,LARGE WHITE HEART OF WICKER,5.83
23336,EGG FRYING PAN PINK,4.13
23337,EGG FRYING PAN MINT,4.13
47369B,BLUE GREEN EMBROIDERY COSMETIC BAG,5.79
23016,GLASS TWIST BON BON JAR,6.65
23013,GLASS APOTHECARY BOTTLE TONIC,3.45
23119,PACK OF 6 LARGE FRUIT STRAWS,0.62
23292,SPACEBOY CHILDRENS CUP,1.25
23015,CORDIAL GLASS JUG,8.25
23123,COCKTAIL SWORDS 50 PIECES,0.83
23122,PARTY CHARMS 50 PIECES,0.83
16259,PIECE OF CAMO STATIONERY SET,0.08
23120,PACK OF 6 SMALL FRUIT STRAWS,0.42
23121,PACK OF 6 COCKTAIL PARASOL STRAWS,0.42
20616,CHERRY BLOSSOM PASSPORT COVER,0.75
23124,18PC WOODEN CUTLERY SET DISPOSABLE,1.25
23125,6PC WOOD PLATE SET DISPOSABLE,1.25
23039,T-LIGHT HOLDER SILVER HEART HANDLE,1.95
75011,BLUE DAISY MOBILE,0.79
23021,GLASS BONNE JAM JAR,8.29
23028,DRAWER KNOB CRACKLE GLAZE BLUE,3.29
23031,DRAWER KNOB CRACKLE GLAZE PINK,3.29
23211,RED ROCKING HORSE HAND PAINTED,2.5
23212,HEART WREATH DECORATION WITH BELL,2.5
23292,SPACEBOY CHILDRENS CUP,2.46
84876B,GREEN HEART COMPACT MIRROR,1.25
20615,BLUE POLKADOT PASSPORT COVER,0.75
21807,WHITE CHRISTMAS STAR DECORATION,0.83
23102,SILVER HEARTS TABLE DECORATION,2.46
23285,PINK VINTAGE SPOT BEAKER,1.63
23286,BLUE VINTAGE SPOT BEAKER,1.63
23287,RED VINTAGE SPOT BEAKER,1.63
23288,GREEN VINTAGE SPOT BEAKER,1.63
23322,LARGE WHITE HEART OF WICKER,5.79
35965,FOLKART HEART NAPKIN RINGS,0.55
37327,ASSTD MULTICOLOUR CIRCLES MUG,0.97
23005,TRAVEL CARD WALLET I LOVE LONDON,0.83
23119,PACK OF 6 LARGE FRUIT STRAWS,1.25
37467,PIG MUG IN TWO COLOUR DESIGNS,2.06
23022,SMALL BONNE JAM JAR  T-LIGHT HOLDER,2.08
23023,RIDGED BONNE JAM JAR T-LIGHT HOLDER,1.65
22558,CLOTHES PEGS RETROSPOT PACK 24,1.45
23019,SMALL APOTHECARY MEASURING JAR,8.25
72369A,PINK CLEAR GLASS CANDLE PLATE,1.25
23032,DRAWER KNOB CRACKLE GLAZE IVORY,3.29
23121,PACK OF 6 COCKTAIL PARASOL STRAWS,1.25
23321,SMALL WHITE HEART OF WICKER,3.29
21684,SMALL MEDINA STAMPED METAL BOWL,2.46
22598,CHRISTMAS MUSICAL ZINC TREE,1.63
22599,CHRISTMAS MUSICAL ZINC STAR,1.63
16225,RATTLE SNAKE EGGS,3.29
23124,18PC WOODEN CUTLERY SET DISPOSABLE,2.46
23343,JUMBO BAG VINTAGE CHRISTMAS,4.13
22088,PAPER BUNTING COLOURED LACE,2.55
23272,TREE T-LIGHT HOLDER WILLIE WINKIE,1.65
23036,T-LIGHT HOLDER SILVER PETIT FOUR,1.25
23021,GLASS BONNE JAM JAR,4.15
23232,WRAP VINTAGE LEAF DESIGN,0.42
85204,HANGING WOOD AND FELT FLOWER,0.12
23198,PANTRY MAGNETIC  SHOPPING LIST,1.45
POST,POSTAGE,3.01
23027,DRAWER KNOB VINTAGE GLASS HEXAGON,2.08
23016,GLASS TWIST BON BON JAR,7.85
23024,LARGE BONNE JAM JAR  T-LIGHT HOLDER,2.89
23225,CHERUB HEART DECORATION SILVER,0.83
23217,LAUREL HEART ANTIQUE SILVER,1.25
23223,CHRISTMAS TREE HANGING SILVER,0.83
23222,CHRISTMAS TREE HANGING GOLD,0.83
23197,SKETCHBOOK MAGNETIC SHOPPING LIST,1.45
23196,RETRO LEAVES MAGNETIC NOTEPAD,1.45
22687,DOORMAT CHRISTMAS VILLAGE,7.95
23267,SET OF 4 SANTA PLACE SETTINGS,1.25
22591,CARDHOLDER GINGHAM CHRISTMAS TREE,3.25
22153,ANGEL DECORATION STARS ON DRESS,0.83
22588,CARD HOLDER GINGHAM HEART,5.79
23024,LARGE BONNE JAM JAR  T-LIGHT HOLDER,5.79
23220,REINDEER HEART DECORATION GOLD,1.63
23268,SET OF 2 CERAMIC CHRISTMAS REINDEER,2.92
23269,SET OF 2 CERAMIC CHRISTMAS TREES,2.92
71495B,CD WALL TIDY RED FLOWERS,0.83
23323,WHITE WICKER STAR,2.1
23196,RETO LEAVES MAGNETIC SHOPPING LIST,1.45
23198,PANTRY MAGNETIC  SHOPPING LIST,1.25
22483,RED GINGHAM TEDDY BEAR,2.55
23037,CANDLE HOLDER SILVER MADELINE,1.65
23197,VEGETABLE MAGNETIC  SHOPPING LIST,1.45
21739,COSY SLIPPER SHOES SMALL GREEN,5.79
21823,PAINTED METAL HEART WITH HOLLY BELL,2.92
23014,GLASS APOTHECARY BOTTLE ELIXIR,8.29
23335,EGG FRYING PAN IVORY,4.13
17012F,ORIGAMI SANDLEWOOD INCENSE/CAND SET,0.85
90176D,DIAMANTE NECKLACE PURPLE,7.5
23032,DOORKNOB CRACKED GLAZE IVORY,1.65
23031,DOORKNOB CRACKED GLAZE PINK,1.65
23029,DOORKNOB CRACKED GLAZE GREEN,1.65
23028,DOORKNOB CRACKED GLAZE BLUE,1.65
23025,DRAWER KNOB VINTAGE GLASS BALL,2.08
23026,DRAWER KNOB VINTAGE GLASS STAR,2.08
21983,PACK OF 12 BLUE PAISLEY TISSUES,0.79
22923,FRIDGE MAGNETS LES ENFANTS ASSORTED,1.8
37340,MULTICOLOUR SPRING FLOWER MUG,1.38
82483,WOOD 2 DRAWER CABINET WHITE FINISH,6.89
21261,GREEN GOOSE FEATHER CHRISTMAS TREE,2.95
20665,RED RETROSPOT PURSE,2.46
21062,PARTY INVITES SPACEMAN,0.83
21382,SET/4 SPRING FLOWER DECORATION,1.63
21429,RED GINGHAM ROSE JEWELLERY BOX,4.13
21467,CHERRY CROCHET FOOD COVER,3.29
21846,PINK DIAMANTE PEN IN GIFT BOX,2.46
22250,DECORATION  BUTTERFLY  MAGIC GARDEN,0.83
22251,BIRDHOUSE DECORATION MAGIC GARDEN,0.83
22329,ROUND CONTAINER SET OF 5 RETROSPOT,1.63
22609,PENS ASSORTED SPACEBALL,0.42
22610,PENS ASSORTED FUNNY FACE,0.42
23122,PARTY CHARMS 50 PIECES,1.67
23123,COCKTAIL SWORDS 50 PIECES,1.67
23125,6PC WOOD PLATE SET DISPOSABLE,2.46
23223,CHRISTMAS TREE HANGING SILVER,1.63
82613A,"METAL SIGN,CUPCAKE SINGLE HOOK",2.46
82613D,METAL SIGN CUPCAKE SINGLE HOOK,2.46
84638,SMALL KITCHEN FLOWER POTS PLAQUE,5.79
85176,SEWING SUSAN 21 NEEDLE SET,0.79
23019,SMALL APOTHECARY MEASURING JAR,7.45
23027,DRAWER KNOB VINTAGE GLASS HEXAGON,4.13
22124,SET OF 2 TEA TOWELS PING MICROWAVE,2.95
21714,CITRONELLA CANDLE GARDEN POT,3.29
22935,BAKING MOULD ROSE MILK CHOCOLATE,2.75
84991,60 TEATIME FAIRY CAKE CASES,0.42
22417,PACK OF 60 SPACEBOY CAKE CASES,0.42
22993,SET OF 4 PANTRY JELLY MOULDS,1.06
71143,SILVER BOOK MARK WITH BEADS,0.85
23323,WHITE WICKER STAR,4.13
35923,CANDY HEART HANGING DECORATION,0.83
35924,HANGING FAIRY CAKE DECORATION,1.63
35968,FOLK ART METAL HEART T-LIGHT HOLDER,1.63
44234,ASSORTED CIRCULAR MOBILE,0.63
47369A,PINK GREEN EMBROIDERY COSMETIC BAG,1.63
47369B,BLUE GREEN EMBROIDERY COSMETIC BAG,1.63
47580,TEA TIME DES TEA COSY,2.46
84522,PINK PARTY SUNGLASSES,1.63
84527,FLAMES SUNGLASSES PINK LENSES,1.63
84558A,3D DOG PICTURE PLAYING CARDS,2.29
84559A,3D SHEET OF DOG STICKERS,0.79
84584,PINK GINGHAM CAT WITH SCARF,1.63
84673A,PINK FLY SWAT,0.79
84673B,BLUE FLY SWAT,0.79
84746,PINK EASTER HENS+FLOWER,2.46
84813,SET OF 4 DIAMOND NAPKIN RINGS,5.79
84859A,SILVER DISCO HANDBAG,4.13
84876B,GREEN HEART COMPACT MIRROR,2.46
84877B,GREEN ROUND COMPACT MIRROR,2.46
84920,PINK FLOWER FABRIC PONY,3.29
84926E,FLOWERS TILE COASTER,2.46
85177,BASKET OF FLOWERS SEWING KIT,0.79
85178,VICTORIAN SEWING KIT,0.79
85194S,HANGING SPRING FLOWER EGG SMALL,0.63
85208,SET/12 FUNKY FELT FLOWER PEG IN BAG,1.63
85214,TUB 24 PINK FLOWER PEGS,1.63
90003D,CRYSTAL PAIR HEART HAIR SLIDES,3.73
20622,VIP PASSPORT COVER,1.63
20768,GREEN FERN JOURNAL,2.46
20769,DAISY JOURNAL,2.46
20771,CHRYSANTHEMUM  JOURNAL,2.46
20772,GARDEN PATH JOURNAL,2.46
20819,SILVER TEDDY BEAR,7.46
20986,BLUE CALCULATOR RULER,0.83
20992,JAZZ HEARTS PURSE NOTEBOOK,0.83
21058,PARTY INVITES WOODLAND,0.83
21059,PARTY INVITES DINOSAURS,0.83
21060,PARTY INVITES BALLOON GIRL,0.83
21061,PARTY INVITES FOOTBALL,0.83
21063,PARTY INVITES JAZZ HEARTS,0.83
21197,MULTICOLOUR  CONFETTI IN TUBE,0.83
21198,WHITE HEART CONFETTI IN TUBE,0.83
21199,PINK  HEART CONFETTI IN TUBE,0.83
21204,DAISIES  HONEYCOMB GARLAND,1.63
21206,STRAWBERRY HONEYCOMB  GARLAND,1.63
21211,SET OF 72 SKULL PAPER  DOILIES,1.25
21366,MIRRORED WALL ART PHOTO FRAMES,3.29
21383,PACK OF 12 STICKY BUNNIES,0.83
21389,IVORY HANGING DECORATION  BIRD,0.83
21391,FRENCH LAVENDER SCENT HEART,1.63
21466,RED FLOWER CROCHET FOOD COVER,3.29
21468,BUTTERFLY CROCHET FOOD COVER,3.29
21469,POLKA DOT RAFFIA FOOD COVER,3.29
21528,DAIRY MAID TRADITIONAL TEAPOT,5.79
21576,LETS GO SHOPPING COTTON TOTE BAG,1.63
21577,SAVE THE PLANET COTTON TOTE BAG,1.63
21579,LOLITA  DESIGN  COTTON TOTE BAG,1.63
21580,RABBIT  DESIGN  COTTON TOTE BAG,1.63
21581,SKULLS  DESIGN  COTTON TOTE BAG,1.63
22228,BUNNY WOODEN PAINTED WITH BIRD,0.83
22229,BUNNY WOODEN PAINTED WITH FLOWER,0.83
22232,JIGSAW TOADSTOOLS 3 PIECE,1.25
22233,JIGSAW RABBIT AND BIRDHOUSE,1.25
22246,MAGIC GARDEN FELT GARLAND,1.63
22247,BUNNY DECORATION MAGIC GARDEN,0.83
22248,DECORATION  PINK CHICK MAGIC GARDEN,0.83
22249,DECORATION WHITE CHICK MAGIC GARDEN,0.83
90141C,TURQ PENDANT TRIPLE SHELL NECKLACE,5.4
90179A,AMBER FINE BEAD NECKLACE W TASSEL,5.82
90188,DROP EARRINGS W FLOWER & LEAF,2.48
90210C,RED   ACRYLIC FACETED BANGLE,2.9
85111,SILVER GLITTER FLOWER VOTIVE HOLDER,0.29
22286,DECORATION WOBBLY RABBIT METAL,1.25
22287,DECORATION WOBBLY CHICKEN,1.25
22291,HANGING CHICK CREAM DECORATION,1.25
22292,HANGING CHICK  YELLOW DECORATION,1.25
22293,HANGING CHICK GREEN DECORATION,1.25
22322,BIRD DECORATION GREEN POLKADOT,0.83
22351,DOTCOMGIFTSHOP TEA TOWEL,3.29
22357,KINGS CHOICE BISCUIT TIN,4.13
22358,KINGS CHOICE TEA CADDY,2.46
22416,SET OF 36 DOILIES SPACEBOY DESIGN,1.25
22498,WOODEN REGATTA BUNTING,4.96
22608,PENS ASSORTED FUNKY JEWELED,0.42
22651,GENTLEMAN SHIRT REPAIR KIT,0.79
22663,JUMBO BAG DOLLY GIRL DESIGN,2.46
22701,PINK DOG BOWL,2.46
22703,PINK CAT BOWL,1.63
22723,SET OF 6 HERB TINS SKETCHBOOK,3.29
22752,SET 7 BABUSHKA NESTING BOXES,8.29
22785,SQUARECUSHION COVER PINK UNION JACK,7.46
22807,SET OF 6 T-LIGHTS TOADSTOOLS,2.46
22811,SET OF 6 T-LIGHTS CACTI,2.46
22891,TEA FOR ONE POLKADOT,4.13
22953,BIRTHDAY PARTY CORDON BARRIER TAPE,0.83
22954,HEN PARTY CORDON BARRIER TAPE,0.83
22955,36 FOIL STAR CAKE CASES,2.46
22956,36 FOIL HEART CAKE CASES,2.46
23012,GLASS APOTHECARY BOTTLE PERFUME,8.29
23035,DRAWER KNOB CERAMIC IVORY,3.29
21625,VINTAGE UNION JACK APRON,4.13
21711,FOLDING UMBRELLA WHITE/RED POLKADOT,3.29
21715,GIRLS VINTAGE TIN SEASIDE BUCKET,2.46
21716,BOYS VINTAGE TIN SEASIDE BUCKET,2.46
21719,LOVELY BONBON STICKER SHEET,0.79
21722,SWEET PUDDING STICKER SHEET,0.83
21723,ALPHABET HEARTS STICKER SHEET,0.79
21724,PANDA AND BUNNIES STICKER SHEET,0.79
21788,KIDS RAIN MAC BLUE,0.79
21789,KIDS RAIN MAC PINK,0.79
21849,SILVER DIAMANTE PEN IN GIFT BOX,2.46
21850,BLUE  DIAMANTE PEN IN GIFT BOX,2.46
21851,LILAC DIAMANTE PEN IN GIFT BOX,2.46
21864,UNION JACK FLAG PASSPORT COVER,1.63
21899,GARAGE KEY FOB,1.63
21942,SKULLS DESIGN FLANNEL,0.83
21943,CAKES AND RABBITS DESIGN FLANNEL,0.83
21944,KITTENS DESIGN FLANNEL,0.83
21945,STRAWBERRIES  DESIGN FLANNEL,0.83
21946,PARTY TIME DESIGN FLANNEL,0.83
21972,SET OF 36 DINOSAUR PAPER DOILIES,1.25
22085,PAPER CHAIN KIT SKULLS,2.46
22203,MILK PAN RED RETROSPOT,3.29
23120,PACK OF 6 SMALL FRUIT STRAWS,0.79
23140,TRIPLE WIRE HOOK IVORY HEART,4.13
23196,RETRO LEAVES MAGNETIC NOTEPAD,3.29
23197,SKETCHBOOK MAGNETIC SHOPPING LIST,3.29
23198,PANTRY MAGNETIC  SHOPPING LIST,3.29
23239,SET OF 4 KNICK KNACK TINS POPPIES,8.29
23264,SET OF 3 WOODEN SLEIGH DECORATIONS,2.46
23270,SET OF 2 CERAMIC PAINTED HEARTS,2.92
21226,POCKET MIRROR WOODLAND,0.83
21327,SKULLS WRITING SET,0.83
21328,BALLOONS  WRITING SET,0.83
21329,DINOSAURS  WRITING SET,0.83
21465,PINK FLOWER CROCHET FOOD COVER,3.29
21578,WOODLAND DESIGN  COTTON TOTE BAG,1.63
22230,JIGSAW TREE WITH WATERING CAN,0.83
22231,JIGSAW TREE WITH BIRDHOUSE,1.25
22499,WOODEN UNION JACK BUNTING,4.96
22559,SEASIDE FLYING DISC,0.83
22653,BUTTON BOX,1.63
22820,GIFT BAG BIRTHDAY,0.42
22821,GIFT BAG PSYCHEDELIC APPLES,0.42
22945,CHRISTMAS METAL TAGS ASSORTED,1.8
23141,TRIPLE WIRE HOOK PINK HEART,4.13
85019A,ROMANTIC IMAGES NOTEBOOK SET,2.46
85019B,BLOSSOM  IMAGES NOTEBOOK SET,2.46
90199A,5 STRAND GLASS NECKLACE BLACK,6.23
11001,ASSTD DESIGN RACING CAR PEN,0.83
10080,GROOVY CACTUS INFLATABLE,0.39
23214,BELL HEART ANTIQUE GOLD,2.08
22115,METAL SIGN EMPIRE TEA,0.79
21179,NO JUNK MAIL METAL SIGN,0.39
21905,MORE BUTTER METAL SIGN,0.79
22999,TRAVEL CARD WALLET VINTAGE LEAF,0.42
84746,PINK EASTER HENS+FLOWER,3.75
79062D,"RETRO TIN ASHTRAY,REVOLUTIONARY",0.29
23196,LEAVES MAGNETIC  SHOPPING LIST,1.45
47504K,ENGLISH ROSE GARDEN SECATEURS,0.79
21163,DO NOT TOUCH MY STUFF DOOR HANGER,0.39
20622,VIP PASSPORT COVER,2.1
22096,PINK PAISLEY SQUARE TISSUE BOX,0.39
22098,BOUDOIR SQUARE TISSUE BOX,0.39
22095,LADS ONLY TISSUE BOX,0.39
23186,FRENCH STYLE STORAGE JAR CAFE,0.29
22097,SWALLOW SQUARE TISSUE BOX,0.39
22099,CARAVAN SQUARE TISSUE BOX,0.39
21899,GARAGE KEY FOB,0.65
85130D,BEADED CRYSTAL HEART PINK LARGE,0.79
35265,COLOURFUL FLOWER FRUIT BOWL,1.0
21359,RELAX LARGE WOOD LETTERS,3.95
16218,CARTOON  PENCIL SHARPENERS,0.42
23265,SET OF 3 WOODEN TREE DECORATIONS,2.46
23318,BOX OF 6 MINI VINTAGE CRACKERS,4.96
37340,MULTICOLOUR SPRING FLOWER MUG,0.69
21471,STRAWBERRY RAFFIA FOOD COVER,3.29
20670,VIP HOLIDAY PURSE,2.46
90025F,BAROQUE BUTTERFLY EARRINGS CRYSTAL,3.73
90164A,PINK ROSEBUD PEARL BRACELET,7.48
21135,VICTORIAN  METAL POSTCARD SPRING,1.04
72802a,ROSE SCENT CANDLE IN JEWELLED BOX,8.29
21642,ASSORTED TUTTI FRUTTI PEN,0.29
22402,MAGNETS PACK OF 4 VINTAGE COLLAGE,0.39
22403,MAGNETS PACK OF 4 VINTAGE LABELS,0.39
37479P,CUBIC MUG FLOCK PINK ON BROWN,0.97
21306,SET/4 DAISY MIRROR MAGNETS,0.29
21311,SET/4 BIRD MIRROR MAGNETS,0.29
21307,SET/4 BUTTERFLY MIRROR MAGNETS,0.29
81952B,ROUND BLUE CLOCK WITH SUCKER,0.19
81952V,ROUND PURPLE CLOCK WITH SUCKER,0.19
81950V,FLOWER PURPLE CLOCK WITH SUCKER,0.29
81950B,FLOWER BLUE CLOCK WITH SUCKER,0.29
22400,MAGNETS PACK OF 4 HOME SWEET HOME,0.39
22398,MAGNETS PACK OF 4 SWALLOWS,0.39
22396,MAGNETS PACK OF 4 RETRO PHOTO,0.39
22091,EMPIRE TISSUE BOX,0.39
84660A,WHITE STITCHED WALL CLOCK,0.79
84663A,GRASS HOPPER WOODEN WALL CLOCK,0.79
84660B,BLACK STITCHED WALL CLOCK,0.79
84660C,PINK STITCHED WALL CLOCK,0.79
84629,WHITE 3 FRAME BIRDS AND TREE,4.95
84686,BEACH HUT MIRROR,0.79
23237,SET OF 4 KNICK KNACK TINS LEAF,4.15
23320,GIANT 50'S CHRISTMAS CRACKER,2.89
22092,BLUE PAISLEY TISSUE BOX,0.39
23029,DRAWER KNOB CRACKLE GLAZE GREEN,3.29
23083,SET 6 PAPER TABLE LANTERN STARS,7.46
84927E,FLOWERS TILE HOOK,4.13
84875B,GREEN SQUARE COMPACT MIRROR,2.46
85095,THREE CANVAS LUGGAGE TAGS,0.83
90029,NEW BAROQUE SMALL NECKLACE BLACK,8.32
90145,SILVER HOOP EARRINGS WITH FLOWER,6.23
20752,BLUE POLKADOT WASHING UP GLOVES,2.46
20767,BLUE PAISLEY JOURNAL,2.46
21136,PAINTED METAL PEARS ASSORTED,1.04
21470,FLOWER VINE RAFFIA FOOD COVER,3.29
21534,DAIRY MAID LARGE MILK JUG,4.13
21867,PINK UNION JACK  LUGGAGE TAG,0.83
16216,LETTER SHAPE PENCIL SHARPENER,0.42
20617,FIRST CLASS PASSPORT COVER,0.83
20666,ECONOMY HOLIDAY PURSE,0.83
22278,OVERNIGHT BAG VINTAGE ROSE PAISLEY,4.13
22596,CHRISTMAS STAR WISH LIST CHALKBOARD,2.46
22721,SET OF 3 CAKE TINS SKETCHBOOK,4.13
23086,ZINC  STAR T-LIGHT HOLDER,2.46
23263,SET OF 3 WOODEN HEART DECORATIONS,2.46
23271,CHRISTMAS TABLE SILVER CANDLE SPIKE,1.63
72128,COLUMBIAN CANDLE ROUND,1.63
21865,PINK UNION JACK  PASSPORT COVER,0.83
21866,UNION JACK FLAG LUGGAGE TAG,0.83
22199,FRYING PAN RED RETROSPOT,4.13
22201,FRYING PAN BLUE POLKADOT,4.13
22277,COSMETIC BAG VINTAGE ROSE PAISLEY,1.63
23234,BISCUIT TIN VINTAGE CHRISTMAS,5.79
23247,BISCUIT TIN 50'S CHRISTMAS,5.79
20669,RED HEART LUGGAGE TAG,0.83
90210D,PURPLE ACRYLIC FACETED BANGLE,2.9
85071B,RED CHARLIE+LOLA PERSONAL DOORSIGN,0.39
84927E,FLOWERS TILE HOOK,0.39
84926D,LA PALMIERA TILE COASTER,0.29
23574,PACKING CHARGE,7.5
22094,RED RETROSPOT TISSUE BOX,0.39
21162,TOXIC AREA  DOOR HANGER,0.39
21158,MOODY GIRL DOOR HANGER,0.39
16008,SMALL FOLDING SCISSOR(POINTED EDGE),0.12
23196,VINTAGE LEAF MAGNETIC NOTEPAD,1.45
22311,OFFICE MUG WARMER BLACK+SILVER,2.55
23229,DONKEY TAIL GAME,3.75
84926F,PSYCHEDELIC TILE COASTER,0.29
22733,3D TRADITIONAL CHRISTMAS STICKERS,2.46
90011C,GREEN CRYSTAL DROP EARRINGS,2.9
90026C,GLASS BEAD HOOP NECKLACE GREEN,8.32
20936,FORKED CACTUS CANDLE,5.79
21648,ASSORTED TUTTI FRUTTI SMALL PURSE,2.46
21847,GREEN  DIAMANTE PEN IN GIFT BOX,2.46
23219,LAUREL STAR ANTIQUE SILVER,2.5
16219,HOUSE SHAPE PENCIL SHARPENER,0.06
84929,ASSTD FRUIT+FLOWERS FRIDGE MAGNETS,0.19
85211,S/4 GROOVY CAT MAGNETS,0.79
85071A,BLUE CHARLIE+LOLA PERSONAL DOORSIGN,0.39
85071D,CHARLIE+LOLA MY ROOM DOOR SIGN,0.39
85071C,"CHARLIE+LOLA""EXTREMELY BUSY"" SIGN",0.39
22116,METAL SIGN HIS DINNER IS SERVED,0.79
23318,BOX OF 6 MINI VINTAGE CRACKERS,2.49
23319,BOX OF 6 MINI 50'S CRACKERS,2.49
72811,SMALL ZINC/GLASS CANDLEHOLDER,1.49
21906,PHARMACIE FIRST AID TIN,5.95
84925F,PSYCHEDELIC WALL THERMOMETER,0.79
23033,DRAWER KNOB CERAMIC RED,3.29
23229,VINTAGE DONKEY TAIL GAME,7.46
23273,HEART T-LIGHT HOLDER WILLIE WINKIE,3.29
22337,ANGEL DECORATION PAINTED ZINC,1.25
23136,IVORY WIRE SWEETHEART LETTER TRAY,7.46
23196,VINTAGE LEAF MAGNETIC NOTEPAD,3.29
90043,COPPER AND BRASS BAG CHARM,4.95
90049,IVORY GOLD METAL BAG CHARM,4.95
90046,WHITE WITH METAL BAG CHARM,4.95
90048,GREEN WITH METAL BAG CHARM,4.95
44236,PINK/PURPLE CIRCLE CURTAIN,0.79
23283,DOORMAT VINTAGE LEAF,6.75
21650,ASSORTED TUTTI FRUTTI BRACELET,0.19
84926A,WAKE UP COCKEREL TILE COASTER,0.29
22093,MOTORING TISSUE BOX,0.39
84926E,FLOWERS TILE COASTER,0.29
21159,MOODY BOY  DOOR HANGER,0.39
DOT,DOTCOM POSTAGE,3.29
72807c,SET/3 VANILLA SCENTED CANDLE IN BOX,8.29
M,MANUAL,0.79
22940,FELTCRAFT CHRISTMAS FAIRY,8.29
23026,DRAWER KNOB VINTAGE GLASS STAR,4.13
84725,FREESTYLE CANVAS ART PICTURE,0.75
20832,RED FLOCK LOVE HEART PHOTO FRAME,0.39
84706F,RED PEONY TABLE CLOCK,2.95
85130C,BEADED CRYSTAL HEART BLUE  LARGE,0.79
23283,DOORMAT VINTAGE LEAF,7.95
44242A,LILAC FEATHERS CURTAIN,0.79
84818,DANISH ROSE PHOTO FRAME,0.79
35645,VINTAGE BEAD PINK JEWEL BOX,4.25
84927D,LA PALMIERA TILE HOOK,0.39
84927A,WAKE UP COCKEREL TILE HOOK,0.39
85130B,BEADED CRYSTAL HEART GREEN LARGE,0.79
23038,T-LIGHT HOLDER SILVER SAUCER,0.83
21485,RETROSPOT HEART HOT WATER BOTTLE,4.96
22179,SET 10 NIGHT OWL LIGHTS,5.79
22449,SILK PURSE BABUSHKA PINK,2.46
22476,EMPIRE UNION JACK TV DINNER TRAY,4.96
22505,MEMO BOARD COTTAGE DESIGN,5.79
20685,DOORMAT RED RETROSPOT,8.29
47310M,SMALL POP BOX FUNKY MONKEY,3.29
47567B,TEA TIME KITCHEN APRON,5.79
23316,RED REFECTORY CLOCK,8.15
21067,VINTAGE RED TEATIME MUG,1.06
20733,GOLD MINI TAPE MEASURE,1.63
85036a,GARDENIA 1 WICK MORRIS BOXED CANDLE,8.29
22952,60 CAKE CASES VINTAGE CHRISTMAS,2.08
23028,DRAWER KNOB CRACKLE GLAZE BLUE,4.13
23313,VINTAGE CHRISTMAS BUNTING,4.95
21372,MIRRORED WALL ART TABLE LAMP,2.46
71143,ANTIQUE SILVER BOOK MARK WITH BEADS,0.83
84876D,BLUE HEART COMPACT MIRROR,7.46
90003B,ROSE COLOUR PAIR HEART HAIR SLIDES,3.73
90067B,BROWN VINTAGE VICTORIAN EARRINGS,2.9
22732,3D VINTAGE CHRISTMAS STICKERS,2.46
47503H,ASS FLORAL PRINT SPIRIT LEVEL,0.79
21641,ASSORTED TUTTI FRUTTI KEYRING BALL,0.29
84924F,PSYCHEDELIC METAL SIGN CALENDAR,0.79
23296,SET OF 6 TEA TIME BAKING CASES,1.25
23294,SET OF 6 SNACK LOAF BAKING CASES,0.83
23297,SET 40 HEART SHAPE PETIT FOUR CASES,1.65
84927F,PSYCHEDELIC TILE HOOK,0.39
81953B,ROUND BLUE CLOCK WITH SUCKER,0.19
81953P,ROUND ARTICULATED PINK CLOCK W/SUCK,0.19
23187,FRENCH STYLE STORAGE JAR BONBONS,0.29
23185,FRENCH STYLE STORAGE JAR JAM,0.29
90214I,"LETTER ""I"" BLING KEY RING",1.25
23293,SET OF 12 FAIRY CAKE BAKING CASES,0.83
15056BL,EDWARDIAN PARASOL BLACK,4.25
15056P,EDWARDIAN PARASOL PINK,4.6
22100,SKULLS SQUARE TISSUE BOX,0.39
90038B,GLASS AND PAINTED BEADS BRACELET OL,3.73
90125A,PINK BERTIE GLASS BEAD BAG CHARM,4.13
90125B,AQUA BERTIE GLASS BEAD BAG CHARM,4.13
90179C,BLACK FINE BEAD NECKLACE W TASSEL,5.82
23295,SET OF 12 MINI LOAF BAKING CASES,0.83
23252,ENAMEL JUG PANTRY,3.75
23250,ENAMEL BOWL PANTRY,1.25
23251,ENAMEL MUG PANTRY,1.25
23311,VINTAGE CHRISTMAS STOCKING,2.55
47504H,ENGLISH ROSE SPIRIT LEVEL,0.79
23025,DRAWER KNOB VINTAGE GLASS BALL,4.13
23266,SET OF 3 WOODEN STOCKING DECORATION,2.46
23311,VINTAGE CHRISTMAS STOCKING,4.96
22306,SILVER MUG BONE CHINA TREE OF LIFE,1.25
90126C,AMBER BERTIE MOBILE PHONE CHARM,3.29
90127A,PINK BEADS+HAND PHONE CHARM,2.46
22137,BATHROOM SET LOVE HEART DESIGN,5.79
23244,ROUND STORAGE TIN VINTAGE LEAF,4.13
23293,SET OF 12 FAIRY CAKE BAKING CASES,2.46
23295,SET OF 12 MINI LOAF BAKING CASES,2.46
23296,SET OF 6 TEA TIME BAKING CASES,3.29
17012D,ORIGAMI ROSE INCENSE/CANDLE SET,0.85
84976,RECTANGULAR SHAPED MIRROR,0.79
23109,PACK OF SIX LED TEA LIGHTS,2.89
23312,VINTAGE CHRISTMAS GIFT SACK,4.15
90030C,BROWN KUKUI COCONUT SEED NECKLACE,1.0
90030B,RED KUKUI COCONUT SEED NECKLACE,1.0
90031,BILI NUT AND WOOD NECKLACE,1.0
90030A,SPOTTED WHITE NATURAL SEED NECKLACE,1.0
90101,WHITE FRANGIPANI NECKLACE,2.55
90103,PURPLE FRANGIPANI NECKLACE,2.55
90141D,ROSE PENDANT TRIPLE SHELL NECKLACE,4.95
90141E,ORANGE PENDANT TRIPLE SHELL NECKLAC,4.95
23550,WRAP ALPHABET POSTER,0.42
23341,PINK DINER WALL CLOCK,7.65
22689,DOORMAT MERRY CHRISTMAS RED,6.75
37491D,PURPLE/BLUE CERAMIC CANDLE HOLDER,1.65
37491B,BLUE/YELLOW CERAMIC CANDLE HOLDER,1.65
37491C,GREEN/BLUE CERAMIC CANDLE HOLDER,1.65
85106,CUT GLASS HEXAGON T-LIGHT HOLDER,4.13
90129D,AMBER GLASS TASSLE BAG CHARM,1.63
16254,TRANSPARENT ACRYLIC TAPE DISPENSER,1.63
23013,GLASS APOTHECARY BOTTLE TONIC,8.29
23294,SET OF 6 SNACK LOAF BAKING CASES,2.46
90011E,AMBER CRYSTAL DROP EARRINGS,2.9
90018B,GOLD M.O.P ORBIT DROP EARRINGS,4.15
90177D,DROP DIAMANTE EARRINGS PURPLE,2.9
90182A,AMBER 3 BEAD DROP EARRINGS,2.9
84402B,PURPLE DRESS JEWELLERY STAND,0.79
23549,WRAP BIRD GARDEN,0.42
23546,WRAP PAISLEY PARK,0.42
16162M,THE KING GIFT BAG 25X24X12CM,0.42
23168,CLASSIC CAFE SUGAR DISPENSER,3.29
20969,RED FLORAL FELTCRAFT SHOULDER BAG,3.39
20970,PINK FLORAL FELTCRAFT SHOULDER BAG,3.39
20717,STRAWBERRY SHOPPER BAG,1.06
22989,SET 2 PANTRY DESIGN TEA TOWELS,2.75
22905,CALENDAR IN SEASON DESIGN,2.55
22902,TOTE BAG I LOVE LONDON,1.69
22179,SET 10 NIGHT OWL LIGHTS,5.95
22625,RED KITCHEN SCALES,6.0
82484,WOOD BLACK BOARD ANT WHITE FINISH,4.8
23135,SMALL ZINC HEART WALL ORGANISER,3.32
23134,LARGE ZINC HEART WALL ORGANISER,5.88
22507,MEMO BOARD RETROSPOT  DESIGN,3.91
22189,CREAM HEART CARD HOLDER,2.31
22188,BLACK HEART CARD HOLDER,2.31
22171,3 HOOK PHOTO SHELF ANTIQUE WHITE,5.88
84732D,CUTE RABBIT CEATURE SCREEN,0.39
84732B,CUTE BIRD CEATURE SCREEN,0.39
23545,WRAP RED DOILEY,0.42
23547,WRAP FLOWER SHOP,0.42
23548,WRAP MAGIC FOREST,0.42
DOT,DOTCOM POSTAGE,0.35
90050,CRACKED GLAZE NECKLACE IVORY,7.07
90130A,WHITE STONE/CRYSTAL EARRINGS,2.9
20982,12 PENCILS TALL TUBE SKULLS,1.63
23215,JINGLE BELL HEART ANTIQUE SILVER,4.13
20983,12 PENCILS TALL TUBE RED RETROSPOT,1.63
21698,MOCK LOBSTER FRIDGE MAGNET,0.39
35637A,IVORY STRING CURTAIN WITH POLE,1.95
35637C,PINK STRING CURTAIN WITH POLE,1.95
84387A,BIRD ON BRANCH CANVAS SCREEN,1.95
84723,CHERRY BLOSSOM CANVAS ART PICTURE,1.95
23216,LAUREL HEART ANTIQUE GOLD,1.06
23219,LAUREL STAR ANTIQUE SILVER,1.04
23218,LAUREL STAR ANTIQUE GOLD,1.04
23224,CHERUB HEART DECORATION GOLD,0.72
23239,SET OF 4 KNICK KNACK TINS POPPIES,3.75
23263,SET OF 3 WOODEN HEART DECORATIONS,1.04
23270,SET OF 2 CERAMIC PAINTED HEARTS,1.25
23273,HEART T-LIGHT HOLDER WILLIE WINKIE,1.45
23274,STAR T-LIGHT HOLDER WILLIE WINKIE,1.45
23295,SET OF 12 MINI LOAF BAKING CASES,0.72
23293,SET OF 12 FAIRY CAKE BAKING CASES,0.72
23307,SET OF 60 PANTRY DESIGN CAKE CASES,0.42
23294,SET OF 6 SNACK LOAF BAKING CASES,0.72
23297,SET 40 HEART SHAPE PETIT FOUR CASES,1.45
23308,SET OF 60 VINTAGE LEAF CAKE CASES,0.42
23317,BLUE REFECTORY CLOCK,8.15
23322,LARGE WHITE HEART OF WICKER,2.55
23323,WHITE WICKER STAR,1.85
23321,SMALL WHITE HEART OF WICKER,1.45
23089,GLASS BON BON JAR,1.45
21733,RED HANGING HEART T-LIGHT HOLDER,2.55
23039,T-LIGHT HOLDER SILVER HEART HANDLE,1.65
23088,ZINC HEART FLOWER T-LIGHT HOLDER,1.04
23087,ZINC  HEART T-LIGHT HOLDER,1.04
23037,CANDLE HOLDER SILVER MADELINE,1.45
22792,FLUTED ANTIQUE CANDLE HOLDER,0.72
85053,FRENCH ENAMEL CANDLEHOLDER,1.69
22457,NATURAL SLATE HEART CHALKBOARD,2.55
22771,CLEAR DRAWER KNOB ACRYLIC EDWARDIAN,1.04
23026,DRAWER KNOB VINTAGE GLASS STAR,1.79
23034,DRAWER KNOB CERAMIC BLACK,1.25
23035,DRAWER KNOB CERAMIC IVORY,1.25
23033,DRAWER KNOB CERAMIC RED,1.25
23068,ALUMINIUM STAMPED HEART,2.08
21175,GIN + TONIC DIET METAL SIGN,2.08
22948,METAL DECORATION NAUGHTY CHILDREN,0.72
79144B,PAINTED LIGHTBULB STAR+ MOON,0.37
79144C,PAINTED LIGHTBULB RAINBOW DESIGN,0.37
84360,TABLE LAMP WHITE SHADE WOOD BASE,4.65
22489,PACK OF 12 TRADITIONAL CRAYONS,0.36
22491,PACK OF 12 COLOURED PENCILS,0.72
22561,WOODEN SCHOOL COLOURING SET,1.45
23235,BISCUIT TIN VINTAGE LEAF,2.49
16169E,WRAP 50'S  CHRISTMAS,0.42
84857B,BLUE MONTE CARLO HANDBAG,1.95
35638B,PINK/BLUE STRING CURTAIN,1.95
23225,CHERUB HEART DECORATION SILVER,1.63
90079,VINTAGE ENAMEL & CRYSTAL NECKLACE,4.98
21809,CHRISTMAS HANGING TREE WITH BELL,2.46
22924,FRIDGE MAGNETS LA VIE EN ROSE,1.8
23217,LAUREL HEART ANTIQUE SILVER,2.5
POST,POSTAGE,2.9
23346,SPACEBOY BEAKER,1.25
23345,DOLLY GIRL BEAKER,1.25
23347,I LOVE LONDON BEAKER,1.25
85194S,HANGING SPRING FLOWER EGG SMALL,0.19
21846,PINK DIAMANTE PEN IN GIFT BOX,8.29
22470,HEART OF WICKER LARGE,3.29
46118,FUNKY MONKEY CUSHION COVER,4.13
85039B,S/4 IVORY MINI ROSE CANDLE IN BOWL,0.83
DCGSSBOY,BOYS PARTY BAG,1.25
DCGSSGIRL,GIRLS PARTY BAG,1.25
90024C,NEW BAROQUE B'FLY NECKLACE GREEN,8.32
90027D,GLASS BEAD HOOP EARRINGS AMETHYST,3.32
22638,SET OF 4 NAPKIN CHARMS CROWNS,4.96
23297,SET 40 HEART SHAPE PETIT FOUR CASES,3.29
47566,PARTY BUNTING,5.79
84927F,PSYCHEDELIC TILE HOOK,4.13
DOT,DOTCOM POSTAGE,6.58
85034B,3 WHITE CHOC MORRIS BOXED CANDLES,8.29
90128A,PINK LEAVES AND BEADS PHONE CHARM,2.46
23347,I LOVE LONDON BEAKER,2.46
85184C,SET 4 VALENTINE DECOUPAGE HEART BOX,2.55
21383,PACK OF 12 STICKY BUNNIES,1.25
23109,PACK OF SIX LED TEA LIGHTS,5.79
23034,DRAWER KNOB CERAMIC BLACK,3.29
23312,VINTAGE CHRISTMAS GIFT SACK,8.29
23346,SPACEBOY BEAKER,2.46
84984D,ORIENTAL RED CUSHION COVER,4.65
23315,IVORY REFECTORY CLOCK,8.15
23106,ZINC HEARTS PLANT POT HOLDER,5.79
85179C,PINK BITTY LIGHT CHAIN,4.65
23197,VEGETABLE MAGNETIC  SHOPPING LIST,1.25
23149,ANTIQUE IVORY WIRE BOWL SMALL,4.96
23345,DOLLY GIRL BEAKER,2.46
79336,LIGHT PINK FLOCK GLASS CANDLEHOLDER,0.38
22407,MONEY BOX FIRST AID DESIGN,1.25
M,MANUAL,4.95
21332,MOROCCAN BEATEN METAL MIRROR,3.95
M,MANUAL,0.08
84731,3 BIRDS CANVAS SCREEN,0.39
22637,PIGGY BANK RETROSPOT,2.1
21844,RED RETROSPOT MUG,2.55
20914,SET/5 RED RETROSPOT LID GLASS BOWLS,2.55
23340,VINTAGE CHRISTMAS CAKE FRILL,1.65
21287,SCENTED VELVET LOUNGE CANDLE,0.38
35650,VINTAGE BEAD PINK JEWEL STAND,4.95
90019B,GOLD M.O.P ORBIT BRACELET,4.95
23360,SET 8 CANDLES VINTAGE DOILEY,1.95
23359,SET OF 12 T-LIGHTS VINTAGE DOILEY,1.95
85038,6 CHOCOLATE LOVE HEART T-LIGHTS,1.85
15056N,EDWARDIAN PARASOL NATURAL,4.95
23373,VINTAGE CHRISTMAS PAPER GIFT BAG,0.82
23436,GIFT BAG LARGE VINTAGE CHRISTMAS,1.25
23353,6 GIFT TAGS VINTAGE CHRISTMAS,0.83
23354,6 GIFT TAGS 50'S CHRISTMAS,0.83
20725,LUNCH BAG RED RETROSPOT,8.33
35970,ZINC FOLKART SLEIGH BELLS,8.33
72134,COLUMBIAN  CUBE CANDLE,1.63
82483,WOOD 2 DRAWER CABINET WHITE FINISH,7.46
84926D,LA PALMIERA TILE COASTER,2.46
21188,3D HEARTS  HONEYCOMB PAPER GARLAND,2.55
23190,BUNDLE OF 3 SCHOOL EXERCISE BOOKS,1.45
22659,LUNCH BOX I LOVE LONDON,1.65
21561,DINOSAUR LUNCH BOX WITH CUTLERY,2.1
23438,RED SPOT GIFT BAG LARGE,1.25
84341B,SMALL PINK MAGIC CHRISTMAS TREE,0.38
23319,BOX OF 6 MINI 50'S CRACKERS,4.96
23349,ROLL WRAP VINTAGE CHRISTMAS,1.25
23350,ROLL WRAP VINTAGE SPOT,1.25
23374,RED SPOT PAPER GIFT BAG,0.82
23438,GIFT BAG LARGE SPOT,1.25
23236,STORAGE TIN VINTAGE DOILEY,5.79
22096,PINK PAISLEY SQUARE TISSUE BOX,2.46
22948,METAL DECORATION NAUGHTY CHILDREN,1.66
23203,JUMBO BAG VINTAGE DOILEY,4.13
23209,LUNCH BAG VINTAGE DOILEY,4.13
23203,JUMBO BAG VINTAGE DOILEY,2.08
22939,ADULT APRON APPLE DELIGHT,4.95
23240,SET OF 4 KNICK KNACK TINS DOILY,4.15
23324,RUSTIC STRAWBERRY JAMPOT LARGE,2.08
90209A,PURPLE ENAMEL+GLASS HAIR COMB,2.1
23203,JUMBO BAG VINTAGE DOILY,2.08
23209,LUNCH BAG VINTAGE DOILY,1.65
23360,SET 8 CANDLES VINTAGE DOILY,1.95
23236,STORAGE TIN VINTAGE DOILY,2.89
23332,IVORY WICKER HEART LARGE,1.65
23329,DECORATIVE WICKER HEART LARGE,1.65
44235,ASSORTED COLOURED CIRCLE MOBILE,0.42
90013A,MIDNIGHT BLUE VINTAGE EARRINGS,3.75
23330,DECORATIVE WICKER HEART MEDIUM,1.25
23329,DECORATIVE WICKER HEART LARGE,1.45
23332,IVORY WICKER HEART LARGE,1.45
23333,IVORY WICKER HEART MEDIUM,1.04
23204,CHARLOTTE BAG APPLES DESIGN,0.72
23203,JUMBO BAG VINTAGE DOILY,4.13
23209,LUNCH BAG VINTAGE DOILY,4.13
23245,SET OF 3 REGENCY CAKE TINS,5.79
23039,T-LIGHT HOLDER SILVER HEART HANDLE,4.13
23328,SET 6 SCHOOL MILK BOTTLES IN CRATE,7.46
90064A,WHITE VINTAGE CRYSTAL EARRINGS,4.15
23209,LUNCH BAG VINTAGE DOILEY,1.65
23231,WRAP  VINTAGE DOILY,0.42
POST,POSTAGE,3.59
23236,STORAGE TIN VINTAGE DOILEY,2.89
23240,SET OF 4 KNICK KNACK TINS  DOILEY,4.15
23332,IVORY WICKER HEART LARGE,3.29
23271,CHRISTMAS TABLE SILVER CANDLE SPIKE,0.83
23333,IVORY WICKER HEART MEDIUM,1.25
23328,SET 6 SCHOOL MILK BOTTLES IN CRATE,3.75
23189,SET OF 12 FORK CANDLES,2.89
21850,BLUE  DIAMANTE PEN IN GIFT BOX,8.29
23212,HEART WREATH DECORATION WITH BELL,2.46
23213,STAR WREATH DECORATION WITH BELL,2.46
23236,STORAGE TIN VINTAGE DOILY,5.79
23351,ROLL WRAP 50'S CHRISTMAS,2.46
23354,6 GIFT TAGS 50'S CHRISTMAS,1.63
35598B,BLACK CHRISTMAS TREE 60CM,6.63
21793,CLASSIC FRENCH STYLE BASKET BROWN,7.46
22820,GIFT BAG BIRTHDAY,0.83
22821,GIFT BAG PSYCHEDELIC APPLES,0.83
23350,ROLL WRAP VINTAGE SPOT,2.46
84559A,3D SHEET OF DOG STICKERS,1.63
22616,PACK OF 12 LONDON TISSUES,0.79
22999,TRAVEL CARD WALLET VINTAGE LEAF,0.83
21986,PACK OF 12 PINK POLKADOT TISSUES,0.79
22124,SET OF 2 TEA TOWELS PING MICROWAVE,5.79
22279,POCKET BAG BLUE PAISLEY RED SPOT,4.13
23351,ROLL WRAP 50'S CHRISTMAS,1.25
23334,IVORY WICKER HEART SMALL,0.63
POST,POSTAGE,1.69
23352,ROLL WRAP 50'S RED CHRISTMAS,1.25
23325,RUSTIC STRAWBERRY JAMPOT SMALL,1.65
23016,GLASS TWIST BON BON JAR,7.18
23189,SET OF 12 FORK CANDLES,5.79
23326,HANGING MINI COLOURED BOTTLES,0.63
35817P,PINK ACRYLIC JEWEL SNOWFLAKE,0.38
23545,WRAP RED VINTAGE DOILY,0.42
90052,CRACKED GLAZE NECKLACE BROWN,7.07
20982,12 PENCILS TALL TUBE SKULLS,1.42
21794,CLASSIC FRENCH STYLE BASKET NATURAL,2.0
23360,SET 8 CANDLES VINTAGE DOILY,4.13
23374,RED SPOT PAPER GIFT BAG,1.63
23438,RED SPOT GIFT BAG LARGE,2.46
21080,SET/20 RED RETROSPOT PAPER NAPKINS,0.83
23331,DECORATIVE WICKER HEART SMALL,0.63
23327,HANGING CLEAR MINI BOTTLE,0.63
23359,SET OF 12 T-LIGHTS VINTAGE DOILY,1.95
35597D,PINK/WHITE CHRISTMAS TREE 30CM,0.38
85185B,PINK HORSE SOCK PUPPET,2.55
21212,PACK OF 72 RETROSPOT CAKE CASES,5.0
35818B,"ACRYLIC JEWEL ICICLE, BLUE",0.38
POST,POSTAGE,2.45
23324,RUSTIC STRAWBERRY JAM POT LARGE,2.08
23325,RUSTIC STRAWBERRY JAM POT SMALL,1.65
22307,GOLD MUG BONE CHINA TREE OF LIFE,1.25
23328,SET 6 SCHOOL MILK BOTTLES IN CRATE,3.39
21096,SET/6 FRUIT SALAD  PAPER PLATES,1.63
23141,TRIPLE WIRE HOOK PINK HEART,8.29
23326,HANGING MINI COLOURED BOTTLES,8.29
48184,DOORMAT ENGLISH ROSE,8.0
48185,DOORMAT FAIRY CAKE,8.0
48187,DOORMAT NEW ENGLAND,8.0
48188,DOORMAT WELCOME PUPPIES,8.0
48194,DOORMAT HEARTS,8.0
20685,DOORMAT RED RETROSPOT,8.0
21524,DOORMAT SPOTTY HOME SWEET HOME,8.0
21955,DOORMAT UNION JACK GUNS AND ROSES,8.0
22365,DOORMAT RESPECTABLE HOUSE,8.0
21523,DOORMAT FANCY FONT HOME SWEET HOME,8.0
22689,DOORMAT MERRY CHRISTMAS RED,8.0
22690,DOORMAT HOME SWEET HOME BLUE,8.0
48138,DOORMAT UNION FLAG,8.0
23298,SPOTTY BUNTING,5.14
22930,BAKING MOULD HEART MILK CHOCOLATE,2.6
21246,RED RETROSPOT BIG BOWL,4.25
22687,DOORMAT CHRISTMAS VILLAGE,6.75
85107,CUT GLASS T-LIGHT HOLDER OCTAGON,1.69
16054,POPART RECT PENCIL SHARPENER ASST,0.12
22114,HOT WATER BOTTLE TEA AND SYMPATHY,4.25
35916B,BLUE FELT HANGING HEART WITH FLOWER,0.85
23357,HOT WATER BOTTLE SEX BOMB,4.95
23358,HOT STUFF HOT WATER BOTTLE,3.75
23375,50'S CHRISTMAS PAPER GIFT BAG,0.82
23356,LOVE HOT WATER BOTTLE,5.95
84206A,3 BLACK CATS W HEARTS BLANK CARD,0.19
84201B,HAPPY BIRTHDAY CARD STRIPEY TEDDY,0.19
23355,HOT WATER BOTTLE KEEP CALM,4.95
90176C,DIAMANTE NECKLACE,7.5
90176E,DIAMANTE NECKLACE GREEN,7.5
23437,50'S CHRISTMAS GIFT BAG LARGE,1.25
23436,VINTAGE CHRISTMAS GIFT BAG LARGE,1.25
90003E,GREEN PAIR HEART HAIR SLIDES,3.75
23015,CORDIAL JUG,8.25
84029E,RED WOOLLY HOTTIE WHITE HEART.,3.95
23082,SET 6 PAPER TABLE LANTERN HEARTS,7.5
23329,DECORATIVE WICKER HEART LARGE,3.29
85184c,SET 4 VALENTINE DECOUPAGE HEART BOX,5.79
22041,"RECORD FRAME 7"" SINGLE SIZE",5.79
22355,CHARLOTTE BAG SUKI DESIGN,5.63
22340,NOEL GARLAND PAINTED ZINC,1.65
23439,HAND WARMER RED LOVE HEART,2.1
23445,ICE CREAM BUBBLES,0.83
90018C,SILVER BLACK ORBIT DROP EARRINGS,4.25
23355,HOT WATER BOTTLE KEEP CALM,4.15
90211A,DIAMOND LAS VEGAS NECKLACE 45CM,5.95
22114,HOT WATER BOTTLE TEA AND SYMPATHY,3.75
23431,NATURAL HANGING QUILTED HEARTS,0.83
23433,HANGING QUILTED PATCHWORK APPLES,0.83
21154,RED RETROSPOT OVEN GLOVE,6.54
POST,POSTAGE,1.1
23348,CHILDRENS TOY COOKING UTENSIL SET,2.08
84201C,HAPPY BIRTHDAY CARD TEDDY/CAKE,0.19
17107D,FLOWER FAIRY 5 DRAWER LINERS,2.55
21507,ELEPHANT BIRTHDAY CARD,0.42
22889,NUMBER TILE VINTAGE FONT NO,2.1
23224,CHERUB HEART DECORATION GOLD,1.63
23334,IVORY WICKER HEART SMALL,1.25
23338,EGG FRYING PAN RED,4.13
23339,EGG FRYING PAN BLUE,4.13
71459,HANGING JAM JAR T-LIGHT HOLDERS,1.66
72801G,4 BURGUNDY WINE DINNER CANDLES,2.46
90122C,TURQUOISE CRYSTAL+GLASS BRACELET,4.98
22591,CARDHOLDER GINGHAM CHRISTMAS TREE,6.63
23333,IVORY WICKER HEART MEDIUM,2.46
23340,VINTAGE CHRISTMAS CAKE FRILL,3.29
22164,STRING OF STARS CARD HOLDER,5.79
22915,ASSORTED BOTTLE TOP  MAGNETS,0.83
23240,SET OF 4 KNICK KNACK TINS DOILY,8.29
23274,STAR T-LIGHT HOLDER WILLIE WINKIE,3.29
23349,ROLL WRAP VINTAGE CHRISTMAS,2.46
23352,ROLL WRAP 50'S RED CHRISTMAS,2.46
23353,6 GIFT TAGS VINTAGE CHRISTMAS,1.63
35967,FOLK ART METAL STAR T-LIGHT HOLDER,1.63
23331,DECORATIVE WICKER HEART SMALL,1.25
21263,GREEN GOOSE FEATHER TREE 60CM,5.79
23109,PACK OF SIX LED TEA LIGHTS,2.88
23327,HANGING CLEAR MINI BOTTLE,1.63
21507,ELEPHANT BIRTHDAY CARD,0.83
90023,FILIGREE DIAMANTE EARRINGS,4.15
22903,CALENDAR FAMILY FAVOURITES,2.46
22905,CALENDAR IN SEASON DESIGN,2.46
84659A,WHITE TRAVEL ALARM CLOCK,1.23
47310M,SMALL POP BOX FUNKY MONKEY,1.63
20774,GREEN FERN NOTEBOOK,1.63
20775,DAISY NOTEBOOK,1.63
20777,CHRYSANTHEMUM NOTEBOOK,1.63
21123,SET/10 IVORY POLKADOT PARTY CANDLES,0.83
21356,TOAST ITS - FAIRY FLOWER,0.83
21739,COSY SLIPPER SHOES SMALL GREEN,2.46
21929,JUMBO BAG PINK VINTAGE PAISLEY,2.46
22074,6 RIBBONS SHIMMERING PINKS,1.25
22076,6 RIBBONS EMPIRE,1.25
22129,PARTY CONES CANDY DECORATION,2.46
22107,PIZZA PLATE IN BOX,3.29
22486,PLASMATRONIC LAMP,8.29
23330,DECORATIVE WICKER HEART MEDIUM,2.46
90132,LIGHT TOPAZ TEAL/AQUA COL NECKLACE,4.98
23140,TRIPLE WIRE HOOK IVORY HEART,8.29
21494,ROTATING LEAVES T-LIGHT HOLDER,2.46
90027A,GLASS BEAD HOOP EARRINGS BLACK,2.9
90199C,5 STRAND GLASS NECKLACE CRYSTAL,6.23
90140,PINK SWEETIE NECKLACE,7.48
23437,50'S CHRISTMAS GIFT BAG LARGE,2.46
23445,ICE CREAM BUBBLES,1.63
22356,CHARLOTTE BAG PINK POLKADOT,5.63
22383,LUNCH BAG SUKI DESIGN,8.33
22735,RIBBON REEL SOCKS AND MITTENS,4.13
84031A,CHARLIE+LOLA RED HOT WATER BOTTLE,4.96
84031B,CHARLIE LOLA BLUE HOT WATER BOTTLE,4.96
POST,POSTAGE,3.82
35819B,"ACRYLIC HANGING JEWEL,BLUE",0.38
35599B,BLACK CHRISTMAS TREE 120CM,7.25
22812,PACK 3 BOXES CHRISTMAS PANNETONE,4.96
23432,PRETTY HANGING QUILTED HEARTS,0.83
71459,HANGING JAM JAR T-LIGHT HOLDERS,0.85
85045,GREEN CHRISTMAS TREE STRING 20LIGHT,4.25
23237,SET OF 4 KNICK KNACK TINS LEAF,8.29
22625,RED KITCHEN SCALES,7.5
48138,DOORMAT UNION FLAG,8.25
20685,DOORMAT RED RETROSPOT,8.25
21955,DOORMAT UNION JACK GUNS AND ROSES,8.25
22690,DOORMAT HOME SWEET HOME BLUE,8.25
48129,DOORMAT TOPIARY,8.25
22687,DOORMAT CHRISTMAS VILLAGE,8.25
23356,LOVE HOT WATER BOTTLE,4.95
22366,DOORMAT AIRMAIL,8.25
22414,DOORMAT NEIGHBOURHOOD WITCH,8.25
22365,DOORMAT RESPECTABLE HOUSE,8.25
21754,HOME BUILDING BLOCK WORD,6.25
21755,LOVE BUILDING BLOCK WORD,6.25
90183A,AMBER DROP EARRINGS W LONG BEADS,2.95
21523,DOORMAT FANCY FONT HOME SWEET HOME,8.25
48187,DOORMAT NEW ENGLAND,8.25
82482,WOODEN PICTURE FRAME WHITE FINISH,2.95
21669,BLUE STRIPE CERAMIC DRAWER KNOB,1.45
21668,RED STRIPE CERAMIC DRAWER KNOB,1.45
21672,WHITE SPOT RED CERAMIC DRAWER KNOB,1.45
22173,METAL 4 HOOK HANGER FRENCH CHATEAU,3.29
21889,WOODEN BOX OF DOMINOES,1.06
21935,SUKI  SHOULDER BAG,1.45
22376,AIRLINE BAG VINTAGE JET SET WHITE,3.95
21648,ASSORTED TUTTI FRUTTI SMALL PURSE,1.06
20665,RED RETROSPOT PURSE,2.55
23188,VINTAGE  2 METER FOLDING RULER,1.45
23266,SET OF 3 WOODEN STOCKING DECORATION,1.04
23296,SET OF 6 TEA TIME BAKING CASES,1.04
23325,RUSTIC STRAWBERRY JAM POT SMALL,1.45
23343,JUMBO BAG VINTAGE CHRISTMAS,1.79
23344,JUMBO BAG 50'S CHRISTMAS,1.79
23359,SET OF 12 T-LIGHTS VINTAGE DOILY,1.65
23357,HOT WATER BOTTLE SEX BOMB,4.15
23358,HOT STUFF HOT WATER BOTTLE,3.29
23431,NATURAL HANGING QUILTED HEARTS,0.72
22595,GINGHAM HEART DECORATION,0.72
22460,EMBOSSED GLASS TEALIGHT HOLDER,1.06
22963,JAM JAR WITH GREEN LID,0.72
22961,JAM MAKING SET PRINTED,1.25
22441,GROW YOUR OWN BASIL IN ENAMEL MUG,1.85
21903,MAN FLU METAL SIGN,1.85
22965,3 TRADITIONAL BISCUIT CUTTERS  SET,1.85
22932,BAKING MOULD TOFFEE CUP CHOCOLATE,2.1
22936,BAKING MOULD ROSE WHITE CHOCOLATE,2.75
22650,CERAMIC PIRATE CHEST MONEY BANK,1.25
21928,JUMBO BAG SCANDINAVIAN BLUE PAISLEY,1.79
21929,JUMBO BAG PINK VINTAGE PAISLEY,1.79
21930,JUMBO STORAGE BAG SKULLS,1.79
22386,JUMBO BAG PINK POLKADOT,1.79
22411,JUMBO SHOPPER VINTAGE RED PAISLEY,1.79
22385,JUMBO BAG SPACEBOY DESIGN,1.79
23201,JUMBO BAG ALPHABET,1.79
85099C,JUMBO  BAG BAROQUE BLACK WHITE,1.79
85099F,JUMBO BAG STRAWBERRY,1.79
23061,VINTAGE EMBOSSED HEART,1.04
23183,MOTHER'S KITCHEN SPOON REST,3.29
23178,JAM CLOCK MAGNET,2.49
22295,HEART FILIGREE DOVE LARGE,1.45
21756,BATH BUILDING BLOCK WORD,6.25
84378,SET OF 3 HEART COOKIE CUTTERS,1.45
84380,SET OF 3 BUTTERFLY COOKIE CUTTERS,1.45
23551,PACK OF 12 PAISLEY PARK TISSUES,0.39
22616,PACK OF 12 LONDON TISSUES,0.39
21967,PACK OF 12 SKULL TISSUES,0.39
21524,DOORMAT SPOTTY HOME SWEET HOME,8.25
21982,PACK OF 12 SUKI TISSUES,0.39
21670,BLUE SPOT CERAMIC DRAWER KNOB,1.45
21064,BOOM BOX SPEAKER BOYS,4.13
21358,TOAST ITS - HAPPY BIRTHDAY,0.83
22466,FAIRY TALE COTTAGE NIGHT LIGHT,4.13
22607,WOODEN ROUNDERS GARDEN SET,8.29
22809,SET OF 6 T-LIGHTS SANTA,5.79
23373,VINTAGE CHRISTMAS PAPER GIFT BAG,1.63
23375,50'S CHRISTMAS PAPER GIFT BAG,1.63
23436,VINTAGE CHRISTMAS GIFT BAG LARGE,2.46
17003,BROCADE RING PURSE,0.83
23210,WHITE ROCKING HORSE HAND PAINTED,2.46
23211,RED ROCKING HORSE HAND PAINTED,2.46
90041,PEARL AND CHERRY QUARTZ BRACLET,3.73
23358,HOT STUFF HOT WATER BOTTLE,7.46
21065,BOOM BOX SPEAKER GIRLS,4.13
22113,GREY HEART HOT WATER BOTTLE,4.25
84029G,KNITTED UNION FLAG HOT WATER BOTTLE,4.25
22835,HOT WATER BOTTLE I AM SO POORLY,4.95
21986,PACK OF 12 PINK POLKADOT TISSUES,0.39
22689,DOORMAT MERRY CHRISTMAS RED,8.25
21984,PACK OF 12 PINK PAISLEY TISSUES,0.39
22178,VICTORIAN GLASS HANGING T-LIGHT,1.95
22737,RIBBON REEL CHRISTMAS PRESENT,7.5
23206,LUNCH BAG APPLE DESIGN,5.63
23208,LUNCH BAG VINTAGE LEAF DESIGN,5.63
20726,LUNCH BAG WOODLAND,8.33
20727,LUNCH BAG  BLACK SKULL.,8.33
21671,RED SPOT CERAMIC DRAWER KNOB,1.45
21673,WHITE SPOT BLUE CERAMIC DRAWER KNOB,1.45
48194,DOORMAT HEARTS,8.25
22128,PARTY CONES CANDY ASSORTED,2.08
23620,SET 10 CARDS PERFECT POST 17090,2.49
23623,SET 10 CARD CHRISTMAS WELCOME 17112,2.91
23634,SET 10 CARDS XMAS CHOIR 17068,2.91
22077,6 RIBBONS RUSTIC CHARM,1.95
22114,HOT WATER BOTTLE TEA AND SYMPATHY,4.65
84029E,RED WOOLLY HOTTIE WHITE HEART.,4.25
23396,BUTTERFLY CUSHION COVER,3.75
23395,BELLE JARDINIERE CUSHION COVER,3.75
23394,POSTE FRANCE CUSHION COVER,3.75
23393,HOME SWEET HOME CUSHION COVER,3.75
23218,LAUREL STAR ANTIQUE GOLD,1.25
48111,DOORMAT 3 SMILEY CATS,8.25
48188,DOORMAT WELCOME PUPPIES,8.25
22692,DOORMAT WELCOME TO OUR HOME,8.25
22691,DOORMAT WELCOME SUNRISE,8.25
23377,PACK OF 12 DOLLY GIRL TISSUES,0.39
23399,HOME SWEET HOME HANGING HEART,0.85
23089,GLASS BON BON JAR,1.95
21980,PACK OF 12 RED RETROSPOT TISSUES,0.39
71477,COLOUR GLASS. STAR T-LIGHT HOLDER,3.95
21874,GIN AND TONIC MUG,1.65
21484,CHICK GREY HOT WATER BOTTLE,4.25
21876,POTTERING MUG,1.65
21871,SAVE THE PLANET MUG,1.65
23411,TRELLIS COAT RACK,4.95
23398,HANGING HEART BONHEUR,0.85
23396,LA JARDIN BOTANIQUE CUSHION COVER,3.75
21479,WHITE SKULL HOT WATER BOTTLE,4.25
22592,CARDHOLDER HOLLY WREATH METAL,3.39
23425,STORAGE TIN HOME SWEET HOME,2.49
23424,GINGHAM RECIPE BOOK BOX,4.95
22614,PACK OF 12 SPACEBOY TISSUES,0.39
37370,RETRO COFFEE MUGS ASSORTED,1.65
21877,HOME SWEET HOME MUG,1.65
48173C,DOORMAT BLACK FLOCK,8.25
23378,PACK OF 12 50'S CHRISTMAS TISSUES,0.39
23376,PACK OF 12 VINTAGE CHRISTMAS TISSUE,0.39
23404,HOME SWEET HOME BLACKBOARD,4.95
23406,HOME SWEET HOME KEY HOLDER,6.25
23405,HOME SWEET HOME 2 DRAWER CABINET,4.95
22118,JOY WOODEN BLOCK LETTERS,4.25
82486,3 DRAWER ANTIQUE WHITE WOOD CABINET,8.15
23379,PACK OF 12 RED APPLE TISSUES,0.39
23381,PACK OF 12 VINTAGE LEAF TISSUES,0.39
23380,PACK OF 12 VINTAGE DOILY TISSUES,0.39
23402,HOME SWEEET HOME 3 PEG HANGER,3.75
23403,LETTER HOLDER HOME SWEET HOME,3.75
48187,DOORMAT NEW ENGLAND,7.08
23437,GIFT BAG LARGE 50'S CHRISTMAS,1.25
21981,PACK OF 12 WOODLAND TISSUES,0.39
23122,PARTY CHARMS 50 PIECES,1.63
23123,COCKTAIL SWORDS 50 PIECES,1.63
23206,LUNCH BAG APPLE DESIGN,2.46
23439,HAND WARMER RED LOVE HEART,4.13
23426,METAL SIGN DROP YOUR PANTS,2.89
23066,SMALL DECO JEWELLERY STAND,7.45
23412,HEART MIRROR ANTIQUE WHITE,7.5
23392,SPACEBOY ROCKET LOLLY MAKERS,2.08
23400,SHELF WITH 4 HOOKS HOME SWEET HOME,6.25
21985,PACK OF 12 HEARTS DESIGN TISSUES,0.39
23249,ENAMEL DINNER PLATE PANTRY,1.65
23397,FOOT STOOL HOME SWEET HOME,8.15
23168,CLASSIC CAFE SUGAR DISPENSER,6.54
84692,BOX OF 24 COCKTAIL PARASOLS,4.17
84970L,SINGLE HEART ZINC T-LIGHT HOLDER,1.25
21983,PACK OF 12 BLUE PAISLEY TISSUES,0.39
90019C,SILVER BLACK ORBIT BRACELET,4.95
90038A,GLASS AND PAINTED BEADS BRACELET TO,3.75
21481,FAWN BLUE HOT WATER BOTTLE,7.46
23376,PACK OF 12 VINTAGE CHRISTMAS TISSUE,0.83
23551,PACK OF 12 PAISLEY PARK TISSUES,0.83
23614,SET 10 CARDS 12 DAYS WRAP  17058,3.33
23637,SET 10 CARDS OUT OF ORDER 17216,2.49
72130,COLUMBIAN CANDLE ROUND,1.63
72133,COLUMBIAN CANDLE RECTANGLE,2.46
23399,HOME SWEET HOME HANGING HEART,2.08
23403,LETTER HOLDER HOME SWEET HOME,7.46
22866,HAND WARMER SCOTTY DOG DESIGN,4.13
84660b,BLACK STITCHED WALL CLOCK,7.46
21481,FAWN BLUE HOT WATER BOTTLE,3.75
22466,FAIRY TALE COTTAGE NIGHT LIGHT,1.95
23415,HOME SWEET HOME HOOK,1.65
23417,BATHROOM HOOK,1.65
23402,HOME SWEET HOME 3 PEG HANGER,3.75
23413,VINTAGE COFFEE GRINDER BOX,4.95
23409,PHOTO FRAME LINEN AND LACE LARGE,3.75
23640,SET 10 CARDS SCOTTIE DOG 17211,2.49
90077,BLACK DIAMOND CLUSTER EARRINGS,2.9
23408,PHOTO FRAME LINEN AND LACE SMALL,2.08
48184,DOORMAT ENGLISH ROSE,8.25
23401,RUSTIC MIRROR WITH LACE HEART,6.25
22117,METAL SIGN HER DINNER IS SERVED,5.79
23409,PHOTO FRAME LINEN AND LACE LARGE,7.46
23417,BATHROOM HOOK,3.29
23422,PANTRY HOOK BALLOON WHISK,4.13
23426,METAL SIGN DROP YOUR PANTS,5.79
23613,SET 10 XMAS CARDS & BADGES 17070,2.49
23646,SET 10 CARDS JINGLE BELLS 16957,2.49
23410,CURIO CABINET LINEN AND LACE,8.15
23559,WOODLAND BUNNIES LOLLY MAKERS,2.08
23423,PANTRY 3 HOOK ROLLING PIN HANGER,3.75
23421,PANTRY HOOK SPATULA,2.08
23422,PANTRY HOOK BALLOON WHISK,2.08
22389,PAPERWEIGHT SAVE THE PLANET,4.96
21617,4 LILY  BOTANICAL DINNER CANDLES,7.46
48138,DOORMAT UNION FLAG,7.08
21523,DOORMAT FANCY FONT HOME SWEET HOME,7.08
48185,DOORMAT FAIRY CAKE,8.25
22731,3D CHRISTMAS STAMPS STICKERS,1.63
22201,FRYING PAN BLUE POLKADOT,3.75
23085,ANTIQUE SILVER BAUBLE LAMP,8.25
20661,BLUE POLKADOT PURSE,5.79
22942,CHRISTMAS LIGHTS 10 SANTAS,7.65
23421,PANTRY HOOK SPATULA,4.13
23435,3 RAFFIA RIBBONS VINTAGE CHRISTMAS,4.13
22130,PARTY CONE CHRISTMAS DECORATION,1.38
20685,DOORMAT RED RETROSPOT,7.08
48194,DOORMAT HEARTS,7.08
48185,DOORMAT FAIRY CAKE,7.08
23418,LAVENDER TOILETTE BOTTLE,2.08
23419,HOME SWEET HOME BOTTLE,2.08
23435,3 RAFFIA RIBBONS VINTAGE CHRISTMAS,2.08
23434,3 RAFFIA RIBBONS 50'S CHRISTMAS,2.08
23391,I LOVE LONDON MINI BACKPACK,4.15
23390,DOLLY GIRL MINI BACKPACK,4.15
23389,SPACEBOY MINI BACKPACK,4.15
23074,EMBOSSED HEART TRINKET BOX,2.08
23388,WOODLAND MINI BACKPACK,4.15
23212,PAINTED HEART WREATH WITH BELL,1.25
71477,COLOUR GLASS. STAR T-LIGHT HOLDER,3.29
23091,METAL HERB GERDEN CONTAINER,5.39
22589,CARDHOLDER GINGHAM STAR,2.89
48184,DOORMAT ENGLISH ROSE,7.08
23416,CHAMBRE HOOK,1.65
23611,SET 10 CARDS RED RIDING HOOD 17214,2.49
35916B,BLUE FELT HANGING HEART WITH FLOWER,1.63
21524,DOORMAT SPOTTY HOME SWEET HOME,7.08
23222,CHRISTMAS TREE HANGING GOLD,1.63
23324,RUSTIC STRAWBERRY JAM POT LARGE,4.13
23325,RUSTIC STRAWBERRY JAM POT SMALL,3.29
23419,HOME SWEET HOME BOTTLE,4.13
23607,SET 10 CARDS HATS & STOCKINGS 17081,1.66
82494L,WOODEN FRAME ANTIQUE WHITE,4.13
21260,FIRST AID TIN,6.63
23267,SET OF 4 SANTA PLACE SETTINGS,2.46
23379,PACK OF 12 RED APPLE TISSUES,0.83
23425,STORAGE TIN HOME SWEET HOME,4.96
48116,DOORMAT MULTICOLOUR STRIPE,8.25
23058,CHRISTMAS HANGING SNOWFLAKE,2.49
23342,MINT DINER WALL CLOCK,7.65
23380,PACK OF 12 VINTAGE DOILY TISSUES,0.83
23435,3 RAFFIA RIBBONS VINTAGE CHRISTMAS,0.83
23377,PACK OF 12 DOLLY GIRL TISSUES,0.83
23378,PACK OF 12 50'S CHRISTMAS TISSUES,0.83
23434,3 RAFFIA RIBBONS 50'S CHRISTMAS,0.83
84016,FLAG OF ST GEORGE CAR FLAG,0.42
22688,DOORMAT PEACE ON EARTH BLUE,7.08
22690,DOORMAT HOME SWEET HOME BLUE,7.08
23420,PANTRY HOOK TEA STRAINER,2.08
23424,GINGHAM RECIPE BOOK BOX,4.15
23412,HEART MIRROR ANTIQUE WHITE,6.65
22688,DOORMAT PEACE ON EARTH BLUE,8.25
22615,PACK OF 12 CIRCUS PARADE TISSUES,0.39
48194,DOORMAT HEARTS,4.58
48188,DOORMAT WELCOME PUPPIES,4.58
48187,DOORMAT NEW ENGLAND,4.58
48185,DOORMAT FAIRY CAKE,4.58
48184,DOORMAT ENGLISH ROSE,4.58
48173C,DOORMAT BLACK FLOCK,4.58
48129,DOORMAT TOPIARY,4.58
48116,DOORMAT MULTICOLOUR STRIPE,4.58
48111,DOORMAT 3 SMILEY CATS,4.58
22691,DOORMAT WELCOME SUNRISE,4.58
22690,DOORMAT HOME SWEET HOME BLUE,4.58
22689,DOORMAT MERRY CHRISTMAS RED,4.58
22688,DOORMAT PEACE ON EARTH BLUE,4.58
22687,DOORMAT CHRISTMAS VILLAGE,4.58
22366,DOORMAT AIRMAIL,4.58
22365,DOORMAT RESPECTABLE HOUSE,4.58
23625,SET 6 CARDS SPARKLY REINDEER 17262,4.99
23639,SET 10 CARDS MAGICAL TREE 17086,3.33
23074,EMBOSSED HEART TRINKET BOX,4.13
23388,WOODLAND MINI BACKPACK,8.29
23392,SPACEBOY ROCKET LOLLY MAKERS,4.13
23418,LAVENDER TOILETTE BOTTLE,4.13
23559,WOODLAND BUNNIES LOLLY MAKERS,4.13
22660,DOORMAT I LOVE LONDON,7.08
23113,PANTRY CHOPPING BOARD,4.95
22865,HAND WARMER OWL DESIGN,4.96
84031B,CHARLIE LOLA BLUE HOT WATER BOTTLE,8.33
84805B,BLUE CLIMBING HYDRANGA ART FLOWER,3.75
23396,LE JARDIN BOTANIQUE CUSHION COVER,3.75
20832,RED FLOCK LOVE HEART PHOTO FRAME,0.72
17107D,FLOWER FAIRY 5 SUMMER DRAW LINERS,2.55
23284,DOORMAT KEEP CALM AND COME IN,8.25
22197,POPCORN HOLDER,2.46
22645,CERAMIC HEART FAIRY CAKE MONEY BANK,7.5
23207,LUNCH BAG ALPHABET DESIGN,8.33
21810,CHRISTMAS HANGING STAR WITH BELL,0.39
21811,HANGING HEART WITH BELL,0.39
21822,GLITTER CHRISTMAS TREE WITH BELLS,0.79
15060b,FAIRY CAKE DESIGN UMBRELLA,8.29
35965,FOLKART HEART NAPKIN RINGS,0.97
22695,WICKER WREATH SMALL,1.25
22696,WICKER WREATH LARGE,1.65
22694,WICKER STAR,1.85
22412,METAL SIGN NEIGHBOURHOOD WITCH,1.85
21975,PACK OF 60 DINOSAUR CAKE CASES,0.42
22951,60 CAKE CASES DOLLY GIRL DESIGN,0.42
22596,CHRISTMAS STAR WISH LIST CHALKBOARD,1.04
22589,CARDHOLDER GINGHAM STAR,2.49
22692,DOORMAT WELCOME TO OUR HOME,7.08
21851,LILAC DIAMANTE PEN IN GIFT BOX,8.29
22407,MONEY BOX FIRST AID DESIGN,2.46
23129,HEART SHAPED HOLLY WREATH,8.29
23217,LAUREL HEART ANTIQUE SILVER,2.46
23218,LAUREL STAR ANTIQUE GOLD,2.46
23219,LAUREL STAR ANTIQUE SILVER,2.46
85035C,ROSE 3 WICK MORRIS BOX CANDLE,8.29
21381,MINI WOODEN HAPPY BIRTHDAY GARLAND,1.63
21621,VINTAGE UNION JACK BUNTING,8.29
21878,PACK OF 6 SANDCASTLE FLAGS ASSORTED,0.79
22436,12 COLOURED PARTY BALLOONS,0.63
23423,PANTRY 3 HOOK ROLLING PIN HANGER,7.46
21096,SET/6 FRUIT SALAD  PAPER PLATES,0.42
21843,RED RETROSPOT CAKE STAND,8.29
23398,HANGING HEART BONHEUR,2.08
85019B,BLOSSOM  IMAGES NOTEBOOK SET,8.29
23415,HOME SWEET HOME HOOK,3.29
23629,SET 10 CARDS DRESSING UP 17077,2.49
21823,PAINTED METAL HEART WITH HOLLY BELL,0.39
21824,PAINTED METAL STAR WITH HOLLY BELLS,0.39
22340,NOEL GARLAND PAINTED ZINC,0.39
22186,RED STAR CARD HOLDER,1.95
22187,GREEN CHRISTMAS TREE CARD HOLDER,1.95
21352,EUCALYPTUS & PINECONE  WREATH,2.95
23630,SET 10 CARDS HANGING BAUBLES 17080,2.99
23313,VINTAGE CHRISTMAS BUNTING,4.15
22950,36 DOILIES VINTAGE CHRISTMAS,1.25
23234,BISCUIT TIN VINTAGE CHRISTMAS,2.49
23319,BOX OF 6 MINI 50'S CRACKERS,2.08
23318,BOX OF 6 MINI VINTAGE CRACKERS,2.08
47566,PARTY BUNTING,4.15
23298,SPOTTY BUNTING,4.15
20711,JUMBO BAG TOYS,1.79
21931,JUMBO STORAGE BAG SUKI,1.79
22663,JUMBO BAG DOLLY GIRL DESIGN,1.79
20712,JUMBO BAG WOODLAND ANIMALS,1.79
23202,JUMBO BAG VINTAGE LEAF,1.79
35954,SMALL FOLKART STAR CHRISTMAS DEC,0.19
21014,SWISS CHALET TREE DECORATION,0.29
21819,GLITTER CHRISTMAS STAR,0.39
23366,SET 12 COLOURING PENCILS DOILY,0.65
23367,SET 12 COLOUR PENCILS SPACEBOY,0.65
23503,PLAYING CARDS KEEP CALM & CARRY ON,1.25
23504,PLAYING CARDS JUBILEE UNION JACK,1.25
23371,SET 36 COLOUR PENCILS SPACEBOY,1.25
23502,PLAYING CARDS VINTAGE DOILEY,1.25
23370,SET 36 COLOUR PENCILS DOILEY,1.25
23366,SET 12 COLOUR PENCILS DOILEY,0.65
23434,3 RAFFIA RIBBONS 50'S CHRISTMAS,0.79
23435,3 RAFFIA RIBBONS VINTAGE CHRISTMAS,0.79
23493,VINTAGE DOILY TRAVEL SEWING KIT,1.95
23365,SET 12 COLOUR PENCILS LOVE LONDON,0.65
23369,SET 36 COLOUR PENCILS LOVE LONDON,1.25
22170,PICTURE FRAME WOOD TRIPLE PORTRAIT,4.62
22169,FAMILY ALBUM WHITE PICTURE FRAME,5.64
22768,FAMILY PHOTO FRAME CORNICE,6.72
22767,TRIPLE PHOTO FRAME CORNICE,6.72
23092,LARGE ANTIQUE WHITE PHOTO FRAME,5.49
23093,SMALL PARISIENNE HEART PHOTO FRAME,1.64
23520,EMBROIDERED RIBBON REEL RUBY,3.75
23511,EMBROIDERED RIBBON REEL EMILY,2.08
23517,EMBROIDERED RIBBON REEL REBECCA,2.89
23368,SET 12 COLOUR PENCILS DOLLY GIRL,0.65
23505,PLAYING CARDS I LOVE LONDON,1.25
23372,SET 36 COLOUR PENCILS DOLLY GIRL,1.25
22720,SET OF 3 CAKE TINS PANTRY DESIGN,3.39
23243,SET OF TEA COFFEE SUGAR TINS PANTRY,3.39
22843,BISCUIT TIN VINTAGE GREEN,4.67
22840,ROUND CAKE TIN VINTAGE RED,5.49
22841,ROUND CAKE TIN VINTAGE GREEN,5.49
23512,EMBROIDERED RIBBON REEL ROSIE,2.08
23515,EMBROIDERED RIBBON REEL DAISY,2.08
23514,EMBROIDERED RIBBON REEL SALLY,2.08
23518,EMBROIDERED RIBBON REEL RACHEL,2.89
23510,MINI PLAYING CARDS GYMKHANA,0.42
23508,MINI PLAYING CARDS DOLLY GIRL,0.42
23509,MINI PLAYING CARDS FUN FAIR,0.42
23507,MINI PLAYING CARDS BUFFALO BILL,0.42
M,MANUAL,0.8
23513,EMBROIDERED RIBBON REEL SUSIE,2.08
23381,PACK OF 12 VINTAGE LEAF TISSUES,0.83
23402,HOME SWEET HOME 3 PEG HANGER,7.46
23624,SET 10 CARD PERFECT NATIVITY 17089,2.49
21804,WHITE CHRISTMAS GARLAND STARS TREES,3.29
21808,"CHRISTMAS GARLAND STARS,TREES",3.29
21811,HANGING HEART WITH BELL,0.83
21813,GARLAND WITH STARS AND BELLS,3.29
21823,PAINTED METAL HEART WITH HOLLY BELL,0.83
22340,NOEL GARLAND PAINTED ZINC,0.83
22597,MUSICAL ZINC HEART DECORATION,0.83
22944,CHRISTMAS METAL POSTCARD WITH BELLS,0.97
22579,WOODEN TREE CHRISTMAS SCANDINAVIAN,0.29
22578,WOODEN STAR CHRISTMAS SCANDINAVIAN,0.29
22577,WOODEN HEART CHRISTMAS SCANDINAVIAN,0.29
22597,MUSICAL ZINC HEART DECORATION,0.29
72817,SET OF 2 CHRISTMAS DECOUPAGE CANDLE,0.79
23058,CHRISTMAS HANGING SNOWFLAKE,0.79
44242B,PINK FEATHERS CURTAIN,0.79
22147,FELTCRAFT BUTTERFLY HEARTS,1.25
21381,MINI WOODEN HAPPY BIRTHDAY GARLAND,7.5
21251,DINOSAUR HEIGHT CHART STICKER SET,5.79
21015,DARK BIRD HOUSE TREE DECORATION,0.29
72818,CHRISTMAS DECOUPAGE CANDLE,0.39
72816,SET/3 CHRISTMAS DECOUPAGE CANDLES,0.95
20935,ROUND CACTUS CANDLE,2.95
23390,DOLLY GIRL MINI RUCKSACK,4.15
23389,SPACEBOY MINI RUCKSACK,4.15
23502,PLAYING CARDS VINTAGE DOILY,1.25
20678,LARGE BLACK DIAMANTE HAIRSLIDE,1.65
90168,2 DAISIES HAIR COMB,2.95
90169,DAISY HAIR COMB,2.55
90202A,PURPLE ENAMEL FLOWER HAIR TIE,2.95
90118,PINK DAISY BAG CHARM,2.55
90177A,CLASSIC DIAMANTE EARRINGS JET,2.95
90177E,DROP DIAMANTE EARRINGS GREEN,2.95
90182C,BLACK 3 BEAD DROP EARRINGS,2.95
21809,CHRISTMAS HANGING TREE WITH BELL,0.83
21824,PAINTED METAL STAR WITH HOLLY BELLS,0.83
22075,6 RIBBONS ELEGANT CHRISTMAS,1.63
22163,HEART STRING MEMO HOLDER HANGING,1.63
22336,DOVE DECORATION PAINTED ZINC,0.63
22337,ANGEL DECORATION PAINTED ZINC,0.63
22339,CHRISTMAS TREE PAINTED ZINC,0.63
22577,WOODEN HEART CHRISTMAS SCANDINAVIAN,0.83
22578,WOODEN STAR CHRISTMAS SCANDINAVIAN,0.83
22579,WOODEN TREE CHRISTMAS SCANDINAVIAN,0.83
22580,ADVENT CALENDAR GINGHAM SACK,4.13
22581,WOOD STOCKING CHRISTMAS SCANDISPOT,0.83
22592,CARDHOLDER HOLLY WREATH METAL,7.46
23058,CHRISTMAS HANGING SNOWFLAKE,2.46
23371,SET 36 COLOUR PENCILS SPACEBOY,2.46
23372,SET 36 COLOUR PENCILS DOLLY GIRL,2.46
23610,SET 10 CARDS CHRISTMAS ROBIN 17095,2.08
35953,FOLKART STAR CHRISTMAS DECORATIONS,0.61
35954,SMALL FOLKART STAR CHRISTMAS DEC,0.31
35964,FOLKART CLIP ON STARS,0.83
84247E,PACK OF 12 CHRISTMAS FUN CARDS,2.46
84509G,SET OF 4 FAIRY CAKE PLACEMATS,7.46
21014,SWISS CHALET TREE DECORATION,0.83
21015,DARK BIRD HOUSE TREE DECORATION,0.83
21744,SNOWFLAKE PORTABLE TABLE LIGHT,2.46
21810,CHRISTMAS HANGING STAR WITH BELL,0.83
21812,GARLAND WITH HEARTS AND BELLS,3.29
22599,CHRISTMAS MUSICAL ZINC STAR,0.83
23023,RIDGED BONNE JAM JAR T-LIGHT HOLDER,3.29
23365,SET 12 COLOUR PENCILS LOVE LONDON,1.25
23366,SET 12 COLOURING PENCILS DOILY,1.25
23367,SET 12 COLOUR PENCILS SPACEBOY,1.25
23510,MINI PLAYING CARDS GYMKHANA,0.83
23601,SET 10 CARDS SNOWY SNOWDROPS  17100,2.49
23632,SET 10 CARDS CHEERFUL ROBIN 17065,2.08
23370,SET 36 COLOURING PENCILS DOILY,1.25
22336,DOVE DECORATION PAINTED ZINC,0.19
22338,STAR DECORATION PAINTED ZINC,0.19
23516,EMBROIDERED RIBBON REEL SOPHIE,3.75
23519,EMBROIDERED RIBBON REEL CLAIRE,3.75
23494,VINTAGE DOILY DELUXE SEWING KIT,5.95
23506,MINI PLAYING CARDS SPACEBOY,0.42
22065,CHRISTMAS PUDDING TRINKET POT,0.39
21809,CHRISTMAS HANGING TREE WITH BELL,0.39
35964,FOLKART CLIP ON STARS,0.39
21818,GLITTER HEART DECORATION,0.39
84247E,PACK OF 12 CHRISTMAS FUN CARDS,2.95
22163,HEART STRING MEMO HOLDER HANGING,0.79
17003,BROCADE RING PURSE,0.39
22502,PICNIC BASKET WICKER SMALL,2.0
22414,DOORMAT NEIGHBOURHOOD WITCH,7.08
22365,DOORMAT RESPECTABLE HOUSE,7.08
22691,DOORMAT WELCOME SUNRISE,7.08
85125,SMALL ROUND CUT GLASS CANDLESTICK,4.25
22049,WRAP CHRISTMAS SCREEN PRINT,0.19
35599B,BLACK CHRISTMAS TREE 120CM,1.95
85017B,ENVELOPE 50 BLOSSOM IMAGES,1.25
21136,PAINTED METAL PEARS ASSORTED,3.12
22075,6 RIBBONS ELEGANT CHRISTMAS,3.29
22589,CARDHOLDER GINGHAM STAR,4.96
85129C,BEADED CRYSTAL HEART BLUE SMALL,2.46
20670,VIP HOLIDAY PURSE,5.79
BANK CHARGES,BANK CHARGES,0.001
22043,CHRISTMAS CARD SCREEN PRINT,0.19
POST,POSTAGE,5.0
22110,BIRD HOUSE HOT WATER BOTTLE,8.29
23413,VINTAGE COFFEE GRINDER BOX,4.15
POST,POSTAGE,1.36
21147,JINGLE BELLS TREE DECORATION,1.63
22065,CHRISTMAS PUDDING TRINKET POT,1.63
22338,STAR DECORATION PAINTED ZINC,0.63
22632,HAND WARMER RED RETROSPOT,4.13
23368,SET 12 COLOUR PENCILS DOLLY GIRL,1.25
23389,SPACEBOY MINI BACKPACK,8.29
23493,VINTAGE DOILY TRAVEL SEWING KIT,3.29
23506,MINI PLAYING CARDS SPACEBOY,0.83
23638,SET 10 CARDS ROBIN WATERPUMP  17096,2.91
23650,SET 10 CARDS FILIGREE BAUBLE 16961,2.49
84870B,BLUE GEISHA GIRL,7.46
20622,VIP PASSPORT COVER,4.13
22044,CHRISTMAS CARD STACK OF PRESENTS,0.19
22306,SILVER MUG BONE CHINA TREE OF LIFE,1.06
23203,JUMBO BAG VINTAGE DOILY,1.79
23284,DOORMAT KEEP CALM AND COME IN,7.08
79051A,SMOKEY GREY COLOUR GLASS,0.29
23283,DOORMAT VINTAGE LEAF,8.25
20868,SILVER FABRIC MIRROR,2.46
23037,CANDLE HOLDER SILVER MADELINE,3.29
23370,SET 36 COLOURING PENCILS DOILY,2.46
23502,PLAYING CARDS VINTAGE DOILY,2.46
23507,MINI PLAYING CARDS BUFFALO BILL,0.83
23508,MINI PLAYING CARDS DOLLY GIRL,0.83
23283,DOORMAT VINTAGE LEAF,4.58
23369,SET 36 COLOUR PENCILS LOVE LONDON,2.46
35967,FOLK ART METAL STAR T-LIGHT HOLDER,0.83
21030,SPACE CADET RED,2.46
21031,SPACE CADET BLACK,2.46
23390,DOLLY GIRL MINI BACKPACK,8.29
90128C,GREEN LEAVES AND BEADS PHONE CHARM,2.46
22366,DOORMAT AIRMAIL,7.08
48116,DOORMAT MULTICOLOUR STRIPE,7.08
23283,DOORMAT VINTAGE LEAF,7.08
22689,DOORMAT MERRY CHRISTMAS RED,7.08
22687,DOORMAT CHRISTMAS VILLAGE,7.08
23519,EMBROIDERED RIBBON REEL CLAIRE,7.46
90024D,NEW BAROQUE B'FLY NECKLACE PINK,8.32
21822,GLITTER CHRISTMAS TREE WITH BELLS,1.63
23461,SWEETHEART BIRD HOUSE,4.15
22660,DOORMAT I LOVE LONDON,8.25
22307,GOLD MUG BONE CHINA TREE OF LIFE,1.06
23466,TUSCAN VILLA DOVECOTE,8.25
23469,CARD HOLDER LOVE BIRD SMALL,4.15
23484,HEART TRELLISTRIPLE T-LIGHT HOLDER,2.89
23283,DOORMAT VINTAGE LEAF,8.0
23284,DOORMAT KEEP CALM AND COME IN,8.0
POST,POSTAGE,6.0
21817,GLITTER CHRISTMAS TREE,0.39
22339,CHRISTMAS TREE PAINTED ZINC,0.19
23114,VINTAGE LEAF CHOPPING BOARD,4.95
23117,POPPY FIELDS CHOPPING BOARD,4.95
23115,RED APPLES CHOPPING BOARD,4.95
22773,GREEN DRAWER KNOB ACRYLIC EDWARDIAN,3.29
23116,VEGETABLE GARDEN CHOPPING BOARD,4.95
23644,SET 10 CARDS CHRISTMAS TREE 16955,3.33
23470,CARD HOLDER LOVE BIRD LARGE,6.25
23524,HORSE & PONY WALL ART,3.75
23535,BICYCLE SAFTEY WALL ART,5.95
23534,STOP FOR TEA WALL ART,5.95
23541,WALL ART CLASSIC PUDDINGS,8.25
23525,BUFFALO BILL WALL ART,3.75
23532,WALL ART WORK REST AND PLAY,4.95
23539,WALL ART LOVES' SECRET,5.95
35819P,"ACRYLIC HANGING JEWEL,PINK",0.38
23406,HOME SWEET HOME KEY HOLDER,4.15
23404,HOME SWEET HOME BLACKBOARD,3.26
22189,CREAM HEART CARD HOLDER,2.32
23426,METAL SIGN DROP YOUR PANTS,1.6
23543,KEEP CALM WALL ART,7.45
23412,HEART MIRROR ANTIQUE WHITE,4.98
23401,RUSTIC MIRROR WITH LACE HEART,4.15
23527,ANIMALS AND NATURE WALL ART,3.75
23523,TREASURE AHOY WALL ART,3.75
23483,HANGING  BUTTERFLY T-LIGHT HOLDER,1.25
23529,DOLLY GIRL WALL ART,3.75
23528,SPACEBOY WALL ART,3.75
23526,DOG LICENCE WALL ART,5.95
23536,VILLAGE SHOW WALL ART,5.95
23544,WALL ART MID CENTURY MODERN,8.25
20974,12 PENCILS SMALL TUBE SKULL,0.55
23542,70'S ALPHABET WALL ART,8.25
23537,I LOVE LONDON WALL ART,4.95
23543,KEEP CALM WALL ART,8.25
23531,WALL ART BIG LOVE,6.95
23538,WALL ART VINTAGE HEART,4.95
23543,WALL ART KEEP CALM,8.25
23535,WALL ART BICYCLE SAFTEY,5.95
23403,LETTER HOLDER HOME SWEET HOME,2.49
22469,HEART OF WICKER SMALL,1.12
23132,SMALL IVORY HEART WALL ORGANISER,3.57
21174,POTTERING IN THE SHED METAL SIGN,1.49
23532,WALL ART WORK REST AND PLAY,3.89
23536,VILLAGE SHOW WALL ART,3.89
23543,KEEP CALM WALL ART,6.98
23541,WALL ART CLASSIC PUDDINGS,6.67
23540,WALL ART THE MAGIC FOREST,3.97
23529,DOLLY GIRL WALL ART,2.66
48111,DOORMAT 3 SMILEY CATS,7.08
48188,DOORMAT WELCOME PUPPIES,7.08
23531,WALL ART BIG LOVE,4.77
23400,SHELF WITH 4 HOOKS HOME SWEET HOME,4.15
23322,LARGE WHITE HEART OF WICKER,1.97
23133,LARGE IVORY HEART WALL ORGANISER,5.66
21908,CHOCOLATE THIS WAY METAL SIGN,1.49
82583,HOT BATHS METAL SIGN,1.49
23530,WALL ART ONLY ONE PERSON,3.58
23544,WALL ART MID CENTURY MODERN,5.68
23521,CAT AND BIRD WALL ART,1.12
23538,WALL ART VINTAGE HEART,3.58
23523,TREASURE AHOY WALL ART,2.66
23524,HORSE & PONY WALL ART,2.66
23536,WALL ART VILLAGE SHOW,5.95
23534,WALL ART STOP FOR TEA,5.95
23416,CHAMBRE HOOK,3.29
23509,MINI PLAYING CARDS FUN FAIR,0.83
84997B,CHILDRENS CUTLERY RETROSPOT RED,4.13
23514,EMBROIDERED RIBBON REEL SALLY,4.13
23528,WALL ART SPACEBOY,7.46
23604,SET 10 MINI SANTA & SNOWMAN  17087,1.66
23626,SET 10 CARDS DINKY TREE 17076,2.49
23530,WALL ART ONLY ONE PERSON,4.95
23531,WALL ART BIG LOVE,6.25
21481,FAWN BLUE HOT WATER BOTTLE,8.29
22771,CLEAR DRAWER KNOB ACRYLIC EDWARDIAN,3.29
22772,PINK DRAWER KNOB ACRYLIC EDWARDIAN,3.29
22775,PURPLE DRAWERKNOB ACRYLIC EDWARDIAN,3.29
23535,WALL ART BICYCLE SAFTEY,5.35
23526,WALL ART DOG LICENCE,5.35
22349,DOG BOWL CHASING BALL DESIGN,3.39
23537,WALL ART I LOVE LONDON,4.95
23542,WALL ART 70'S ALPHABET,8.25
23526,WALL ART DOG LICENCE,5.95
23533,WALL ART GARDEN HAVEN,5.95
23524,WALL ART HORSE & PONY,3.75
23525,WALL ART BUFFALO BILL,3.75
23527,WALL ART ANIMALS AND NATURE,3.75
85185B,PINK HORSE SOCK PUPPET KIT,2.95
22944,CHRISTMAS METAL POSTCARD WITH BELLS,0.39
23484,HEART TRELLIS TRIPLE T-LIGHT HOLDER,5.79
23515,EMBROIDERED RIBBON REEL DAISY,4.13
23516,EMBROIDERED RIBBON REEL SOPHIE,5.79
23527,WALL ART ANIMALS AND NATURE,7.46
90199B,5 STRAND GLASS NECKLACE AMETHYST,6.23
23521,WALL ART CAT AND BIRD,5.79
23465,TUSCAN VILLA FEEDING STATION,8.25
21955,DOORMAT UNION JACK GUNS AND ROSES,7.08
23538,WALL ART VINTAGE HEART,4.15
23470,CARD HOLDER LOVE BIRD LARGE,5.39
23543,WALL ART KEEP CALM,7.45
23537,WALL ART I LOVE LONDON,4.15
90129D,AMBER GLASS TASSLE BAG CHARM,2.95
90129E,PURPLE GLASS TASSLE BAG CHARM,2.95
22129,PARTY CONES CANDY DECORATION,0.85
23542,70'S ALPHABET WALL ART,7.45
23535,WALL ART BICYCLE SAFETY,5.95
23534,STOP FOR TEA WALL ART,5.35
23541,WALL ART CLASSIC PUDDINGS,7.45
23536,VILLAGE SHOW WALL ART,5.35
23528,WALL ART SPACEBOY,3.75
23529,WALL ART DOLLY GIRL,3.75
23501,KEY RING BASEBALL BOOT UNION JACK,1.25
23503,PLAYING CARDS KEEP CALM & CARRY ON,2.46
23504,PLAYING CARDS JUBILEE UNION JACK,2.46
23505,PLAYING CARDS I LOVE LONDON,2.46
23512,EMBROIDERED RIBBON REEL ROSIE,4.13
23605,SET 10 CARDS 12 DAYS OF XMAS 17059,2.91
23619,SET 10 CARDS POINSETTIA 17093,2.49
23635,SET 10 CARDS CHRISTMAS HOLLY  17259,4.16
71496A,A4 WALL TIDY BLUE OFFICE,0.53
71496B,A4 WALL TIDY RED FLOWERS,0.53
23391,I LOVE LONDON MINI RUCKSACK,4.15
23370,SET 36 COLOURING PENCILS DOILEY,1.25
23366,SET 12 COLOURING PENCILS DOILEY,0.65
23388,WOODLAND MINI RUCKSACK,4.15
23471,SIX DRAWER OFFICE TIDY,8.25
23484,HEART TRELLIS TRIPLE T-LIGHT HOLDER,2.89
23530,WALL ART ONLY ONE PERSON,4.15
84997C,CHILDRENS CUTLERY POLKADOT BLUE,3.75
POST,POSTAGE,0.55
23522,WALL ART DOG AND BALL,2.89
23521,WALL ART CAT AND BIRD,2.89
23540,WALL ART THE MAGIC FOREST,6.95
35953,FOLKART STAR CHRISTMAS DECORATIONS,0.39
23380,PACK OF 12 DOILEY TISSUES,0.39
23539,"WALL ART , LOVES' SECRET",5.95
23530,"WALL ART,ONLY ONE PERSON",4.95
23541,"WALL ART ,PUDDINGS",7.45
23534,WALL ART STOP FOR TEA,5.35
23500,KEY RING BASEBALL BOOT ASSORTED,1.25
21817,GLITTER CHRISTMAS TREE,1.63
22268,DECORATION SITTING BUNNY,1.21
23501,KEY RING BASEBALL BOOT UNION JACK,2.46
23612,SET 10 MINICARDS CUTE SNOWMAN 17071,1.66
79051A,SMOKEY GREY COLOUR GLASS,0.97
90012A,MIDNIGHT BLUE DROP CRYSTAL NECKLACE,2.95
23468,TUSCAN VILLA BIRD TABLE,8.25
21108,FAIRY CAKE FLANNEL ASSORTED COLOUR,0.79
23188,VINTAGE  2 METRE FOLDING RULER,1.65
90087,CRYSTAL SEA HORSE PHONE CHARM,0.85
21213,PACK OF 72 SKULL CAKE CASES,5.21
82600,N0 SINGING METAL SIGN,2.1
22306,SILVER MUG BONE CHINA TREE OF LIFE,8.29
20755,BLUE PAISLEY POCKET BOOK,1.63
POST,POSTAGE,6.32
23521,CAT AND BIRD WALL ART,2.89
23522,DOG AND BALL WALL ART,2.89
22598,CHRISTMAS MUSICAL ZINC TREE,0.29
22599,CHRISTMAS MUSICAL ZINC STAR,0.29
79157V,UBO-LIGHT TRIOBASE PURPLE,0.85
90189A,SILVER 2 STRAND NECKLACE-LEAF CHARM,7.5
90188,DROP EARRINGS W FLOWER & LEAF,2.55
90195A,PURPLE GEMSTONE BRACELET,2.95
90014A,SILVER M.O.P. ORBIT NECKLACE,2.95
90071,RUBY GLASS CLUSTER EARRINGS,1.25
90014B,GOLD M.O.P. ORBIT NECKLACE,2.95
85179A,GREEN BITTY LIGHT CHAIN,1.25
23466,TUSCAN VILLA DOVECOTE BIRD FEEDER,8.25
23021,GLASS BONNE JAM JAR,3.75
21967,PACK OF 12 SKULL TISSUES,0.79
23535,BICYCLE SAFTEY WALL ART,5.35
23526,DOG LICENCE WALL ART,5.35
23411,TRELLIS COAT RACK,4.15
23540,"WALL ART , THE MAGIC FOREST",6.95
23448,CREAM BUNNY EASTER EGG BASKET,1.65
23447,PINK BUNNY EASTER EGG BASKET,1.65
23446,BLUE BUNNY EASTER EGG BASKET,1.65
22380,TOY TIDY SPACEBOY,2.46
22598,CHRISTMAS MUSICAL ZINC TREE,0.83
23522,WALL ART DOG AND BALL,5.79
23523,WALL ART TREASURE AHOY,7.46
23525,WALL ART BUFFALO BILL,7.46
90123A,PINK HEART OF GLASS BRACELET,5.82
90025F,BAROQUE BUTTERFLY EARRINGS CRYSTAL,3.75
23038,T-LIGHT HOLDER SILVER SAUCER,1.63
23130,MISTLETOE HEART WREATH GREEN,8.29
84673B,BLUE FLY SWAT,1.63
85036C,ROSE 1 WICK MORRIS BOXED CANDLE,8.29
20662,FIRST CLASS HOLIDAY PURSE,5.79
90012B,BLACK DROP CRYSTAL NECKLACE,2.95
90200E,GREEN SWEETHEART BRACELET,3.75
90200D,PINK SWEETHEART BRACELET,3.75
72131,COLUMBIAN CANDLE RECTANGLE,1.65
23523,WALL ART TREASURE AHOY,3.75
21819,GLITTER CHRISTMAS STAR,1.63
23524,WALL ART HORSE & PONY,7.46
35933,PINK STOCKING CHRISTMAS DECORATION,1.63
85115B,S/4 BLACK DISCO PARTITION PANEL,8.29
23320,GIANT 50'S CHRISTMAS CRACKER,5.79
47369A,PINK GREEN EMBROIDERY COSMETIC BAG,5.79
23544,WALL ART MID CENTURY MODERN,7.45
21918,SET 12 KIDS COLOUR  CHALK STICKS,0.36
M,MANUAL,0.36
POST,POSTAGE,4.5
90013B,BLACK VINTAGE EARRINGS,3.75
90065B,BLACK VINT ART DEC CRYSTAL BRACELET,6.75
23127,FELTCRAFT GIRL NICOLE KIT,4.15
23126,FELTCRAFT GIRL AMELIE KIT,4.15
22940,FELTCRAFT CHRISTMAS FAIRY,3.75
22750,FELTCRAFT PRINCESS LOLA DOLL,3.39
22749,FELTCRAFT PRINCESS CHARLOTTE DOLL,3.39
22271,FELTCRAFT DOLL ROSIE,2.55
23188,VINTAGE  2 METRE FOLDING RULER,3.29
23511,EMBROIDERED RIBBON REEL EMILY,4.13
23513,EMBROIDERED RIBBON REEL SUSIE,4.13
23517,EMBROIDERED RIBBON REEL REBECCA,5.79
23101,SILVER STARS TABLE DECORATION,2.46
22273,FELTCRAFT DOLL MOLLY,2.55
85034A,3 GARDENIA MORRIS BOXED CANDLES,1.25
85036C,ROSE 1 WICK MORRIS BOXED CANDLE,1.25
85035A,GARDENIA 3 WICK MORRIS BOXED CANDLE,1.25
23382,BOX OF 6 CHRISTMAS CAKE DECORATIONS,3.75
23660,HENRIETTA HEN MUG,1.65
23661,MILK MAIDS MUG,1.65
23564,EGG CUP MILKMAID INGRID,1.25
85036A,GARDENIA 1 WICK MORRIS BOXED CANDLE,1.25
22804,PINK HANGING HEART T-LIGHT HOLDER,2.95
23461,SWEETHEART BIRD HOUSE,8.29
22110,BIRD HOUSE HOT WATER BOTTLE,5.79
22834,HAND WARMER BABUSHKA DESIGN,8.33
82583,HOT BATHS METAL SIGN,8.33
23567,EGG CUP HENRIETTA HEN PINK,1.25
22144,CHRISTMAS CRAFT LITTLE FRIENDS,1.85
22142,CHRISTMAS CRAFT WHITE FAIRY,1.25
22141,CHRISTMAS CRAFT TREE TOP ANGEL,1.85
48173C,DOORMAT BLACK FLOCK,7.08
M,MANUAL,0.12
23128,FELTCRAFT BOY JEAN-PAUL KIT,4.15
22150,3 STRIPEY MICE FELTCRAFT,1.65
20972,PINK CREAM FELT CRAFT TRINKET BOX,1.06
22751,FELTCRAFT PRINCESS OLIVIA DOLL,3.39
22274,FELTCRAFT DOLL EMILY,2.55
23490,T-LIGHT HOLDER HANGING LOVE BIRD,3.75
23453,OVAL  MINI PORTRAIT FRAME,1.95
23452,HEART MINI PORTRAIT FRAME,1.95
20998,ROSE DU SUD OVEN GLOVE,2.55
23451,SQUARE MINI PORTRAIT FRAME,1.95
23482,PEARLISED IVORY HEART LARGE,1.65
23469,CARD HOLDER LOVE BIRD SMALL,8.29
23603,SET 10 CARD KRAFT REINDEER 17084,2.49
84012,MAGIC SHEEP WOOL GROWING FROM PAPER,4.96
23565,EGG CUP MILKMAID HELGA,1.25
23456,MEDIUM PARLOUR PICTURE FRAME,4.15
23464,VINTAGE ZINC WATERING CAN SMALL,4.95
23405,HOME SWEET HOME 2 DRAWER CABINET,4.15
23410,CURIO CABINET LINEN AND LACE,7.05
21812,GARLAND WITH HEARTS AND BELLS,4.25
21317,GLASS SPHERE CANDLE STAND MEDIUM,4.95
84609,TALL ROCOCO CANDLE HOLDER,7.25
82011C,BATHROOM SCALES FOOTPRINTS IN SAND,2.95
82011B,BATHROOM SCALES RUBBER DUCKS,2.95
21110,LARGE CAKE TOWEL PINK SPOTS,5.95
21109,LARGE CAKE TOWEL CHOCOLATE SPOTS,5.95
21484,CHICK GREY HOT WATER BOTTLE,3.75
84600,NEW BAROQUE JEWELLERY BOX,6.95
21711,FOLDING UMBRELLA WHITE/RED POLKADOT,4.25
21709,FOLDING UMBRELLA CHOCOLATE POLKADOT,4.25
21710,FOLDING UMBRELLA PINKWHITE POLKADOT,4.25
21708,FOLDING UMBRELLA CREAM POLKADOT,4.25
21706,FOLDING UMBRELLA RED/WHITE POLKADOT,4.25
21625,VINTAGE UNION JACK APRON,5.95
21630,FLOOR CUSHION ELEPHANT CARNIVAL,7.95
21629,SQUARE FLOOR CUSHION VINTAGE RED,6.95
22476,EMPIRE UNION JACK TV DINNER TRAY,4.25
22473,TV DINNER TRAY VINTAGE PAISLEY,4.25
35004G,SET OF 3 GOLD FLYING DUCKS,4.65
23401,RUSTIC MIRROR WITH LACE HEART,5.39
84708B,PINK JEWELLED PHOTO FRAME,4.25
23409,PHOTO FRAME LINEN AND LACE LARGE,3.29
22512,DOORSTOP RACING CAR DESIGN,3.39
23128,FELTCRAFT BOY JEAN-PAUL KIT,4.18
22442,GROW YOUR OWN FLOWERS SET OF 3,6.75
23406,HOME SWEET HOME KEY HOLDER,5.39
23457,LARGE PARLOUR PICTURE FRAME,4.95
23455,SMALL PARLOUR PICTURE FRAME,2.89
23568,EGG CUP HENRIETTA HEN CREAM,1.25
84661b,BLACK SQUARE TABLE CLOCK,4.96
23566,EGG CUP MILKMAID HEIDI,1.25
23467,VINTAGE ZINC PLANTER,3.29
85179C,PINK BITTY LIGHT CHAIN,1.25
23479,WIRE EGG BASKET,7.85
20663,QUEEN OF THE SKIES HOLIDAY PURSE,5.79
22804,PINK HANGING HEART T-LIGHT HOLDER,5.79
23216,LAUREL HEART ANTIQUE GOLD,2.46
85104,SILVER GLASS T-LIGHT SET,5.79
23481,PEARLISED IVORY HEART SMALL,1.25
21618,4 WILDFLOWER BOTANICAL CANDLES,3.29
22481,BLACK TEA TOWEL CLASSIC DESIGN,2.46
23198,PANTRY MAGNETIC  SHOPPING LIST,1.63
23382,BOX OF 6 CHRISTMAS CAKE DECORATIONS,7.46
23564,EGG CUP MILKMAID INGRID,2.46
23565,EGG CUP MILKMAID HELGA,2.46
23566,EGG CUP MILKMAID HEIDI,2.46
23484,HEART TRELLISTRIPLE T-LIGHT HOLDER,2.49
90191,SILVER LARIAT 40CM,2.95
23367,SET 12 COLOUR PENCILS SPACEBOY,0.55
23365,SET 12 COLOUR PENCILS LOVE LONDON,0.55
23368,SET 12 COLOUR PENCILS DOLLY GIRL,0.55
23469,CARD HOLDER LOVE BIRD SMALL,3.29
23483,HANGING  BUTTERFLY T-LIGHT HOLDER,1.04
23484,HEART TRELLIS TRIPLE T-LIGHT HOLDER,2.49
23500,KEY RING BASEBALL BOOT ASSORTED,1.04
23501,KEY RING BASEBALL BOOT UNION JACK,1.04
23502,PLAYING CARDS VINTAGE DOILY,1.04
23503,PLAYING CARDS KEEP CALM & CARRY ON,1.04
23508,MINI PLAYING CARDS DOLLY GIRL,0.36
23506,MINI PLAYING CARDS SPACEBOY,0.36
23509,MINI PLAYING CARDS FUN FAIR,0.36
23504,PLAYING CARDS JUBILEE UNION JACK,1.04
23507,MINI PLAYING CARDS BUFFALO BILL,0.36
23511,EMBROIDERED RIBBON REEL EMILY,1.79
23514,EMBROIDERED RIBBON REEL SALLY,1.79
23517,EMBROIDERED RIBBON REEL REBECCA,2.49
23512,EMBROIDERED RIBBON REEL ROSIE,1.79
23515,EMBROIDERED RIBBON REEL DAISY,1.79
23523,WALL ART TREASURE AHOY,3.29
23521,WALL ART CAT AND BIRD,2.49
23524,WALL ART HORSE & PONY,3.29
23527,WALL ART ANIMALS AND NATURE,3.29
23522,WALL ART DOG AND BALL,2.49
23525,WALL ART BUFFALO BILL,3.29
23528,WALL ART SPACEBOY,3.29
23532,WALL ART WORK REST AND PLAY,4.15
23539,WALL ART LOVES' SECRET,5.35
22800,ANTIQUE TALL SWIRLGLASS TRINKET POT,3.39
23074,EMBOSSED HEART TRINKET BOX,1.79
21789,KIDS RAIN MAC PINK,0.65
21787,RAIN PONCHO RETROSPOT,0.65
23280,FOLDING BUTTERFLY MIRROR HOT PINK,0.72
23282,FOLDING BUTTERFLY MIRROR IVORY,0.72
84970S,HANGING HEART ZINC T-LIGHT HOLDER,0.72
84947,ANTIQUE SILVER TEA GLASS ENGRAVED,1.06
84946,ANTIQUE SILVER T-LIGHT GLASS,1.06
21012,ANTIQUE ALL GLASS CANDLESTICK,1.69
72598,SET/12 TAPER CANDLES,0.64
21804,WHITE CHRISTMAS GARLAND STARS TREES,3.39
21820,GLITTER HEART GARLAND WITH BELLS,3.39
22337,ANGEL DECORATION PAINTED ZINC,0.55
23223,CHRISTMAS TREE HANGING SILVER,0.72
35970,ZINC FOLKART SLEIGH BELLS,1.49
22573,STAR WOODEN CHRISTMAS DECORATION,0.72
22574,HEART WOODEN CHRISTMAS DECORATION,0.72
22576,SWALLOW WOODEN CHRISTMAS DECORATION,0.72
22581,WOOD STOCKING CHRISTMAS SCANDISPOT,0.72
22601,CHRISTMAS RETROSPOT ANGEL WOOD,0.72
22603,CHRISTMAS RETROSPOT TREE WOOD,0.72
22158,3 HEARTS HANGING DECORATION RUSTIC,2.55
22575,METAL MERRY CHRISTMAS WREATH,1.65
20829,GLITTER HANGING BUTTERFLY STRING,1.69
23275,SET OF 3 HANGING OWLS OLLIE BEAK,1.04
35924,HANGING FAIRY CAKE DECORATION,1.69
21114,LAVENDER SCENTED FABRIC HEART,1.06
23398,HANGING HEART BONHEUR,0.72
23399,HOME SWEET HOME HANGING HEART,0.72
22466,FAIRY TALE COTTAGE NIGHT LIGHT,1.65
21464,DISCO BALL ROTATOR BATTERY OPERATED,3.75
22310,IVORY KNITTED MUG COSY,1.45
22314,OFFICE MUG WARMER CHOC+BLUE,2.55
21224,SET/4 SKULL BADGES,1.06
23579,SNACK TRAY I LOVE LONDON,1.95
21619,4 VANILLA BOTANICAL CANDLES,3.29
22947,WOODEN ADVENT CALENDAR RED,7.95
23702,HIGH RESOLUTION IMAGE,3.0
23453,OVAL  MINI PORTRAIT FRAME,4.13
23480,MINI LIGHTS WOODLAND MUSHROOMS,3.75
23529,WALL ART DOLLY GIRL,7.46
21617,4 LILY  BOTANICAL DINNER CANDLES,3.29
21620,SET OF 4 ROSE BOTANICAL CANDLES,3.29
23489,"GARLAND, VINTAGE BELLS",2.89
23491,VINTAGE JINGLE BELLS HEART,8.25
23492,VINTAGE JINGLE BELLS WREATH,8.25
35599D,PINK AND WHITE CHRISTMAS TREE 120CM,1.95
23477,WOODLAND LARGE BLUE FELT HEART,1.25
23478,WOODLAND LARGE PINK FELT HEART,1.25
23476,WOODLAND LARGE RED FELT HEART,1.25
23499,SET 12 VINTAGE DOILY CHALK,0.42
23541,"WALL ART ,PUDDINGS",8.25
23489,VINTAGE BELLS GARLAND,2.89
23457,LARGE PARLOUR PICTURE FRAME,4.5
23461,SWEETHEART BIRD HOUSE,3.75
90164B,WHITE  ROSEBUD PEARL BRACELET,1.95
23413,DECROTIVEVINTAGE COFFEE GRINDER BOX,4.95
23473,WOODLAND SMALL RED FELT HEART,0.83
22735,RIBBON REEL SOCKS AND MITTENS,7.5
35638A,PINK AND BLACK STRING CURTAIN,1.95
82482,WOODEN PICTURE FRAME WHITE FINISH,1.92
23400,SHELF WITH 4 HOOKS HOME SWEET HOME,4.14
23570,TRADITIONAL PICK UP STICKS GAME,1.25
23454,SET OF 3 MINI HANGING PORTRAITS,4.15
23571,TRADITIONAL NAUGHTS & CROSSES,1.65
23569,TRADTIONAL ALPHABET STAMP SET,4.95
23305,SET 4 PICNIC CUTLERY BLUEBERRY,1.95
90180A,BLACK+WHITE NECKLACE W TASSEL,2.95
23454,THREE MINI HANGING FRAMES,4.15
23072,MARIE ANTOINETTE TRINKET BOX SILVER,3.0
23071,MARIE ANTOINETTE TRINKET BOX GOLD,3.0
23474,WOODLAND SMALL BLUE FELT HEART,0.83
22867,HAND WARMER BIRD DESIGN,4.96
23500,KEY RING BASEBALL BOOT ASSORTED,2.46
23636,SET 10 CARDS WISHING TREE 17116,2.91
23480,MINI LIGHTS WOODLAND MUSHROOMS,7.46
23567,EGG CUP HENRIETTA HEN PINK,2.46
23568,EGG CUP HENRIETTA HEN CREAM,2.46
23058,CHRISTMAS HANGING SNOWFLAKE,4.96
23131,MISTLETOE HEART WREATH CREAM,8.29
21232,STRAWBERRY CERAMIC TRINKET POT,2.46
23272,TREE T-LIGHT HOLDER WILLIE WINKIE,3.29
23499,SET 12 VINTAGE DOILY CHALK,0.83
23582,VINTAGE DOILY JUMBO BAG RED,2.08
23583,LUNCH BAG PAISLEY PARK,1.65
79157B,UBO-LIGHT TRIOBASE BLUE,0.85
23581,JUMBO BAG PAISLEY PARK,2.08
22950,SET OF 36 VINTAGE CHRISTMAS DOILIES,1.45
POST,POSTAGE,4.48
22416,SET OF 36 SPACEBOY PAPER DOILIES,1.45
22949,SET OF 36 DOLLY GIRL PAPER DOILIES,1.45
21232,STRAWBERRY CERAMIC TRINKET POT,1.25
23456,MEDIUM PARLOUR PICTURE FRAME,3.75
23413,DECORATIVE VINTAGE COFFEE  BOX,4.95
23306,SET OF 36 PANTRY PAPER DOILIES,1.45
22382,LUNCH BAG SPACEBOY DESIGN,8.33
23400,SHELF WITH 4 HOOKS HOME SWEET HOME,5.39
23403,LETTER HOLDER HOME SWEET HOME,3.25
20969,RED FLORAL FELTCRAFT SHOULDER BAG,4.13
22949,SET OF 36 DOLLY GIRL PAPER DOILIES,2.92
23306,SET OF 36 PANTRY PAPER DOILIES,2.92
48129,DOORMAT TOPIARY,7.08
21098,CHRISTMAS TOILET ROLL,1.06
22726,ALARM CLOCK BAKELIKE GREEN,3.39
85034C,3 ROSE MORRIS BOXED CANDLES,3.81
90016A,SILVER/M.O.P PENDANT ORBIT NECKLACE,4.25
90146,FINE SILVER NECKLACE W PASTEL FLOWE,3.75
90032,IVORY SHELL HEART NECKLACE,3.13
23542,WALL ART 70'S ALPHABET,7.45
23303,SET 4 PICNIC CUTLERY FONDANT,1.95
23084,RABBIT NIGHT LIGHT,1.67
22652,TRAVEL SEWING KIT,1.45
22971,QUEENS GUARD COFFEE MUG,2.1
90210B,CLEAR ACRYLIC FACETED BANGLE,1.0
90210D,PURPLE ACRYLIC FACETED BANGLE,1.0
23475,WOODLAND SMALL PINK FELT HEART,0.83
23570,TRADITIONAL PICK UP STICKS GAME,2.46
23615,SET 10 CARDS PRINTED GRAPHIC 17219,2.49
23645,SET 10 CHRISTMAS CARDS HOHOHO 16956,2.49
23654,SET 10 CARD SNOWMAN 16965,2.49
82001S,SILVER RECORD COVER FRAME,3.75
90130C,GREEN STONE/CRYSTAL EARRINGS,2.95
90130A,WHITE STONE/CRYSTAL EARRINGS,2.95
DOT,DOTCOM POSTAGE,6.63
23304,SET 4 PICNIC CUTLERY CHERRY,1.95
23497,CLASSIC CHROME BICYCLE BELL,1.45
23495,SET OF 3 PANTRY WOODEN SPOONS,1.25
23496,PANTRY KITCHEN THERMOMETER,1.25
22989,SET 2 PANTRY DESIGN TEA TOWELS,3.28
23243,SET OF TEA COFFEE SUGAR TINS PANTRY,1.71
21981,PACK OF 12 WOODLAND TISSUES,0.79
82001s,SILVER RECORD COVER FRAME,7.46
23489,VINTAGE BELLS GARLAND,5.79
23530,WALL ART ONLY ONE PERSON,7.46
20796,SMALL BLUE PROVENCAL CERAMIC BALL,3.29
21197,MULTICOLOUR  CONFETTI IN TUBE,1.63
21615,4 LAVENDER BOTANICAL DINNER CANDLES,3.29
21616,4 PEAR BOTANICAL DINNER CANDLES,3.29
22581,WOOD STOCKING CHRISTMAS SCANDISPOT,4.13
22950,SET OF 36 VINTAGE CHRISTMAS DOILIES,2.92
23322,LARGE WHITE HEART OF WICKER,3.29
23391,I LOVE LONDON MINI BACKPACK,8.29
23473,WOODLAND SMALL RED FELT HEART,1.63
23474,WOODLAND SMALL BLUE FELT HEART,1.63
23475,WOODLAND SMALL PINK FELT HEART,1.63
23476,WOODLAND LARGE RED FELT HEART,2.46
23477,WOODLAND LARGE BLUE FELT HEART,2.46
23478,WOODLAND LARGE PINK FELT HEART,2.46
23482,PEARLISED IVORY HEART LARGE,3.29
23490,T-LIGHT HOLDER HANGING LOVE BIRD,7.46
23571,TRADITIONAL NAUGHTS & CROSSES,3.29
23628,SET 10 CARDS TRIANGLE ICONS  17220,2.91
23633,SET 10 CARDS WORLD CHILDREN 17067,2.49
23643,SET 10 CARDS CHRISTMAS BAUBLE 16954,3.33
23661,MILK MAIDS MUG,4.13
46776a,WOVEN BUBBLE GUM CUSHION COVER,4.13
46776b,WOVEN BERRIES CUSHION COVER,4.13
46776e,WOVEN CANDY CUSHION COVER,4.13
46776f,WOVEN ROSE GARDEN CUSHION COVER,4.13
47593b,SCOTTIE DOGS BABY BIB,0.83
51014c,"FEATHER PEN,COAL BLACK",0.83
90024F,NEW BAROQUE B'FLY NECKLACE CRYSTAL,8.32
90183c,BLACK DROP EARRINGS W LONG BEADS,2.9
23539,WALL ART LOVES' SECRET,5.79
POST,POSTAGE,2.46
21466,RED FLOWER CROCHET FOOD COVER,2.95
84970L,SINGLE HEART ZINC T-LIGHT HOLDER,1.04
35968,FOLK ART METAL HEART T-LIGHT HOLDER,0.2
47016,LIGHT DECORATION BATTERY OPERATED,2.1
23691,KEEP CALM BIRTHDAY WRAP,0.42
21821,GLITTER STAR GARLAND WITH BELLS,3.39
21813,GARLAND WITH STARS AND BELLS,4.25
23131,MISTLETOE HEART WREATH CREAM,3.75
23129,HEART SHAPED HOLLY WREATH,3.75
23467,VINTAGE ZINC PLANTER,6.25
23581,JUMBO BAG PAISLEY PARK,4.13
23582,VINTAGE DOILY JUMBO BAG RED,4.13
23583,LUNCH BAG PAISLEY PARK,4.13
72811,SMALL ZINC/GLASS CANDLEHOLDER,2.92
90063B,BLACK VINT ART DEC CRYSTAL NECKLACE,8.32
23497,CLASSIC CHROME BICYCLE BELL,3.29
23487,SWEET HEART CAKE CARRIER,8.25
23479,WIRE EGG BASKET,6.65
90199B,5 STRAND GLASS NECKLACE AMETHYST,6.35
90069,RUBY GLASS CLUSTER NECKLACE,7.5
90176A,CLASSIC DIAMANTE NECKLACE JET,7.5
90176B,DIAMANTE NECKLACE BLACK,7.5
23691,WRAP KEEP CALM BIRTHDAY,0.42
23608,SET 10 CARDS RUDOLPHS NOSE 17097,2.91
84875B,GREEN SQUARE COMPACT MIRROR,7.46
23403,LETTER HOLDER HOME SWEET HOME,2.48
22753,SMALL YELLOW BABUSHKA NOTEBOOK,0.2
22755,SMALL PURPLE BABUSHKA NOTEBOOK,0.2
22754,SMALL RED BABUSHKA NOTEBOOK,0.2
51014A,"FEATHER PEN,HOT PINK",0.2
51014L,"FEATHER PEN,LIGHT PINK",0.2
22209,WOOD STAMP SET HAPPY BIRTHDAY,0.5
22211,WOOD STAMP SET FLOWERS,0.5
22208,WOOD STAMP SET THANK YOU,0.5
22210,WOOD STAMP SET BEST WISHES,0.5
23681,LUNCH BAG RED VINTAGE DOILY,1.65
20713,JUMBO BAG OWLS,1.79
23582,VINTAGE DOILY JUMBO BAG RED,1.79
23583,LUNCH BAG PAISLEY PARK,1.45
72783,BLACK SIL'T SQU CANDLE PLATE,2.1
82001S,SILVER RECORD COVER FRAME,3.39
23479,WIRE EGG BASKET,6.95
90162A,ANT SILVER TURQUOISE BOUDICCA RING,2.95
21407,BROWN CHECK CAT DOORSTOP,3.0
21243,PINK POLKADOT PLATE,1.69
23502,PLAYING CARDS VINTAGE DOILY,2.95
23352,ROLL WRAP 50'S RED CHRISTMAS,2.95
23311,VINTAGE CHRISTMAS STOCKING,5.95
22659,LUNCH BOX I LOVE LONDON,4.95
72800B,4 PURPLE FLOCK DINNER CANDLES,4.96
21714,CITRONELLA CANDLE GARDEN POT,6.54
22631,CIRCUS PARADE LUNCH BOX,4.96
22805,BLUE DRAWER KNOB ACRYLIC EDWARDIAN,3.29
20724,RED RETROSPOT CHARLOTTE BAG,5.63
79161A,ST GEORGE SET OF 10 PARTY LIGHTS,2.95
23084,RABBIT NIGHT LIGHT,4.96
23660,HENRIETTA HEN MUG,4.13
85071B,RED CHARLIE+LOLA PERSONAL DOORSIGN,1.63
23496,PANTRY KITCHEN THERMOMETER,2.46
23454,THREE MINI HANGING FRAMES,8.29
23495,SET OF 3 PANTRY WOODEN SPOONS,2.46
90001B,ANTIQUE MID BLUE FLOWER EARRINGS,4.15
23452,HEART MINI PORTRAIT FRAME,1.65
23453,OVAL  MINI PORTRAIT FRAME,1.65
23451,SQUARE MINI PORTRAIT FRAME,1.65
23481,PEARLISED IVORY HEART SMALL,1.04
23482,PEARLISED IVORY HEART LARGE,1.45
23497,CLASSIC CHROME BICYCLE BELL,1.25
84992,72 SWEETHEART FAIRY CAKE CASES,0.42
21976,PACK OF 60 MUSHROOM CAKE CASES,0.42
85152,HAND OVER THE CHOCOLATE   SIGN,1.85
23426,METAL SIGN DROP YOUR PANTS,2.49
21770,OPEN CLOSED METAL SIGN,4.25
23692,WRAP A PRETTY THANK YOU,0.42
23695,DOILY THANK YOU CARD,0.42
90119,METALIC LEAVES BAG CHARMS,2.55
23697,A PRETTY THANK YOU CARD,0.42
90195B,BLACK GEMSTONE BRACELET,2.95
23616,SET 10 CARDS JINGLE BELLS 17217,2.49
23681,LUNCH BAG RED VINTAGE DOILY,4.13
79191B,RETRO PLASTIC POLKA TRAY,1.63
22922,FRIDGE MAGNETS US DINER ASSORTED,1.8
90164A,PINK ROSEBUD PEARL BRACELET,1.95
23465,TUSCAN VILLA BIRD FEEDER,8.25
23535,WALL ART BICYCLE SAFETY,5.35
23598,PAPER BUNTING VINTAGE PARTY,2.95
23597,PAPER BUNTING PAISLEY PARK,2.95
21642,ASSORTED TUTTI FRUTTI PEN,1.63
23621,SET 10 CARDS DAVID'S MADONNA 17074,2.49
23627,SET 10 CARDS XMAS GRAPHIC  17218,2.49
90055,CRACKED GLAZE EARRINGS BROWN,2.48
21243,PINK POLKADOT PLATE,3.29
23208,LUNCH BAG VINTAGE LEAF DESIGN,8.33
23457,LARGE PARLOUR FRAME,4.95
23456,MEDIUM PARLOUR FRAME,4.15
23455,SMALL PARLOUR FRAME,2.89
23420,PANTRY HOOK TEA STRAINER,4.13
23451,SQUARE MINI PORTRAIT FRAME,4.13
23602,SET 10 CARDS 3 WISE MEN 17107,2.91
POST,POSTAGE,1.34
23664,FLOWER SHOP DESIGN MUG,1.65
23702,HIGH RESOLUTION IMAGE,1.5
22511,RETROSPOT BABUSHKA DOORSTOP,7.46
22643,SET OF 4 NAPKIN CHARMS LEAVES,4.96
23036,T-LIGHT HOLDER SILVER PETIT FOUR,2.46
17191A,ROSE FLOWER CANDLE+INCENSE 16X16CM,3.75
22614,PACK OF 12 SPACEBOY TISSUES,0.79
M,MANUAL,0.29
35598C,WHITE CHRISTMAS TREE 60CM,2.95
22993,SET OF 4 PANTRY JELLY MOULDS,1.48
22728,ALARM CLOCK BAKELIKE PINK,4.18
22960,JAM MAKING SET WITH JARS,4.6
23395,BELLE JARDINIERE CUSHION COVER,3.29
23396,LE JARDIN BOTANIQUE CUSHION COVER,3.29
84997D,CHILDRENS CUTLERY POLKADOT PINK,3.75
23694,PAISLEY PARK CARD,0.42
22812,PACK 3 BOXES CHRISTMAS PANETTONE,1.95
23310,BUBBLEGUM RING ASSORTED,0.42
23359,SET OF 12 T-LIGHTS VINTAGE DOILY,4.13
23598,PAPER BUNTING VINTAGE PARTY,5.79
23694,PAISLEY PARK CARD,0.83
23697,A PRETTY THANK YOU CARD,0.83
22584,PACK OF 6 PANETTONE GIFT BOXES,4.96
22654,DELUXE SEWING KIT,5.79
22813,PACK 3 BOXES BIRD PANETTONE,4.13
21822,GLITTER CHRISTMAS TREE WITH BELLS,4.13
22812,PACK 3 BOXES CHRISTMAS PANETTONE,4.13
71477,COLOURED GLASS STAR T-LIGHT HOLDER,6.63
82001S,SILVER RECORD COVER FRAME,7.46
84859C,PINK DISCO HANDBAG,4.13
23518,EMBROIDERED RIBBON REEL RACHEL,6.95
23517,EMBROIDERED RIBBON REEL REBECCA,6.95
23516,EMBROIDERED RIBBON REEL SOPHIE,6.95
23515,EMBROIDERED RIBBON REEL DAISY,4.95
23360,SET 8 CANDLES VINTAGE DOILY,4.95
23247,BISCUIT TIN 50'S CHRISTMAS,6.95
23101,SILVER STARS TABLE DECORATION,1.95
21868,POTTING SHED TEA MUG,1.65
71477,COLOURED GLASS STAR T-LIGHT HOLDER,3.95
23454,SET OF 3 MINI HANGING PORTRAITS,3.75
23457,LARGE PARLOUR FRAME,4.5
23456,MEDIUM PARLOUR FRAME,3.75
23497,CLASSIC CROME BICYCLE BELL,1.45
23649,SET 10 CARDS DECK THE HALLS 16960,2.49
23695,DOILY THANK YOU CARD,0.83
23442,12 HANGING EGGS HAND PAINTED,2.08
23449,SET OF 6 EASTER RAINBOW CHICKS,1.25
22813,PACK 3 BOXES BIRD PANETTONE,1.95
21758,VINTAGE SHELLS PRINT,5.95
23355,HOT WATER BOTTLE KEEP CALM,8.29
85071D,CHARLIE+LOLA MY ROOM DOOR SIGN,1.63
22042,CHRISTMAS CARD SINGING ANGEL,0.83
22352,LUNCH BOX WITH CUTLERY RETROSPOT,4.13
35598A,DUSTY PINK CHRISTMAS TREE 60CM,2.95
23520,EMBROIDERED RIBBON REEL RUBY,7.46
21847,GREEN  DIAMANTE PEN IN GIFT BOX,8.29
23518,EMBROIDERED RIBBON REEL RACHEL,5.79
85107,CUT GLASS T-LIGHT HOLDER OCTAGON,4.96
90176B,DIAMANTE NECKLACE BLACK,7.48
23428,IVORY RETRO KITCHEN WALL CLOCK,8.15
23466,TUSCAN VILLA DOVECOTE BIRD FEEDER,7.5
23428,IVORY RETRO KITCHEN WALL CLOCK,7.05
23597,PAPER BUNTING PAISLEY PARK,5.79
23652,SET 10 CARD CHRISTMAS STAMPS 16963,2.91
22584,PACK OF 6 PANETTONE GIFT BOXES,2.55
71053,WHITE MOROCCAN METAL LANTERN,8.29
84206B,CAT WITH SUNGLASSES BLANK CARD,0.19
23301,GARDENERS KNEELING PAD KEEP CALM,4.13
23430,BLUE RETRO KITCHEN WALL CLOCK,8.15
23429,RED RETRO KITCHEN WALL CLOCK,8.15
23355,HOT WATER BOTTLE KEEP CALM,4.25
22312,OFFICE MUG WARMER POLKADOT,2.46
23206,LUNCH BAG APPLE DESIGN,8.33
10135,COLOURING PENCILS BROWN TUBE,0.25
21370,MIRRORED WALL ART FOXY,1.65
22033,BOTANICAL ROSE GREETING CARD,0.83
22034,ROBIN CHRISTMAS CARD,0.83
23452,HEART MINI PORTRAIT FRAME,4.13
90179B,PURPLE FINE BEAD NECKLACE W TASSEL,5.82
71053,WHITE MOROCCAN METAL LANTERN,3.75
23441,HAND PAINTED HANGING EASTER EGG,0.42
22312,OFFICE MUG WARMER POLKADOT,8.29
72802c,VANILLA SCENT CANDLE JEWELLED BOX,8.29
85049c,ROMANTIC PINKS RIBBONS,2.46
72127,COLUMBIAN CANDLE ROUND,1.06
84859B,BLUE DISCO HANDBAG,4.13
22125,UNION JACK HOT WATER BOTTLE,5.95
71477,COLOURED GLASS STAR T-LIGHT HOLDER,3.29
84712B,PINK JEWELLED PHOTO FRAME,6.36
71053,WHITE MOROCCAN METAL LANTERN,3.39
47567B,TEA TIME KITCHEN APRON,4.65
23529,WALL ART DOLLY GIRL,3.29
23494,VINTAGE DOILY DELUXE SEWING KIT,4.95
23480,MINI LIGHTS WOODLAND MUSHROOMS,3.29
22990,COTTON APRON PANTRY DESIGN,4.25
21707,FOLDING UMBRELLA BLACKBLUE POLKADOT,4.25
20936,FORKED CACTUS CANDLE,2.55
23481,PEARLISED IVORY HEART SMALL,2.46
90076,MONTANA DIAMOND CLUSTER EARRINGS,2.9
90211A,DIAMOND LAS VEGAS NECKLACE 45CM,5.82
21162,TOXIC AREA  DOOR HANGER,0.38
22416,SET OF 36 SPACEBOY PAPER DOILIES,2.92
23365,SET 12 COLOUR PENCILS LOVE LONDON,0.63
90161B,ANT COPPER TURQ BOUDICCA BRACELET,4.96
90161C,ANT COPPER LIME BOUDICCA BRACELET,4.96
90011A,MIDNIGHT BLUE CRYSTAL DROP EARRINGS,2.95
23440,PAINT YOUR OWN EGGS IN CRATE,2.08
23552,BICYCLE PUNCTURE REPAIR KIT,2.08
23498,CLASSIC BICYCLE CLIPS,1.45
23358,HOT STUFF HOT WATER BOTTLE,8.29
84550,CROCHET LILAC/RED BEAR KEYRING,1.65
84971l,LARGE HEART FLOWERS HOOK,2.46
85034b,3 WHITE CHOC MORRIS BOXED CANDLES,8.29
22581,WOOD STOCKING CHRISTMAS SCANDISPOT,0.29
21175,GIN AND TONIC DIET METAL SIGN,4.96
23578,SNACK TRAY RED GINGHAM,1.95
23580,SNACK TRAY HAPPY FOREST,1.95
23575,SNACK TRAY PAISLEY PARK,1.95
23560,SET OF 6 RIBBONS COUNTRY STYLE,2.89
23576,SNACK TRAY RED VINTAGE DOILY,1.95
23562,SET OF 6 RIBBONS PERFECTLY PRETTY,2.89
21175,GIN AND TONIC DIET METAL SIGN,2.55
23358,HOT STUFF HOT WATER BOTTLE,5.79
23561,SET OF 6 RIBBONS PARTY,2.89
90014C,SILVER AND BLACK ORBIT NECKLACE,2.95
23343,JUMBO BAG VINTAGE CHRISTMAS,2.46
23609,SET 10 CARDS SNOWY ROBIN 17099,2.91
22728,ALARM CLOCK BAKELIKE PINK,4.08
22730,ALARM CLOCK BAKELIKE IVORY,4.08
22736,RIBBON REEL MAKING SNOWMEN,7.5
22897,OVEN MITT APPLES DESIGN,7.5
23357,HOT WATER BOTTLE SEX BOMB,5.79
82600,N0 SINGING METAL SIGN,4.13
85071C,"CHARLIE+LOLA""EXTREMELY BUSY"" SIGN",1.63
85179a,GREEN BITTY LIGHT CHAIN,2.46
21129,SILVER FISHING GNOME,5.95
23045,PAPER LANTERN 5 POINT STAR MOON,8.29
23320,GIANT 50'S CHRISTMAS CRACKER,2.49
23312,VINTAGE CHRISTMAS GIFT SACK,3.75
23311,VINTAGE CHRISTMAS STOCKING,2.1
23130,MISTLETOE HEART WREATH GREEN,3.75
22910,PAPER CHAIN KIT VINTAGE CHRISTMAS,2.55
22591,CARDHOLDER GINGHAM CHRISTMAS TREE,2.75
22580,ADVENT CALENDAR GINGHAM SACK,4.95
23498,CLASSIC BICYCLE CLIPS,3.29
23552,BICYCLE PUNCTURE REPAIR KIT,4.13
23560,SET OF 6 RIBBONS COUNTRY STYLE,5.79
23578,SNACK TRAY RED GINGHAM,4.13
23044,PAPER LANTERN 9 POINT HOLLY STAR S,8.29
23579,SNACK TRAY I LOVE LONDON,4.13
23617,SET 10 CARDS SWIRLY XMAS TREE 17104,2.91
22631,CIRCUS PARADE LUNCH BOX,6.54
23083,SET 6 PAPER TABLE LANTERN STARS,7.5
23575,SNACK TRAY PAISLEY PARK,4.13
23580,SNACK TRAY HAPPY FOREST,4.13
23630,SET 10 CARDS HANGING BAUBLES 17080,2.49
90152A,SILVER/NAT SHELL NECKLACE W PENDANT,5.4
21636,MADRAS NOTEBOOK MEDIUM,4.96
85071A,BLUE CHARLIE+LOLA PERSONAL DOORSIGN,1.63
22402,MAGNETS PACK OF 4 VINTAGE COLLAGE,0.85
90179B,PURPLE FINE BEAD NECKLACE W TASSEL,5.95
21934,SKULL SHOULDER BAG,1.45
22340,NOEL GARLAND PAINTED ZINC,1.45
21351,CINAMMON & ORANGE WREATH,5.79
23576,SNACK TRAY RED VINTAGE DOILY,4.13
21108,FAIRY CAKE FLANNEL ASSORTED COLOUR,2.1
23413,DECORATIVE VINTAGE COFFEE  BOX,4.15
23108,SET OF 10 LED DOLLY LIGHTS,3.39
22684,FRENCH BLUE METAL DOOR SIGN 9,1.19
22683,FRENCH BLUE METAL DOOR SIGN 8,1.19
22682,FRENCH BLUE METAL DOOR SIGN 7,1.19
22681,FRENCH BLUE METAL DOOR SIGN 6,1.19
22680,FRENCH BLUE METAL DOOR SIGN 5,1.19
22679,FRENCH BLUE METAL DOOR SIGN 4,1.19
22678,FRENCH BLUE METAL DOOR SIGN 3,1.19
22677,FRENCH BLUE METAL DOOR SIGN 2,1.19
22676,FRENCH BLUE METAL DOOR SIGN 1,1.19
22685,FRENCH BLUE METAL DOOR SIGN 0,1.19
22695,WICKER WREATH SMALL,0.59
22903,CALENDAR FAMILY FAVOURITES,1.25
22905,CALENDAR IN SEASON DESIGN,1.25
22640,SET OF 4 NAPKIN CHARMS 3 KEYS,0.79
22638,SET OF 4 NAPKIN CHARMS CROWNS,0.79
16258A,SWIRLY CIRCULAR RUBBERS IN BAG,0.19
22475,SKULL DESIGN TV DINNER TRAY,1.95
22942,CHRISTMAS LIGHTS 10 SANTAS,2.95
21592,RETROSPOT CIGAR BOX MATCHES,0.39
84032A,CHARLIE+LOLA PINK HOT WATER BOTTLE,0.79
23302,KNEELING MAT HOUSEWORK  DESIGN,0.79
35964,FOLKART CLIP ON STARS,2.1
22547,MINI JIGSAW DINOSAUR,0.19
22546,MINI JIGSAW PURDEY,0.19
22545,MINI JIGSAW BUNNIES,0.19
84032B,CHARLIE + LOLA RED HOT WATER BOTTLE,0.79
22755,SMALL PURPLE BABUSHKA NOTEBOOK,0.21
84971S,SMALL HEART FLOWERS HOOK,0.39
22758,LARGE PURPLE BABUSHKA NOTEBOOK,0.39
22596,CHRISTMAS STAR WISH LIST CHALKBOARD,0.39
22511,RETROSPOT BABUSHKA DOORSTOP,0.79
22513,DOORSTOP FOOTBALL DESIGN,0.79
22075,6 RIBBONS ELEGANT CHRISTMAS,0.39
21411,GINGHAM HEART  DOORSTOP RED,1.95
23320,GIANT 50'S CHRISTMAS CRACKER,1.25
22946,WOODEN ADVENT CALENDAR CREAM,8.0
84805A,CREAM CLIMBING HYDRANGA ART FLOWER,1.25
22753,SMALL YELLOW BABUSHKA NOTEBOOK,0.21
22742,MAKE YOUR OWN PLAYTIME CARD KIT,0.79
22074,6 RIBBONS SHIMMERING PINKS,0.39
84819,DANISH ROSE ROUND SEWING BOX,0.79
23357,HOT WATER BOTTLE SEX BOMB,1.65
22802,FAUX FUR CHOCOLATE THROW,7.95
22476,EMPIRE UNION JACK TV DINNER TRAY,1.95
72800E,4 IVORY DINNER CANDLES SILVER FLOCK,0.79
22438,BALLOON ART MAKE YOUR OWN FLOWERS,0.39
22744,MAKE YOUR OWN MONSOON CARD KIT,0.79
22481,BLACK TEA TOWEL CLASSIC DESIGN,0.39
23544,WALL ART MID CENTURY MODERN,3.95
23358,HOT STUFF HOT WATER BOTTLE,1.25
21408,SPOTTY PINK DUCK DOORSTOP,1.95
21284,RETROSPOT CANDLE  SMALL,0.39
21286,RETROSPOT CANDLE  LARGE,0.59
22510,GINGHAM BABUSHKA DOORSTOP,0.79
35001G,HAND OPEN SHAPE GOLD,1.25
20978,36 PENCILS TUBE SKULLS,1.07
22431,WATERING CAN BLUE ELEPHANT,1.74
22739,RIBBON REEL CHRISTMAS SOCK BAUBLE,1.63
22910,PAPER CHAIN KIT VINTAGE CHRISTMAS,2.5
23247,BISCUIT TIN 50'S CHRISTMAS,2.88
23396,LE JARDIN BOTANIQUE CUSHION COVER,4.58
23489,VINTAGE BELLS GARLAND,2.88
35970,ZINC FOLKART SLEIGH BELLS,1.68
23561,SET OF 6 RIBBONS PARTY,5.79
23562,SET OF 6 RIBBONS PERFECTLY PRETTY,5.79
90149,SILVER FLOWR PINK SHELL NECKLACE,7.48
90176E,DIAMANTE NECKLACE GREEN,7.48
84031A,CHARLIE+LOLA RED HOT WATER BOTTLE,1.25
22915,ASSORTED BOTTLE TOP  MAGNETS,0.19
22314,OFFICE MUG WARMER CHOC+BLUE,1.25
21378,SMALL TALL CAMPHOR WOOD TOADSTOOL,0.39
21379,CAMPHOR WOOD PORTOBELLO MUSHROOM,0.39
21376,LARGE  TALL CAMPHOR WOOD TOADSTOOL,1.25
21377,SMALL CAMPHOR WOOD FIELD  MUSHROOM,0.39
21375,LARGE CAMPHOR WOOD FIELD MUSHROOM,1.25
22465,HANGING METAL STAR LANTERN,0.79
22807,SET OF 6 T-LIGHTS TOADSTOOLS,1.25
22055,MINI CAKE STAND  HANGING STRAWBERY,0.39
22509,SEWING BOX RETROSPOT DESIGN,3.95
23235,STORAGE TIN VINTAGE LEAF,1.25
22472,TV DINNER TRAY DOLLY GIRL,1.95
23239,SET OF 4 KNICK KNACK TINS POPPIES,1.65
22474,SPACEBOY TV DINNER TRAY,1.95
22442,GROW YOUR OWN FLOWERS SET OF 3,1.95
72819,CUPID DESIGN SCENTED CANDLES,1.25
21115,ROSE CARAVAN DOORSTOP,1.95
22123,PING MICROWAVE APRON,0.79
22215,CAKE STAND WHITE TWO TIER LACE,2.95
22956,36 FOIL HEART CAKE CASES,0.79
22200,FRYING PAN PINK POLKADOT,1.25
22203,MILK PAN RED RETROSPOT,1.25
22201,FRYING PAN BLUE POLKADOT,1.25
21563,RED HEART SHAPE LOVE BUCKET,0.79
22064,PINK DOUGHNUT TRINKET POT,0.39
22067,CHOC TRUFFLE GOLD TRINKET POT,0.39
23543,WALL ART KEEP CALM,4.15
22119,PEACE WOODEN BLOCK LETTERS,1.95
22118,JOY WOODEN BLOCK LETTERS,1.25
22076,6 RIBBONS EMPIRE,0.39
22061,LARGE CAKE STAND  HANGING STRAWBERY,2.95
22057,CERAMIC PLATE STRAWBERRY DESIGN,0.39
22059,CERAMIC STRAWBERRY DESIGN MUG,0.39
22063,CERAMIC BOWL WITH STRAWBERRY DESIGN,0.79
22107,PIZZA PLATE IN BOX,1.25
22221,CAKE STAND LOVEBIRD 2 TIER PINK,2.95
22220,CAKE STAND LOVEBIRD 2 TIER WHITE,2.95
22646,CERAMIC STRAWBERRY CAKE MONEY BANK,0.39
22645,CERAMIC HEART FAIRY CAKE MONEY BANK,0.39
22464,HANGING METAL HEART LANTERN,0.79
23151,ZINC SWEETHEART SOAP DISH,0.79
22343,PARTY PIZZA DISH RED RETROSPOT,0.19
22345,PARTY PIZZA DISH BLUE POLKADOT,0.19
22344,PARTY PIZZA DISH PINK POLKADOT,0.19
22346,PARTY PIZZA DISH GREEN POLKADOT,0.19
22072,RED RETROSPOT TEA CUP AND SAUCER,1.25
22644,CERAMIC CHERRY CAKE MONEY BANK,0.39
22422,TOOTHPASTE TUBE PEN,0.12
22312,OFFICE MUG WARMER POLKADOT,1.25
22313,OFFICE MUG WARMER PINK,1.25
22754,SMALL RED BABUSHKA NOTEBOOK,0.21
22703,PINK CAT BOWL,0.59
22701,PINK DOG BOWL,0.79
22512,DOORSTOP RACING CAR DESIGN,0.79
16225,RATTLE SNAKE EGGS,0.39
70006,LOVE HEART POCKET WARMER,0.79
22811,SET OF 6 T-LIGHTS CACTI,1.25
21462,"NURSERY A,B,C PAINTED LETTERS",1.95
22647,CERAMIC LOVE HEART MONEY BANK,0.39
21672,WHITE SPOT RED CERAMIC DRAWER KNOB,7.5
84031B,CHARLIE LOLA BLUE HOT WATER BOTTLE,1.25
22190,LOCAL CAFE MUG,0.39
21064,BOOM BOX SPEAKER BOYS,1.25
22642,SET OF 4 NAPKIN CHARMS STARS,0.79
22406,MONEY BOX KINGS CHOICE DESIGN,0.39
23425,STORAGE TIN HOME SWEET HOME,0.79
84707A,SILVER JEWELLED MIRROR TRINKET TRAY,1.95
22639,SET OF 4 NAPKIN CHARMS HEARTS,0.79
22643,SET OF 4 NAPKIN CHARMS LEAVES,0.79
22500,SET OF 2 TINS JARDIN DE PROVENCE,1.25
23416,CHAMBRE HOOK,0.39
23417,BATHROOM HOOK,0.39
23415,HOME SWEET HOME HOOK,0.39
84661C,PINK SQUARE TABLE CLOCK,0.79
84661B,BLACK SQUARE TABLE CLOCK,0.79
22124,SET OF 2 TEA TOWELS PING MICROWAVE,0.79
84509E,SET OF 4 CAROUSEL PLACEMATS,0.79
84510E,SET OF 4 GREEN CAROUSEL COASTERS,0.21
22799,SWEETHEART WIRE FRUIT BOWL,2.95
22199,FRYING PAN RED RETROSPOT,1.25
22204,MILK PAN BLUE POLKADOT,1.25
22721,SET OF 3 CAKE TINS SKETCHBOOK,1.95
22723,SET OF 6 HERB TINS SKETCHBOOK,1.25
22182,CAKE STAND VICTORIAN FILIGREE SMALL,1.25
22393,PAPERWEIGHT VINTAGE COLLAGE,0.39
22446,PIN CUSHION BABUSHKA PINK,1.25
22448,PIN CUSHION BABUSHKA RED,1.25
22389,PAPERWEIGHT SAVE THE PLANET,0.39
22391,PAPERWEIGHT HOME SWEET HOME,0.39
22395,PAPERWEIGHT VINTAGE PAISLEY,0.39
21705,BAG 500G SWIRLY MARBLES,0.39
22217,T-LIGHT HOLDER HANGING LACE,0.39
23107,WHITE HEARTS WIRE PLANT POT HOLDER,0.79
22216,T-LIGHT HOLDER WHITE LACE,0.29
22756,LARGE YELLOW BABUSHKA NOTEBOOK,0.39
22757,LARGE RED BABUSHKA NOTEBOOK,0.39
90087,CRYSTAL SEA HORSE PHONE CHARM,0.19
22414,DOORMAT NEIGHBOURHOOD WITCH,3.95
21808,"CHRISTMAS GARLAND STARS,TREES",7.46
22495,SET OF 2 ROUND TINS CAMEMBERT,0.79
22185,SLATE TILE NATURAL HANGING,0.79
22990,COTTON APRON PANTRY DESIGN,1.95
70007,HI TEC ALPINE HAND WARMER,0.79
22752,SET 7 BABUSHKA NESTING BOXES,3.95
22068,BLACK PIRATE TREASURE CHEST,0.39
22069,BROWN  PIRATE TREASURE CHEST,0.39
22743,MAKE YOUR OWN FLOWERPOWER CARD KIT,0.79
23139,SINGLE WIRE HOOK PINK HEART,0.39
84827,ASS DES PHONE SPONGE CRAFT STICKER,0.09
21285,RETROSPOT CANDLE  MEDIUM,0.39
21441,BLUE BIRDHOUSE DECORATION,0.19
22214,CANDLE PLATE LACE WHITE,0.79
22380,TOY TIDY SPACEBOY,0.79
22496,SET OF 2 ROUND TINS DUTCH CHEESE,0.79
22664,TOY TIDY DOLLY GIRL DESIGN,0.79
23106,ZINC HEARTS PLANT POT HOLDER,0.79
21418,STARFISH SOAP DISH,0.79
21417,COCKLE SHELL DISH,0.79
23272,TREE T-LIGHT HOLDER WILLIE WINKIE,0.39
22955,36 FOIL STAR CAKE CASES,0.79
84661A,WHITE SQUARE TABLE CLOCK,0.79
22410,MONEY BOX HOUSEKEEPING DESIGN,0.39
21131,GOLD STANDING GNOME,1.25
22785,SQUARECUSHION COVER PINK UNION JACK,1.25
22786,CUSHION COVER PINK UNION JACK,1.25
72799E,IVORY PILLAR CANDLE SILVER FLOCK,0.79
72799C,PINK PILLAR CANDLE SILVER FLOCK,0.79
72800C,4 PINK DINNER CANDLE SILVER FLOCK,0.79
72800B,4 PURPLE FLOCK DINNER CANDLES,0.79
84813,SET OF 4 DIAMOND NAPKIN RINGS,2.95
21564,PINK  HEART SHAPE LOVE BUCKET,0.79
22447,PIN CUSHION BABUSHKA BLUE,1.25
22544,MINI JIGSAW SPACEBOY,0.19
22543,MINI JIGSAW BAKE A CAKE,0.19
22540,MINI JIGSAW CIRCUS PARADE,0.19
22541,MINI JIGSAW LEAP FROG,0.19
21944,KITTENS DESIGN FLANNEL,0.39
90214S,"LETTER ""S"" BLING KEY RING",0.29
23141,TRIPLE WIRE HOOK PINK HEART,0.79
21946,PARTY TIME DESIGN FLANNEL,0.39
21942,SKULLS DESIGN FLANNEL,0.39
21442,GREEN BIRDHOUSE DECORATION,0.19
90214L,"LETTER ""L"" BLING KEY RING",0.29
90214M,"LETTER ""M"" BLING KEY RING",0.29
90214A,"LETTER ""A"" BLING KEY RING",0.29
90214B,"LETTER ""B"" BLING KEY RING",0.29
90214C,"LETTER ""C"" BLING KEY RING",0.29
90214D,"LETTER ""D"" BLING KEY RING",0.29
90214E,"LETTER ""E"" BLING KEY RING",0.29
90214G,"LETTER ""G"" BLING KEY RING",0.29
90214H,"LETTER ""H"" BLING KEY RING",0.29
90214J,"LETTER ""J"" BLING KEY RING",0.29
90214K,"LETTER ""K"" BLING KEY RING",0.29
90214F,"LETTER ""F"" BLING KEY RING",0.29
90214I,"LETTER ""I"" BLING KEY RING",0.29
90214N,"LETTER ""N"" BLING KEY RING",0.29
90214O,"LETTER ""O"" BLING KEY RING",0.29
90214P,"LETTER ""P"" BLING KEY RING",0.29
90214R,"LETTER ""R"" BLING KEY RING",0.29
90214T,"LETTER ""T"" BLING KEY RING",0.29
90214U,"LETTER ""U"" BLING KEY RING",0.29
90214V,"LETTER ""V"" BLING KEY RING",0.29
90214W,"LETTER ""W"" BLING KEY RING",0.29
90214Y,"LETTER ""Y"" BLING KEY RING",0.29
90214Z,"LETTER ""Z"" BLING KEY RING",0.29
23178,JAM CLOCK MAGNET,1.25
35967,FOLK ART METAL STAR T-LIGHT HOLDER,0.85
84884A,ANT WHITE WIRE HEART SPIRAL,1.95
35004G,SET OF 3 GOLD FLYING DUCKS,1.95
23143,ZINC WIRE KITCHEN ORGANISER,3.95
23533,WALL ART GARDEN HAVEN,1.95
84817,DANISH ROSE DECORATIVE PLATE,0.39
21137,BLACK RECORD COVER FRAME,4.13
22806,SET OF 6 T-LIGHTS WEDDING CAKE,1.25
85104,SILVER GLASS T-LIGHT SET,1.25
22405,MONEY BOX POCKET MONEY DESIGN,0.39
22394,PAPERWEIGHT KINGS CHOICE,0.39
23532,WALL ART WORK REST AND PLAY,1.95
84806A,PINK CANDYSTUFT ARTIFICIAL FLOWER,0.39
21415,CLAM SHELL SMALL,0.79
84679,CLASSICAL ROSE TABLE LAMP,3.95
84806B,WHITE CANDYSTUFT ARTIFICIAL FLOWER,0.39
84804B,BLUE DELPHINIUM ARTIFICIAL FLOWER,0.79
84804A,CREAM DELPHINIUM ARTIFICIAL FLOWER,0.79
84805B,BLUE CLIMBING HYDRANGA ART FLOWER,1.25
22408,MONEY BOX CONFECTIONERY DESIGN,0.39
90083,CRYSTAL CZECH CROSS PHONE CHARM,0.19
90089,PINK CRYSTAL SKULL PHONE CHARM,0.19
90093,CLEAR CRYSTAL STAR PHONE CHARM,0.19
22407,MONEY BOX FIRST AID DESIGN,0.39
23180,MUM'S KITCHEN CLOCK,1.65
85173,SET/6 FROG PRINCE T-LIGHT CANDLES,0.79
20932,PINK POT PLANT CANDLE,1.25
84821,DANISH ROSE DELUXE COASTER,0.19
23540,WALL ART THE MAGIC FOREST,2.55
23521,WALL ART CAT AND BIRD,1.25
23522,WALL ART DOG AND BALL,1.25
84820,DANISH ROSE TRINKET TRAYS,0.79
20782,CAMOUFLAGE EAR MUFF HEADPHONES,1.95
21945,STRAWBERRIES  DESIGN FLANNEL,0.39
20931,BLUE POT PLANT CANDLE,1.25
21132,SILVER STANDING GNOME,1.25
20781,GOLD EAR MUFF HEADPHONES,1.95
POST,POSTAGE,5.29
85172,HYACINTH BULB T-LIGHT CANDLES,0.78
72799C,PINK PILLAR CANDLE SILVER FLOCK,5.79
22390,PAPERWEIGHT CHILDHOOD MEMORIES,0.39
22319,HAIRCLIPS FORTIES FABRIC ASSORTED,0.19
85225,BLING KEY RING STAND,1.0
22299,PIG KEYRING WITH LIGHT & SOUND,0.39
23137,ZINC WIRE SWEETHEART LETTER TRAY,1.25
20831,GOLD PHOTO FRAME,0.79
22340,NOEL GARLAND PAINTED ZINC,3.29
90210C,RED   ACRYLIC FACETED BANGLE,1.0
84707B,PINK JEWELLED MIRROR TRINKET TRAY,1.95
21420,OYSTER TRINKET BOX,0.79
22641,SET OF 4 NAPKIN CHARMS INSTRUMENT,0.79
21128,GOLD FISHING GNOME,1.95
47591b,SCOTTIES CHILDRENS APRON,4.13
85123A,CREAM HANGING HEART T-LIGHT HOLDER,2.95
23179,CLOCK MAGNET MUM'S KITCHEN,1.25
22808,SET OF 6 T-LIGHTS EASTER CHICKS,1.25
35967,FOLK ART METAL STAR T-LIGHT HOLDER,0.39
21808,"CHRISTMAS GARLAND STARS,TREES",1.25
22539,MINI JIGSAW DOLLY GIRL,0.19
85123A,CREAM HANGING HEART T-LIGHT HOLDER,5.79
23542,WALL ART 70'S ALPHABET,6.67
23531,WALL ART BIG LOVE,4.76
23530,WALL ART ONLY ONE PERSON,3.57
21253,SET OF PICTURE FRAME  STICKERS,0.79
90141B,IVORY PENDANT TRIPLE SHELL NECKLACE,4.98
90155,RESIN NECKLACE W PASTEL BEADS,7.48
22738,RIBBON REEL SNOWY VILLAGE,7.5
20936,FORKED CACTUS CANDLE,1.25
