invoice_no,Quantity,Revenue,segment
536365,40,139.12,2
536366,12,22.2,2
536367,49,204.75,2
536368,15,70.05,2
536369,3,17.85,2
536370,362,737.6600000000001,0
536372,12,22.2,2
536373,88,259.86,2
536375,88,259.86,2
536377,12,22.2,2
536378,190,298.1,2
536380,24,34.8,2
536381,162,411.82,2
536382,76,210.5,2
536384,52,185.3,2
536385,50,93.9,2
536388,108,226.14000000000001,2
536389,95,256.25,2
536390,108,386.76,2
536392,102,153.14,2
536394,80,172.68,2
536395,132,252.2,2
536396,100,304.86,2
536397,12,55.8,2
536398,144,375.56,2
536399,12,22.2,2
536400,12,17.4,2
536401,119,296.78000000000003,2
536404,402,440.7,0
536406,94,281.64,2
536407,12,22.2,2
536408,456,722.8100000000001,0
536409,141,226.15,2
536412,193,413.66,2
536415,222,339.79,2
536416,30,56.1,2
536420,111,233.45,2
536423,78,303.9,2
536425,133,322.65,2
536446,241,337.65,2
536460,158,295.54,2
536463,12,17.4,2
536464,151,265.1,2
536466,18,42.9,2
536477,94,206.26,2
536488,70,154.84,2
536500,102,223.9,2
536502,37,69.78999999999999,2
536514,6,17.700000000000003,2
536520,195,290.79,2
536521,1,4.95,2
536522,81,157.36,2
536523,112,203.3,2
536524,24,70.80000000000001,2
536525,27,110.74000000000001,2
536526,80,182.24,2
536527,156,243.48,2
536528,105,187.53,2
536529,31,77.45,2
536530,67,149.35,2
536531,251,454.89000000000004,0
536532,1022,1305.22,1
536533,28,53.5,2
536534,51,115.65,2
536535,71,194.85,2
536536,15,29.85,2
536537,64,223.4,2
536538,144,238.0,2
536539,155,426.3,2
536540,126,253.38,2
536541,12,15.0,2
536542,160,303.0,2
536544,1001,2930.7799999999997,1
536551,83,125.61,2
536555,2,2.9699999999999998,2
536556,70,90.6,2
536557,195,494.23,2
536559,81,159.95,2
536560,104,394.2,2
536561,140,322.40000000000003,2
536562,93,246.25,2
536563,56,103.2,2
536564,8,11.6,2
536565,2,6.7,2
536566,57,71.25,2
536567,132,251.40000000000003,2
536568,12,5.04,2
536569,143,211.35,2
536570,48,152.4,2
536571,188,254.29999999999998,2
536572,301,442.34999999999997,0
536573,28,21.8,2
536574,3,17.85,2
536576,40,100.4,2
536578,104,279.6,2
536580,66,97.2,2
536582,180,264.24,2
536586,28,105.0,2
536587,245,280.95,2
536588,103,277.05,2
536590,69,154.31,2
536591,65,149.22,2
536592,1230,3746.8,1
536593,19,81.75,2
536594,34,79.5,2
536595,48,145.75,2
536596,8,18.14,2
536597,70,92.84,2
536598,76,160.6,2
536599,28,136.2,2
536600,54,180.12,2
536601,12,22.2,2
536602,64,163.76,2
536603,12,22.2,2
536604,114,184.5,2
536605,107,272.65000000000003,2
536607,88,254.32000000000002,2
536608,30,38.1,2
536609,88,244.46,2
536610,12,22.2,2
536611,153,259.65000000000003,2
536612,82,206.76,2
536613,196,199.02,2
536614,12,22.2,2
536615,49,169.35000000000002,2
536617,104,340.8,2
536618,304,504.6,0
536619,12,45.0,2
536620,201,232.65,2
536621,82,95.3,2
536623,598,732.46,0
536624,224,566.84,0
536626,6,12.6,2
536627,53,181.35000000000002,2
536628,86,230.56,2
536629,12,22.2,2
536630,88,244.46,2
536631,12,22.2,2
536632,168,291.9,2
536633,101,161.15,2
536634,77,124.08,2
536635,198,521.5,0
536637,153,179.85999999999999,2
536638,619,1056.63,0
536639,106,288.5,2
536640,10,20.900000000000002,2
536641,1,4.25,2
536643,72,203.8,2
536663,116,197.4,2
536667,208,291.6,2
536671,84,95.4,2
536672,40,127.2,2
536674,41,86.25,2
536676,50,93.6,2
536681,43,75.67,2
536685,106,308.96,2
536688,12,22.2,2
536690,90,259.76,2
536693,12,22.2,2
536698,144,326.0,2
536707,30,89.39999999999999,2
536732,272,329.04,0
536733,159,255.25,2
536738,40,77.28,2
536739,23,107.15,2
536740,66,82.8,2
536741,130,202.12,2
536742,100,177.98,2
536743,140,170.95,2
536744,78,183.9,2
536745,96,292.40000000000003,2
536746,85,178.55,2
536747,75,100.2,2
536748,16,25.2,2
536749,89,282.64,2
536750,116,363.3,2
536751,12,22.2,2
536752,102,319.16,2
536753,12,22.2,2
536754,142,210.24,2
536755,14,39.3,2
536756,22,56.7,2
536759,112,296.3,2
536761,35,88.95,2
536762,231,307.68,2
536763,127,232.20000000000002,2
536769,369,603.1,0
536771,66,118.38,2
536777,97,138.1,2
536778,125,193.23,2
536780,4,12.8,2
536781,24,50.400000000000006,2
536782,227,369.2,2
536783,162,184.02,2
536784,152,341.04,2
536787,76,192.46,2
536789,12,22.2,2
536790,138,424.76,2
536791,24,44.400000000000006,2
536792,24,30.0,2
536793,70,170.7,2
536794,48,142.8,2
536795,108,150.12,2
536796,150,263.84,2
536797,56,130.8,2
536798,258,508.66,0
536799,122,183.3,2
536800,190,236.97,2
536801,134,252.3,2
536802,46,163.3,2
536803,6,22.5,2
536804,191,859.97,0
536805,312,359.76,0
536806,48,30.0,2
536808,60,198.2,2
536813,146,162.08,2
536819,186,274.28000000000003,2
536821,79,133.5,2
536823,13,50.550000000000004,2
536831,12,59.400000000000006,2
536832,60,119.4,2
536833,206,421.1,2
536834,12,35.400000000000006,2
536836,122,152.6,2
536837,172,291.68,2
536838,48,28.08,2
536839,111,147.57,2
536840,144,110.39999999999999,2
536841,166,319.62,2
536842,82,249.70000000000002,2
536843,12,15.0,2
536844,6,30.9,2
536845,42,99.15,2
536846,114,270.8,2
536847,138,180.3,2
536849,19,71.25,2
536851,74,255.10000000000002,2
536852,106,71.14,2
536856,281,604.75,0
536857,52,98.13,2
536858,42,75.5,2
536859,114,233.04999999999998,2
536860,58,115.0,2
536861,68,181.5,2
536862,105,401.52,2
536863,71,92.37,2
536864,37,151.63,2
536865,223,787.42,0
536874,84,198.81,2
536876,1364,4038.17,1
536883,13,5.46,2
536884,5,39.75,2
536885,128,412.2,2
536920,58,69.3,2
536938,188,409.0,2
536943,74,147.19,2
536945,149,258.61,2
536946,343,667.0400000000001,0
536947,381,533.7,0
536956,86,232.50000000000003,2
536957,234,791.7,0
536960,125,225.65,2
536971,104,132.56,2
536972,23,128.25,2
536973,299,597.33,0
536974,130,300.24,2
536975,640,1065.14,0
536976,76,149.8,2
536977,58,88.88,2
536980,127,171.47,2
536981,37,87.44,2
536982,612,2631.71,1
536983,55,123.53,2
536984,133,297.69,2
536985,25,128.15,2
536986,68,100.74000000000001,2
536987,83,191.31,2
536988,94,194.69,2
536989,24,96.8,2
536990,64,103.80000000000001,2
536991,32,26.4,2
536993,38,101.85,2
536994,17,83.55,2
537022,162,371.8,2
537023,31,91.76,2
537025,46,58.93,2
537026,68,86.2,2
537030,142,246.3,2
537031,108,135.0,2
537034,792,1445.76,0
537035,8,11.6,2
537036,73,116.88,2
537037,92,256.90000000000003,2
537038,29,156.55,2
537041,51,147.14000000000001,2
537042,77,199.46,2
537044,87,332.15,2
537045,41,100.98,2
537046,53,251.95000000000002,2
537047,181,326.59999999999997,2
537048,2,5.9,2
537049,93,240.75000000000003,2
537050,299,496.62,0
537051,82,238.55,2
537052,24,102.0,2
537053,4,23.8,2
537054,82,152.05,2
537055,107,273.29,2
537057,127,249.77,2
537058,97,139.83,2
537059,54,91.43,2
537065,501,865.23,0
537067,8,27.45,2
537077,160,154.14000000000001,2
537081,298,936.26,0
537086,120,315.6,2
537090,12,15.0,2
537111,81,157.99,2
537126,201,365.61,2
537128,98,171.19,2
537129,147,253.85,2
537130,27,104.7,2
537131,141,277.88,2
537133,68,186.88,2
537134,35,133.25,2
537135,418,646.95,0
537136,146,258.96,2
537137,320,474.4,0
537138,144,248.10000000000002,2
537139,24,20.4,2
537140,51,65.57,2
537141,156,432.65000000000003,2
537142,15,32.95,2
537144,199,292.18,2
537153,305,514.73,0
537154,281,815.85,0
537155,63,73.72,2
537156,71,153.85,2
537158,86,184.8,2
537159,49,160.0,2
537160,125,251.20000000000002,2
537163,276,384.71999999999997,0
537176,69,128.55,2
537179,132,500.20000000000005,2
537192,99,173.0,2
537193,224,404.5,2
537195,149,359.53999999999996,2
537196,146,347.12,2
537197,72,185.8,2
537198,10,67.5,2
537199,111,151.44,2
537200,46,111.65,2
537201,890,1322.7,0
537202,105,247.05,2
537204,293,198.43,2
537205,116,165.86,2
537206,25,85.55000000000001,2
537207,30,85.07000000000001,2
537208,139,237.37,2
537209,82,183.73,2
537210,40,94.69,2
537211,103,236.75,2
537212,291,367.39,0
537213,7,8.65,2
537214,10,12.5,2
537215,72,158.76000000000002,2
537216,160,462.2,2
537217,8,47.6,2
537218,196,320.08,2
537219,209,331.15000000000003,2
537220,1,3.35,2
537221,13,28.85,2
537222,55,116.48,2
537223,45,155.75,2
537224,565,1133.99,0
537225,170,373.90999999999997,2
537226,86,113.48,2
537227,88,146.4,2
537228,12,25.200000000000003,2
537229,12,17.4,2
537230,1,2.95,2
537231,112,308.8,2
537233,148,353.0,2
537236,91,375.69000000000005,2
537237,1302,4006.45,1
537238,88,164.2,2
537239,61,153.39000000000001,2
537240,1487,4511.33,1
537241,172,364.92,2
537242,282,412.22,0
537243,24,50.400000000000006,2
537244,133,96.18,2
537245,48,58.2,2
537246,52,101.4,2
537248,38,43.5,2
537249,20,33.0,2
537250,88,178.44,2
537253,149,326.82,2
537254,204,342.24,2
537255,163,303.5,2
537256,76,180.60000000000002,2
537257,58,142.5,2
537258,60,115.05,2
537262,153,477.96000000000004,2
537265,172,180.07999999999998,2
537298,54,153.5,2
537301,34,78.10000000000001,2
537312,60,110.4,2
537313,15,50.25000000000001,2
537332,113,239.15000000000003,2
537334,134,303.13,2
537335,31,90.2,2
537346,299,587.69,0
537350,154,241.02,2
537351,92,92.63,2
537354,85,133.07,2
537359,72,184.10000000000002,2
537362,135,220.33,2
537365,198,411.70000000000005,2
537366,106,308.05,2
537367,12,25.200000000000003,2
537368,132,307.6,2
537369,93,226.45000000000002,2
537370,165,348.5,2
537371,71,172.05,2
537372,73,198.35,2
537374,224,335.45,2
537375,219,320.47,2
537376,238,406.68,0
537377,116,270.52,2
537378,133,254.75,2
537380,48,100.80000000000001,2
537381,194,354.98,2
537382,192,370.42,2
537384,56,122.7,2
537385,33,74.10000000000001,2
537386,3,20.85,2
537387,83,209.43,2
537388,210,391.5,2
537389,60,149.0,2
537390,40,123.24,2
537391,246,445.51,0
537392,80,166.15,2
537393,432,1253.52,0
537394,54,81.17999999999999,2
537395,75,143.12,2
537396,52,134.49,2
537397,92,168.60000000000002,2
537399,165,295.11,2
537400,187,375.64,2
537403,21,30.45,2
537404,37,39.9,2
537405,91,154.94,2
537407,26,73.1,2
537409,195,335.0,2
537411,4,9.65,2
537415,58,168.0,2
537418,63,116.56,2
537419,177,429.35,2
537420,70,199.7,2
537421,123,232.29,2
537422,126,183.35,2
537423,104,166.0,2
537424,9,32.550000000000004,2
537428,210,450.92,2
537429,119,82.12,2
537433,26,111.61999999999999,2
537434,1625,4617.78,1
537435,78,181.7,2
537440,65,175.87,2
537441,207,401.73,2
537442,2,5.07,2
537446,201,569.03,0
537447,54,151.3,2
537448,6,39.6,2
537457,74,358.14,2
537458,101,293.45000000000005,2
537459,112,178.4,2
537462,89,172.65,2
537463,431,685.52,0
537464,234,618.07,0
537465,218,454.6,0
537467,51,118.25,2
537468,164,361.46,2
537469,24,102.0,2
537470,16,45.300000000000004,2
537471,3,17.85,2
537472,54,81.30000000000001,2
537484,164,547.8,2
537489,308,395.88,0
537523,59,139.65,2
537538,121,195.35,2
537567,74,140.09,2
537592,60,66.60000000000001,2
537593,120,220.0,2
537594,134,293.7,2
537595,42,101.32000000000001,2
537598,80,319.0,2
537601,62,108.78,2
537603,177,297.89000000000004,2
537604,352,831.24,0
537605,48,115.74000000000001,2
537606,195,541.0500000000001,0
537607,72,139.19,2
537608,234,431.67,0
537609,116,384.8,2
537612,74,190.3,2
537614,103,251.4,2
537615,20,139.0,2
537616,2,15.9,2
537617,74,160.26,2
537618,172,365.15999999999997,2
537619,104,148.8,2
537620,54,97.8,2
537621,10,19.5,2
537622,114,165.94,2
537623,159,256.43,2
537624,143,257.91,2
537625,36,87.5,2
537626,253,650.89,0
537627,84,85.08,2
537628,186,342.3,2
537629,184,282.22,2
537631,12,17.4,2
537633,3,7.45,2
537634,62,231.9,2
537635,30,68.1,2
537636,28,112.2,2
537637,4,15.7,2
537638,1238,3769.29,1
537640,665,2969.33,1
537641,85,315.63,2
537642,147,626.53,0
537643,173,713.28,0
537645,147,565.49,2
537646,110,236.5,2
537648,271,402.61,0
537649,36,112.6,2
537650,124,289.35,2
537653,75,141.93,2
537654,43,96.8,2
537655,55,93.25,2
537664,24,46.8,2
537665,3,19.65,2
537666,1035,3071.2599999999998,1
537668,20,48.800000000000004,2
537669,105,164.25,2
537670,149,497.39,2
537671,107,231.15,2
537672,123,181.8,2
537673,58,230.1,2
537674,250,319.18,2
537675,12,5.04,2
537676,94,215.70000000000002,2
537678,84,213.96,2
537679,24,24.59,2
537680,173,253.24,2
537681,115,146.4,2
537682,36,54.6,2
537683,237,335.55,2
537685,171,204.87,2
537688,222,438.90000000000003,2
537689,192,246.8,2
537690,216,295.36,2
537691,159,273.67,2
537692,361,528.86,0
537693,120,155.55,2
537694,61,141.25,2
537698,32,147.2,2
537700,20,85.8,2
537707,126,272.94,2
537738,142,261.58,2
537743,63,132.05,2
537751,16,38.8,2
537754,50,129.20000000000002,2
537755,64,217.4,2
537757,86,314.1,2
537758,88,99.42,2
537759,108,203.64000000000001,2
537760,16,34.4,2
537761,12,19.8,2
537762,233,450.4,0
537764,60,126.03,2
537765,76,121.53,2
537768,20,39.0,2
537769,89,189.59,2
537770,174,278.66,2
537771,108,365.96,2
537772,152,242.51,2
537773,135,336.07,2
537775,472,639.39,0
537780,51,127.05000000000001,2
537781,244,398.16,0
537789,162,575.5,2
537792,65,128.75,2
537793,55,106.75,2
537794,185,378.98,2
537795,92,312.90000000000003,2
537796,32,176.20000000000002,2
537799,51,100.45,2
537800,75,69.78999999999999,2
537801,28,162.60000000000002,2
537802,170,470.74,2
537804,116,130.64,2
537806,89,197.76999999999998,2
537808,33,72.77,2
537809,22,65.4,2
537810,3,23.85,2
537811,24,81.36,2
537813,116,376.3,2
537815,158,300.7,2
537816,28,117.0,2
537817,76,168.60000000000002,2
537818,412,921.59,0
537819,224,326.7,2
537822,263,464.93,0
537823,1172,3277.86,1
537825,114,181.7,2
537826,104,272.34000000000003,2
537828,330,468.94,0
537829,190,340.7,2
537830,66,185.05,2
537831,39,106.77000000000001,2
537837,127,270.52,2
537839,9,12.87,2
537840,93,201.25,2
537842,74,158.26,2
537843,52,93.80000000000001,2
537844,92,160.64000000000001,2
537845,12,71.4,2
537846,34,81.60000000000001,2
537847,63,165.45,2
537850,280,311.28,0
537851,48,86.4,2
537852,699,1726.8100000000002,0
537854,84,131.4,2
537855,91,225.45000000000002,2
537858,15,24.95,2
537859,87,141.9,2
537861,43,80.85000000000001,2
537862,71,111.53,2
537863,1,5.95,2
537864,238,336.94,2
537865,125,237.95,2
537866,64,330.2,2
537867,73,287.35,2
537868,988,1311.52,0
537871,74,127.39000000000001,2
537879,56,213.3,2
537880,172,365.8,2
537881,126,628.5,2
537882,13,60.35,2
537883,60,63.0,2
537884,47,188.01,2
537885,63,190.75,2
537886,110,209.3,2
537887,96,305.76,2
537888,389,465.3,0
537889,227,606.45,0
537890,36,100.2,2
537891,36,88.8,2
537892,82,124.38000000000001,2
537894,123,301.95,2
537895,32,68.4,2
537896,156,246.2,2
537897,104,178.88,2
537898,75,259.5,2
537900,131,223.34,2
537901,12,76.19999999999999,2
537915,115,206.13,2
537955,67,194.9,2
537963,114,198.38000000000002,2
537967,6,17.700000000000003,2
537995,72,171.20000000000002,2
538000,12,59.400000000000006,2
538002,73,235.83,2
538003,186,653.7,0
538005,48,220.8,2
538007,92,174.4,2
538008,544,686.3,0
538009,221,532.45,0
538010,28,95.4,2
538011,183,246.27,2
538012,45,194.63,2
538013,83,109.75,2
538014,138,503.70000000000005,2
538015,130,215.57,2
538032,58,174.4,2
538035,179,317.84,2
538037,60,112.6,2
538040,217,325.76,2
538044,16,21.299999999999997,2
538048,16,13.6,2
538049,8,18.4,2
538050,2,15.9,2
538051,152,201.45,2
538053,337,772.12,0
538056,105,120.35,2
538057,138,176.42000000000002,2
538060,3,5.85,2
538064,78,111.75,2
538065,176,347.0,2
538067,62,128.75,2
538068,67,145.4,2
538069,237,392.18,2
538070,18,35.7,2
538071,1399,4141.39,1
538073,16,16.21,2
538076,24,48.1,2
538077,243,534.48,0
538078,165,271.95,2
538079,142,380.26,2
538080,104,200.0,2
538086,170,311.18,2
538087,16,60.0,2
538093,339,649.0500000000001,0
538094,80,110.28,2
538095,63,114.92,2
538096,3,3.7199999999999998,2
538097,192,275.2,2
538104,126,164.85,2
538106,56,64.32000000000001,2
538107,80,155.0,2
538108,150,219.62,2
538113,95,289.85,2
538116,240,685.0,0
538117,36,60.0,2
538125,16,30.0,2
538126,68,133.4,2
538127,2,7.5,2
538145,109,292.97,2
538146,160,320.72,2
538148,137,577.07,2
538149,137,556.54,2
538151,18,50.1,2
538153,163,666.69,0
538154,18,74.92999999999999,2
538155,67,179.92000000000002,2
538156,193,518.35,0
538157,57,119.65,2
538163,112,216.8,2
538165,10,19.5,2
538166,38,70.7,2
538167,84,184.2,2
538168,162,310.45,2
538169,33,93.45,2
538170,133,317.59000000000003,2
538171,145,244.53,2
538172,176,295.20000000000005,2
538174,568,1067.06,0
538176,40,150.0,2
538177,1112,3433.11,1
538178,82,157.9,2
538179,6,17.700000000000003,2
538180,170,301.1,2
538181,56,126.0,2
538182,36,88.74000000000001,2
538183,269,561.03,0
538184,278,435.52000000000004,0
538185,86,154.98,2
538186,77,201.75,2
538187,64,172.70000000000002,2
538188,1,2.95,2
538190,54,102.4,2
538192,20,135.0,2
538193,10,67.5,2
538194,1,0.95,2
538195,20,135.0,2
538196,254,694.5,0
538197,55,124.1,2
538198,537,846.88,0
538199,74,158.85,2
538200,54,75.85,2
538201,70,160.85,2
538202,36,128.4,2
538203,116,186.60000000000002,2
538204,12,19.8,2
538205,211,220.01,2
538206,37,156.07,2
538207,182,218.82,2
538208,34,111.8,2
538209,101,148.21,2
538210,298,486.96000000000004,0
538211,54,188.7,2
538216,30,118.5,2
538240,78,69.06,2
538248,72,126.93,2
538250,57,105.75,2
538252,22,86.5,2
538255,306,863.9,0
538260,105,300.65000000000003,2
538263,84,214.2,2
538268,52,116.89999999999999,2
538279,40,270.0,2
538280,78,97.5,2
538283,7,10.29,2
538288,2,1.9,2
538296,128,269.34000000000003,2
538307,73,152.11,2
538308,232,332.64,2
538309,7,13.649999999999999,2
538310,20,25.799999999999997,2
538311,128,239.0,2
538312,167,256.32,2
538313,109,227.97,2
538327,93,227.97,2
538343,170,385.58000000000004,2
538345,56,106.4,2
538346,387,756.45,0
538347,80,287.65000000000003,2
538349,1254,3870.89,1
538351,599,2625.52,1
538352,6,35.7,2
538353,30,128.2,2
538354,698,1308.38,0
538355,2,9.9,2
538356,166,445.42,2
538358,6,21.7,2
538361,56,129.6,2
538363,65,156.65,2
538364,43,92.4,2
538365,100,326.7,2
538366,38,198.8,2
538367,431,612.29,0
538368,68,122.59,2
538369,105,244.33,2
538370,211,471.1,0
538371,193,333.54,2
538374,112,189.92,2
538378,131,346.90000000000003,2
538379,77,183.5,2
538382,82,195.79,2
538397,209,739.39,0
538403,148,310.3,2
538409,67,126.28,2
538417,51,106.75,2
538418,127,168.46,2
538419,87,167.09,2
538421,55,107.16,2
538437,46,110.1,2
538449,226,438.79,0
538453,94,246.17000000000002,2
538470,1,1.65,2
538473,66,177.66,2
538488,119,210.13,2
538497,68,143.46,2
538501,2,11.9,2
538503,8,10.0,2
538504,97,160.65,2
538507,438,640.83,0
538508,420,750.28,0
538509,66,111.10000000000001,2
538510,73,136.22,2
538511,113,172.24,2
538512,19,39.25,2
538513,84,157.2,2
538514,298,732.45,0
538517,145,237.83,2
538518,437,912.0,0
538519,5,11.35,2
538520,3,3.35,2
538521,50,260.1,2
538523,221,359.68,2
538524,1146,3168.93,1
538525,187,368.49,2
538527,108,139.8,2
538528,56,103.5,2
538529,219,737.61,0
538532,74,193.10000000000002,2
538533,178,241.01,2
538535,20,52.05000000000001,2
538537,105,347.71,2
538541,93,245.15,2
538557,4,27.8,2
538558,389,227.53,0
538565,2,1.9,2
538566,878,2800.23,1
538567,197,257.90000000000003,2
538576,66,119.32,2
538591,152,217.2,2
538592,44,189.3,2
538593,112,314.76,2
538594,10,16.5,2
538596,36,123.0,2
538597,196,171.04000000000002,2
538625,362,535.3100000000001,0
538626,302,724.9,0
538627,12,14.44,2
538629,133,223.48,2
538630,535,1041.6200000000001,0
538631,48,157.20000000000002,2
538633,57,129.57,2
538634,235,443.79,0
538635,141,216.09,2
538636,259,518.19,0
538637,127,227.19,2
538638,113,203.60999999999999,2
538639,98,243.0,2
538640,90,145.0,2
538641,396,753.4,0
538644,1,3.95,2
538645,194,303.18,2
538646,107,191.19,2
538649,2,4.2,2
538651,76,261.03999999999996,2
538652,292,422.39,0
538653,292,845.88,0
538654,26,91.9,2
538655,68,101.21000000000001,2
538656,8,41.89,2
538657,62,181.45000000000002,2
538658,11,25.0,2
538659,250,535.88,0
538660,340,983.8000000000001,0
538661,119,309.05,2
538662,748,1169.52,0
538663,6,12.6,2
538664,236,685.0,0
538665,69,137.55,2
538666,7,12.850000000000001,2
538667,2,1.9,2
538668,6,8.7,2
538669,1,0.95,2
538671,21,59.55,2
538678,31,49.27,2
538679,52,150.68,2
538683,168,197.34,2
538687,48,122.4,2
538688,52,128.20000000000002,2
538689,108,260.3,2
538697,40,102.0,2
538706,102,140.9,2
538707,76,167.01,2
538708,188,327.02,2
538709,60,137.11,2
538710,113,159.15000000000003,2
538714,134,230.6,2
538715,114,275.42,2
538716,12,17.4,2
538721,4,11.8,2
538722,99,236.64000000000001,2
538724,1,2.95,2
538744,110,195.8,2
538753,31,36.45,2
538778,13,39.45,2
538783,290,759.7,0
538785,76,206.0,2
538795,72,217.8,2
538796,190,304.5,2
538797,25,10.5,2
538799,216,614.0,0
538800,86,193.9,2
538801,294,312.78,0
538807,54,115.87,2
538808,544,524.79,0
538809,112,237.4,2
538810,33,120.95,2
538811,388,710.0,0
538812,53,74.25,2
538814,139,314.77,2
538815,71,142.97,2
538816,57,204.15,2
538817,72,56.4,2
538826,624,1210.8700000000001,0
538827,1332,1803.52,1
538828,24,25.44,2
538830,78,146.46,2
538831,28,53.400000000000006,2
538832,249,396.79,0
538836,28,57.46,2
538839,101,210.39000000000001,2
538841,75,170.55,2
538843,42,126.6,2
538844,177,552.01,0
538845,74,92.82,2
538846,4,11.0,2
538849,382,776.64,0
538850,57,121.85,2
538851,155,229.25,2
538852,71,184.39,2
538853,150,190.53,2
538854,148,323.1,2
538855,216,459.24,0
538856,48,48.0,2
538857,61,142.25,2
538858,64,198.24,2
538859,40,162.0,2
538860,49,86.95,2
538862,51,136.75,2
538863,135,316.15999999999997,2
538864,90,360.06,2
538865,30,58.5,2
538866,233,453.93,0
538867,1,3.75,2
538868,318,466.86,0
538869,6,17.700000000000003,2
538870,4,31.8,2
538871,78,309.3,2
538872,52,209.4,2
538875,106,307.8,2
538877,640,2786.69,1
538878,52,175.2,2
538879,270,276.22,2
538880,69,237.6,2
538881,61,291.99,2
538883,107,457.14,2
538884,46,183.57,2
538885,3,20.25,2
538886,230,371.6,2
538888,62,81.48,2
538890,345,349.35,0
538892,12,17.4,2
538894,85,176.95,2
538895,178,200.7,2
538896,266,262.98,2
538899,54,83.3,2
538900,127,298.77,2
538901,114,221.7,2
538902,192,232.28,2
538903,221,411.31,2
538905,135,262.35,2
538907,12,60.6,2
538908,152,245.1,2
538909,18,97.5,2
538910,54,116.1,2
538917,259,638.86,0
538935,70,178.14,2
538942,48,91.28,2
538943,48,69.6,2
538944,80,184.20000000000002,2
538945,202,629.9,0
538951,57,163.59,2
538967,168,354.48,2
538968,248,303.57,2
538991,98,523.5,2
538992,134,420.32,2
538993,56,101.2,2
538994,82,422.7,2
538995,432,938.36,0
538996,22,156.9,2
538998,109,186.68,2
538999,142,286.7,2
539000,18,65.10000000000001,2
539001,24,102.0,2
539002,40,145.82,2
539004,142,336.98,2
539005,24,20.4,2
539006,34,102.28,2
539007,33,89.93,2
539008,124,307.8,2
539009,139,354.91,2
539010,148,247.91,2
539011,36,49.0,2
539014,228,274.26,2
539015,154,380.5,2
539016,148,295.08,2
539017,4,15.8,2
539018,158,283.53000000000003,2
539019,141,281.84,2
539030,270,624.5,0
539032,40,74.4,2
539034,79,167.05,2
539036,210,212.22,2
539038,225,280.65,2
539039,540,844.44,0
539040,40,135.6,2
539041,230,193.42000000000002,2
539042,132,188.28,2
539043,250,392.34000000000003,0
539044,377,808.85,0
539045,25,19.25,2
539046,54,104.9,2
539047,120,178.8,2
539049,284,808.8,0
539050,134,195.89,2
539051,3,14.85,2
539052,6,17.700000000000003,2
539053,65,169.9,2
539056,1,1.45,2
539064,5,26.05,2
539070,26,19.9,2
539074,8,30.0,2
539075,100,209.57,2
539076,30,213.7,2
539077,33,105.75,2
539078,52,72.6,2
539079,78,251.10000000000002,2
539080,28,63.5,2
539081,1,2.95,2
539082,77,185.85000000000002,2
539083,15,32.25,2
539084,93,190.35000000000002,2
539085,24,25.44,2
539086,84,211.8,2
539087,84,216.0,2
539088,145,511.95,2
539089,86,186.0,2
539091,50,163.8,2
539092,12,24.0,2
539093,20,31.0,2
539094,57,157.35,2
539095,158,280.56,2
539098,238,322.86,2
539099,255,392.66,0
539103,227,586.92,0
539105,59,127.33000000000001,2
539106,68,413.4,2
539107,48,151.2,2
539111,112,164.8,2
539112,117,308.87,2
539113,3,4.949999999999999,2
539118,267,256.27000000000004,2
539142,107,164.6,2
539143,11,46.45,2
539160,80,127.08,2
539181,72,131.96,2
539185,99,216.34,2
539196,247,685.2900000000001,0
539201,135,322.01,2
539211,290,410.12,0
539212,85,235.85000000000002,2
539213,168,130.16,2
539214,78,141.3,2
539215,49,117.36,2
539216,3,16.15,2
539217,236,521.96,0
539218,1,3.75,2
539219,24,60.60000000000001,2
539220,18,48.44,2
539222,126,265.9,2
539223,2,2.5,2
539225,600,1153.3200000000002,0
539226,39,59.85,2
539240,698,737.46,0
539242,44,36.08,2
539243,41,112.7,2
539245,32,81.44,2
539246,36,91.73,2
539247,88,193.48000000000002,2
539248,120,110.16,2
539249,108,314.1,2
539250,646,797.74,0
539252,228,218.64,2
539254,120,169.2,2
539255,182,198.66,2
539256,269,468.07,0
539257,52,95.7,2
539259,188,281.28,2
539261,366,405.86,0
539262,330,297.65999999999997,0
539263,164,276.63,2
539264,142,242.48,2
539265,1,4.95,2
539266,35,93.05000000000001,2
539267,130,253.5,2
539268,6,29.7,2
539269,11,46.85,2
539272,28,57.440000000000005,2
539275,24,30.0,2
539280,14,26.1,2
539281,279,434.95,0
539282,64,131.4,2
539283,95,250.65,2
539285,61,105.54,2
539286,62,192.5,2
539288,10,5.5,2
539290,80,124.10000000000001,2
539292,54,304.9,2
539293,189,441.99,2
539294,85,288.1,2
539295,68,216.2,2
539296,48,75.78,2
539297,76,147.9,2
539298,26,102.3,2
539299,22,112.2,2
539300,38,72.59,2
539303,58,209.34,2
539305,221,286.15,2
539306,18,46.7,2
539307,168,331.6,2
539308,122,225.9,2
539309,157,279.85,2
539310,4,15.0,2
539311,150,184.57999999999998,2
539312,24,30.0,2
539313,62,191.3,2
539314,140,247.45000000000002,2
539315,54,183.3,2
539316,18,46.3,2
539317,174,194.97,2
539318,96,52.8,2
539319,78,292.5,2
539320,226,662.9000000000001,0
539321,82,168.81,2
539322,77,126.9,2
539323,6,3.42,2
539324,84,109.82,2
539325,179,302.09000000000003,2
539326,42,148.82,2
539327,42,180.3,2
539328,116,279.88,2
539330,40,89.2,2
539333,197,311.19,2
539334,9,17.45,2
539335,42,269.1,2
539336,58,115.9,2
539337,318,532.58,0
539338,90,248.7,2
539351,100,168.0,2
539353,190,379.5,2
539374,187,330.01,2
539379,64,164.4,2
539391,48,140.64,2
539395,209,491.25,0
539398,6,29.700000000000003,2
539400,24,53.400000000000006,2
539401,63,109.28999999999999,2
539403,74,123.5,2
539404,60,108.92,2
539405,190,399.53999999999996,2
539407,20,28.2,2
539408,221,129.74,2
539410,24,102.0,2
539411,113,247.75,2
539412,12,16.85,2
539414,99,202.66,2
539415,70,157.5,2
539416,52,29.43,2
539417,32,72.0,2
539418,70,109.62,2
539419,86,200.7,2
539420,48,51.96000000000001,2
539421,364,550.84,0
539422,83,190.55,2
539423,28,90.60000000000001,2
539434,883,2667.34,1
539435,28,102.60000000000001,2
539436,714,2257.19,1
539437,1072,3234.73,1
539439,150,267.92,2
539441,1,0.42,2
539442,123,268.65000000000003,2
539443,72,264.72,2
539444,335,605.13,0
539445,38,148.18,2
539446,302,546.2,0
539447,170,188.02,2
539449,3,5.05,2
539450,74,162.3,2
539451,702,2244.33,1
539452,58,234.5,2
539453,864,2662.14,1
539454,66,196.78,2
539455,39,107.1,2
539456,29,119.25,2
539457,10,29.8,2
539458,46,52.75,2
539459,138,298.59000000000003,2
539460,20,33.0,2
539461,88,234.60000000000002,2
539462,163,284.64,2
539463,135,191.46,2
539464,100,218.05,2
539465,12,83.4,2
539466,291,342.57,0
539468,174,638.3000000000001,0
539469,100,231.96,2
539470,92,195.38,2
539471,144,233.16000000000003,2
539472,18,29.52,2
539473,152,335.6,2
539474,8,12.8,2
539475,261,296.71,2
539477,297,365.73,0
539478,55,176.69,2
539479,6,17.55,2
539480,3,10.15,2
539481,10,11.7,2
539482,39,49.67,2
539483,22,82.5,2
539484,358,626.99,0
539487,73,193.11,2
539488,604,1001.52,0
539490,129,306.15000000000003,2
539491,45,55.96,2
539492,399,1232.8799999999999,0
539493,12,31.86,2
539496,148,214.43,2
539497,139,227.25,2
539498,139,240.45,2
539501,136,287.45,2
539502,264,289.38,2
539551,128,268.6,2
539561,84,106.2,2
539564,48,122.4,2
539570,144,327.6,2
539571,2,15.9,2
539572,6,25.5,2
539579,109,327.11,2
539580,177,289.74,2
539581,74,129.1,2
539586,320,441.59999999999997,0
539587,156,231.12,2
539588,19,82.75,2
539590,156,350.20000000000005,2
539592,3,14.85,2
539593,319,700.45,0
539594,12,35.400000000000006,2
539595,375,1210.53,0
539597,24,61.2,2
539604,24,102.0,2
539607,566,906.84,0
539609,54,119.4,2
539610,31,91.98,2
539628,88,154.20000000000002,2
539629,82,239.9,2
539630,152,472.8,2
539631,358,1053.82,0
539633,36,73.80000000000001,2
539635,150,641.1,0
539636,116,179.4,2
539637,50,112.68,2
539639,15,37.67,2
539641,45,134.14,2
539642,140,225.92000000000002,2
539643,3,10.35,2
539645,1,0.95,2
539647,104,183.06,2
539648,4,7.4,2
539649,10,42.120000000000005,2
539650,82,96.44,2
539651,25,10.5,2
539653,298,498.66,0
539654,529,1227.48,0
539656,1,2.1,2
539658,125,302.95,2
539659,370,674.5,0
539660,8,9.2,2
539662,24,117.60000000000001,2
539663,65,134.15,2
539664,12,25.200000000000003,2
539665,2,2.9,2
539666,36,149.4,2
539675,28,114.60000000000001,2
539676,185,192.93,2
539708,138,518.92,2
539713,25,10.5,2
539714,3,2.55,2
539715,1,1.25,2
539716,52,148.0,2
539717,20,65.4,2
539718,210,635.47,0
539720,40,97.84,2
539722,215,585.95,0
539723,90,221.5,2
539725,101,182.19,2
539727,24,53.28,2
539728,517,685.99,0
539729,1,7.95,2
539730,83,173.25,2
539731,104,380.08,2
539732,6,29.700000000000003,2
539733,33,46.05,2
539734,1,7.95,2
539735,43,181.54999999999998,2
539736,103,400.24,2
539737,134,481.2,2
539738,133,549.36,2
539739,89,325.07,2
539740,110,421.77,2
539741,29,124.7,2
539742,30,126.49,2
539743,22,75.85,2
539744,44,181.48999999999998,2
539745,20,89.31,2
539746,26,71.31,2
539747,10,35.39,2
539748,4,17.689999999999998,2
539750,726,3167.25,1
539751,5,4.25,2
539752,120,190.8,2
539753,8,20.14,2
539754,18,43.79,2
539755,4,7.1,2
539758,1,4.25,2
539759,1,2.1,2
539760,198,374.45,2
539761,266,590.3000000000001,0
539764,18,83.1,2
539766,148,321.18,2
539825,3,9.35,2
539826,165,598.6,0
539828,4,23.8,2
539829,88,110.39999999999999,2
539831,35,95.88000000000001,2
539835,193,318.75,2
539836,72,135.34,2
539837,28,222.6,2
539839,2,5.7,2
539840,615,520.32,0
539859,70,142.9,2
539865,24,81.36,2
539867,56,81.6,2
539920,149,340.05,2
539921,5,20.3,2
539933,333,529.59,0
539946,62,110.7,2
539951,6,13.2,2
539952,11,26.15,2
539953,5,12.35,2
539954,36,70.92,2
539955,84,328.71,2
539957,858,1047.65,0
539958,1937,3542.24,1
539978,120,83.52,2
539979,7,12.45,2
539981,153,260.75,2
539982,65,256.61,2
539984,107,239.85,2
539985,143,465.81,2
539986,7,15.25,2
539987,1,6.95,2
539988,175,340.99,2
539989,1,3.75,2
539990,17,27.3,2
539991,16,46.0,2
539992,3,7.1,2
539993,171,307.3,2
540001,76,206.04000000000002,2
540002,36,138.6,2
540003,120,167.4,2
540005,137,189.61,2
540013,107,228.21,2
540014,112,247.77,2
540015,286,510.89,0
540016,78,137.7,2
540017,193,200.29,2
540019,312,366.32,0
540020,30,75.30000000000001,2
540021,176,241.67000000000002,2
540022,68,135.4,2
540023,252,426.36,0
540024,4,23.8,2
540025,120,166.08,2
540026,1500,2661.83,1
540027,198,306.74,2
540028,24,126.0,2
540029,24,90.0,2
540031,135,431.88,2
540032,88,299.92,2
540033,374,457.0,0
540040,156,183.64000000000001,2
540043,46,145.74,2
540059,12,15.0,2
540060,54,163.3,2
540073,112,395.4,2
540093,25,106.35000000000001,2
540094,162,230.70000000000002,2
540095,129,176.44,2
540096,140,277.8,2
540098,67,131.78,2
540099,312,631.92,0
540113,264,313.92,2
540114,44,98.2,2
540115,75,112.65,2
540116,2,10.129999999999999,2
540120,220,647.4,0
540121,202,358.5,2
540122,40,94.0,2
540130,10,67.5,2
540146,137,248.75,2
540148,378,327.96,0
540149,314,423.2,0
540153,50,62.5,2
540154,701,1303.66,0
540157,163,422.11,2
540161,39,119.82,2
540162,32,82.9,2
540163,875,712.3,0
540167,134,116.74,2
540168,239,445.22,0
540169,20,74.95,2
540170,56,170.4,2
540172,50,90.78,2
540174,24,102.0,2
540176,140,669.0,0
540178,354,446.82,0
540179,121,337.99,2
540180,55,99.39,2
540181,24,61.2,2
540182,32,70.2,2
540183,210,643.38,0
540184,14,79.5,2
540185,299,282.41,0
540186,5,7.95,2
540187,380,531.19,0
540188,303,296.66,0
540227,1,4.95,2
540238,153,278.2,2
540239,366,724.86,0
540240,315,311.17,0
540242,198,300.8,2
540245,72,142.8,2
540247,332,768.9,0
540248,143,359.25,2
540249,166,219.66,2
540255,460,887.15,0
540257,66,140.60000000000002,2
540259,136,269.0,2
540260,328,551.69,0
540261,92,121.4,2
540263,12,15.0,2
540265,81,176.35,2
540267,70,389.7,2
540268,582,884.5600000000001,0
540269,40,186.0,2
540273,83,101.75,2
540274,56,166.8,2
540275,157,409.11,2
540276,157,409.11,2
540277,126,570.66,2
540278,224,433.04,2
540279,12,35.400000000000006,2
540288,142,538.3000000000001,2
540316,192,357.18,2
540345,90,183.9,2
540348,89,187.21,2
540349,499,597.49,0
540350,61,108.45,2
540351,256,226.01999999999998,2
540352,746,1362.79,0
540353,273,411.99,0
540354,192,360.16,2
540355,394,1599.49,0
540356,108,395.06,2
540357,527,862.82,0
540358,74,158.5,2
540359,318,346.5,0
540361,98,143.4,2
540362,113,162.70000000000002,2
540363,18,35.1,2
540364,93,295.81,2
540365,171,348.55,2
540371,61,184.45000000000002,2
540372,2039,2794.4500000000003,1
540373,100,242.10000000000002,2
540374,208,303.36,2
540383,21,88.95,2
540387,119,168.85,2
540395,51,186.75,2
540396,100,488.76000000000005,2
540397,89,177.87,2
540399,2,9.3,2
540402,236,446.2,0
540404,233,171.66,2
540407,53,157.95,2
540409,138,253.45,2
540410,86,173.70000000000002,2
540411,133,204.55,2
540412,80,188.8,2
540413,207,318.8,2
540414,334,396.29,0
540415,357,437.4,0
540416,76,122.46000000000001,2
540418,1037,1897.32,1
540420,6,28.5,2
540453,243,160.65,2
540454,96,292.2,2
540455,284,597.8,0
540456,80,188.0,2
540457,18,62.7,2
540458,1620,1882.56,1
540459,114,327.9,2
540460,200,87.76,2
540461,102,122.1,2
540462,123,344.95,2
540463,95,207.33,2
540464,506,754.3000000000001,0
540465,18,32.7,2
540467,222,300.54,2
540468,871,1563.78,1
540469,580,892.77,0
540471,365,668.5500000000001,0
540472,165,201.5,2
540473,501,662.27,0
540474,4,6.6,2
540475,62,73.48,2
540476,1,4.25,2
540477,224,259.84,2
540479,90,135.9,2
540480,363,744.25,0
540481,94,165.88,2
540482,143,244.13,2
540489,193,497.45000000000005,2
540493,114,255.34,2
540495,2,10.9,2
540496,172,201.04,2
540497,8,16.8,2
540498,57,128.55,2
540499,73,193.65,2
540500,13,80.25,2
540501,486,415.34,0
540502,160,215.6,2
540504,67,208.56,2
540505,139,273.35,2
540506,67,240.35,2
540507,24,81.36,2
540508,64,146.55,2
540509,398,495.54,0
540510,10,40.5,2
540511,169,191.84,2
540512,80,130.64000000000001,2
540513,88,259.2,2
540514,173,372.27000000000004,2
540515,70,157.33,2
540516,61,196.95000000000002,2
540517,73,131.59,2
540518,58,97.5,2
540519,188,291.68,2
540520,155,186.95,2
540521,78,114.0,2
540522,180,274.76,2
540523,248,323.94,2
540524,240,524.05,0
540525,156,275.48,2
540526,91,154.28,2
540528,46,69.4,2
540529,260,479.0,0
540530,232,434.56,0
540531,55,109.54,2
540532,29,128.35,2
540533,67,141.05,2
540534,24,25.2,2
540536,91,125.6,2
540537,78,110.17999999999999,2
540538,64,124.57000000000001,2
540539,342,407.1,0
540540,42,126.85000000000001,2
540541,139,242.70000000000002,2
540542,48,61.2,2
540543,165,320.98,2
540544,42,73.5,2
540545,218,284.53999999999996,2
540546,323,544.1700000000001,0
540547,84,208.0,2
540548,30,111.30000000000001,2
540550,615,1376.8500000000001,0
540551,1616,3286.45,1
540552,194,354.0,2
540553,2,15.9,2
540554,81,240.45000000000002,2
540556,100,379.84000000000003,2
540561,260,326.78,2
540562,238,194.02,2
540566,80,148.42,2
540567,213,317.29,2
540568,227,445.84,0
540595,363,252.18,0
540604,386,311.71,0
540630,10,54.2,2
540635,179,281.77,2
540639,324,437.72,0
540640,33,116.45,2
540641,94,279.3,2
540642,541,1081.25,0
540644,388,768.6800000000001,0
540645,186,228.42,2
540646,953,1720.3999999999999,1
540647,428,738.22,0
540648,140,323.34,2
540649,97,128.72,2
540662,100,395.40000000000003,2
540664,85,237.5,2
540671,55,208.05,2
540672,427,683.79,0
540680,165,197.04,2
540681,565,1210.69,0
540682,150,64.14,2
540685,5,10.05,2
540687,176,217.24,2
540688,48,93.6,2
540690,146,191.38,2
540691,562,1240.26,0
540692,233,332.61,2
540697,188,369.0,2
540698,108,488.94,2
540700,238,462.5,0
540701,120,166.8,2
540702,81,140.49,2
540703,234,126.5,2
540704,64,189.72000000000003,2
540732,28,40.2,2
540750,90,153.9,2
540753,8,32.8,2
540768,96,52.8,2
540769,86,126.25999999999999,2
540770,48,130.8,2
540777,16,47.2,2
540779,144,252.42000000000002,2
540782,76,124.4,2
540794,92,123.0,2
540795,84,287.8,2
540798,534,648.44,0
540799,6,15.299999999999997,2
540801,345,515.46,0
540802,24,65.2,2
540803,191,334.15,2
540809,188,258.6,2
540813,240,401.63,0
540816,216,342.77,2
540817,62,213.70000000000002,2
540819,3,23.85,2
540821,993,1915.42,1
540822,5,24.95,2
540823,6,12.5,2
540824,119,203.79000000000002,2
540825,19,62.13,2
540826,358,413.28000000000003,0
540827,118,242.6,2
540828,20,94.44,2
540829,48,52.8,2
540832,447,1691.3,0
540833,1,0.65,2
540834,219,644.25,0
540835,114,136.9,2
540836,15,12.75,2
540838,308,425.1,0
540839,124,221.48,2
540840,45,108.67,2
540844,38,71.5,2
540848,1205,2247.24,1
540849,185,373.45,2
540851,39,62.25,2
540855,56,82.0,2
540856,306,544.74,0
540857,92,244.4,2
540858,6,17.700000000000003,2
540859,176,383.42,2
540862,111,120.75,2
540866,107,78.53999999999999,2
540900,95,214.65,2
540906,24,100.8,2
540907,627,974.32,0
540915,131,311.67,2
540939,2,2.46,2
540940,26,108.33000000000001,2
540943,102,141.58,2
540945,1,0.85,2
540946,136,221.0,2
540947,114,172.01999999999998,2
540951,76,156.0,2
540953,110,200.49,2
540954,40,73.7,2
540955,82,137.95,2
540957,190,316.96000000000004,2
540968,310,703.45,0
540970,3,12.75,2
540971,258,421.44,0
540972,24,30.0,2
540973,1,4.95,2
540974,24,10.08,2
540975,91,289.7,2
540976,496,764.08,0
540977,1164,2261.24,1
540979,215,454.15,2
540980,120,240.3,2
540981,165,260.51,2
540984,38,138.4,2
540985,18,29.040000000000003,2
540986,99,261.29,2
540990,138,207.66000000000003,2
540991,73,307.05,2
540992,254,332.58,2
540993,86,148.74,2
540994,559,695.64,0
540995,835,1898.61,1
540996,32,87.0,2
540997,39,32.69,2
540998,98,179.1,2
540999,96,141.6,2
541002,135,188.69,2
541003,148,210.46,2
541004,98,131.66000000000003,2
541005,92,177.55,2
541006,120,323.15000000000003,2
541008,20,52.10000000000001,2
541010,89,195.13,2
541011,83,129.67000000000002,2
541012,242,254.09,2
541013,109,397.78999999999996,2
541014,98,162.72,2
541015,68,155.52,2
541018,95,268.31,2
541021,169,329.1,2
541038,196,239.09,2
541086,113,307.95,2
541087,18,87.1,2
541088,165,396.42,2
541091,121,241.05,2
541093,47,137.85000000000002,2
541094,202,255.67000000000002,2
541103,279,523.71,0
541104,919,1997.44,1
541107,228,271.32,2
541110,193,255.81,2
541111,173,323.75,2
541112,187,386.05,2
541113,20,89.5,2
541115,741,1412.66,0
541118,1,1.25,2
541119,76,127.80000000000001,2
541120,491,709.02,0
541121,78,225.9,2
541122,161,210.37,2
541123,275,434.87,0
541125,10,29.5,2
541126,200,211.84,2
541127,15,79.39,2
541128,28,135.93,2
541129,36,177.70999999999998,2
541130,88,319.58,2
541131,56,267.86,2
541132,46,203.64,2
541133,61,282.63,2
541134,304,480.4,0
541135,78,179.10000000000002,2
541136,90,240.3,2
541137,48,127.44,2
541138,356,554.99,0
541139,262,313.2,2
541149,12,35.400000000000006,2
541172,79,102.64999999999999,2
541181,36,100.2,2
541202,227,422.0,2
541203,20,99.0,2
541204,136,223.08,2
541205,88,283.5,2
541206,116,246.44,2
541207,210,361.5,2
541208,200,210.24,2
541213,344,448.45,0
541214,193,440.85,2
541215,728,1422.78,0
541216,83,112.42,2
541217,20,75.0,2
541218,130,102.02,2
541219,1029,2291.96,1
541220,2,8.0,2
541221,307,1138.1,0
541223,176,246.04,2
541224,65,139.95000000000002,2
541225,98,220.70000000000002,2
541226,36,214.20000000000002,2
541227,56,145.2,2
541228,36,45.0,2
541236,1,3.35,2
541238,109,294.55,2
541239,76,126.7,2
541240,83,161.3,2
541241,74,161.5,2
541242,17,58.190000000000005,2
541244,65,175.89000000000001,2
541246,12,22.200000000000003,2
541248,6,6.869999999999999,2
541249,178,100.78,2
541250,72,30.240000000000002,2
541251,73,119.05,2
541252,58,183.4,2
541253,75,94.14,2
541255,1,4.25,2
541256,347,477.61,0
541258,122,321.45,2
541259,88,223.6,2
541260,72,131.3,2
541262,156,270.11,2
541263,198,526.26,0
541264,71,135.45,2
541265,216,372.5,2
541266,292,487.81,0
541267,199,377.05,2
541268,114,195.94,2
541269,384,731.5,0
541270,20,73.0,2
541271,204,431.3,2
541272,31,110.45,2
541273,94,189.5,2
541274,245,459.45,0
541275,48,121.20000000000002,2
541277,141,214.6,2
541278,52,167.4,2
541279,284,559.48,0
541280,443,949.13,0
541281,13,25.04,2
541282,289,509.5,0
541283,146,170.46,2
541285,271,543.69,0
541286,224,352.8,2
541288,23,48.75,2
541289,73,170.07,2
541290,96,80.16,2
541291,201,246.61,2
541292,127,315.45,2
541293,145,394.57,2
541294,60,126.6,2
541302,165,291.27,2
541316,42,98.6,2
541357,76,96.2,2
541362,214,270.68,2
541370,156,287.1,2
541371,169,251.88,2
541391,12,7.800000000000001,2
541400,3,14.85,2
541405,239,379.34000000000003,2
541406,202,335.43,2
541408,138,285.3,2
541409,24,39.6,2
541410,609,1133.3300000000002,0
541411,5,9.75,2
541412,1,5.95,2
541413,126,172.76,2
541414,89,183.42000000000002,2
541417,98,218.76,2
541420,2,5.9,2
541421,1496,3168.84,1
541422,869,1861.73,1
541423,1174,2554.5499999999997,1
541424,865,1982.78,1
541427,60,405.0,2
541428,51,118.45,2
541429,278,302.22,2
541430,354,818.7,0
541432,19,46.45,2
541434,112,219.2,2
541435,131,138.93,2
541436,76,315.0,2
541439,96,69.6,2
541473,100,117.0,2
541479,24,10.08,2
541480,112,114.52000000000001,2
541481,141,239.73000000000002,2
541483,15,90.45,2
541484,51,140.47,2
541485,167,249.53,2
541486,96,99.76,2
541488,136,316.46,2
541489,343,512.5,0
541490,13,36.35,2
541491,291,597.05,0
541493,270,1089.0,0
541494,7,7.89,2
541495,50,227.95,2
541496,45,230.68,2
541497,875,1886.15,1
541500,143,135.15,2
541504,73,233.05,2
541506,53,235.67999999999998,2
541507,19,89.25,2
541508,55,247.73,2
541509,70,126.54,2
541510,52,155.15,2
541511,52,116.57,2
541513,12,15.0,2
541516,594,1392.61,0
541517,36,45.0,2
541518,1166,1471.17,1
541520,110,200.25,2
541521,69,128.94,2
541522,89,215.35000000000002,2
541523,31,98.35,2
541524,236,543.7,0
541530,401,506.98,0
541552,223,475.03,0
541564,97,184.7,2
541565,40,122.5,2
541566,436,387.52,0
541567,377,647.75,0
541568,52,186.6,2
541569,280,458.92,0
541571,121,139.88,2
541574,266,212.72,2
541575,141,236.9,2
541576,47,102.97,2
541584,48,212.29999999999998,2
541585,27,155.45000000000002,2
541587,53,162.98,2
541588,310,487.45000000000005,0
541590,232,386.48,2
541591,136,175.86,2
541592,1323,2889.66,1
541593,232,291.65,2
541594,183,282.45,2
541595,48,78.36,2
541596,527,674.89,0
541597,43,121.71000000000001,2
541602,82,133.98,2
541604,174,279.98,2
541605,60,114.60000000000001,2
541606,56,114.68,2
541609,30,57.900000000000006,2
541610,17,84.15,2
541615,132,149.42000000000002,2
541631,652,1267.6200000000001,0
541648,126,219.7,2
541649,139,167.39000000000001,2
541652,2,5.5,2
541655,48,118.8,2
541657,18,60.900000000000006,2
541658,210,249.43,2
541659,71,161.95000000000002,2
541660,249,482.26,0
541664,92,260.0,2
541669,135,223.01,2
541670,96,368.0,2
541671,104,330.6,2
541672,36,135.0,2
541673,24,75.6,2
541675,92,195.6,2
541676,343,444.48,0
541677,52,103.24000000000001,2
541678,110,115.8,2
541679,18,55.5,2
541680,31,146.75,2
541681,175,229.47,2
541682,142,222.5,2
541683,206,274.2,2
541684,849,1370.18,0
541686,103,227.0,2
541690,20,42.2,2
541692,10,25.0,2
541695,1155,2499.59,1
541696,1020,1987.49,1
541698,118,187.24,2
541699,224,179.68,2
541700,109,120.63,2
541703,143,285.0,2
541706,46,119.70000000000002,2
541708,10,19.5,2
541709,228,388.6,2
541711,706,1577.3400000000001,0
541712,68,86.17999999999999,2
541732,44,94.36,2
541756,6,22.5,2
541782,10,8.5,2
541783,302,407.0,0
541784,356,660.22,0
541785,12,38.7,2
541788,160,307.6,2
541789,459,2096.85,0
541791,35,43.75,2
541792,152,302.0,2
541793,211,332.49,2
541794,56,138.55,2
541795,131,259.6,2
541796,201,281.6,2
541797,6,17.2,2
541798,37,153.87,2
541799,2,6.6,2
541800,49,135.75,2
541801,150,91.8,2
541809,290,1082.68,0
541810,68,253.29999999999998,2
541811,93,346.48,2
541813,222,373.32,2
541815,3,8.25,2
541816,357,534.78,0
541827,1313,2594.34,1
541830,457,1253.97,0
541832,42,99.35,2
541835,56,161.8,2
541836,11,13.75,2
541837,92,153.0,2
541838,276,670.1,0
541839,196,351.96000000000004,2
541840,1,2.95,2
541841,81,161.03,2
541842,94,168.6,2
541843,483,797.15,0
541844,91,199.1,2
541845,64,150.3,2
541846,119,292.85,2
541847,176,377.01,2
541848,329,480.02,0
541849,74,133.19,2
541850,92,157.05,2
541851,52,105.34,2
541853,53,224.75,2
541854,66,105.3,2
541855,261,345.88,0
541856,205,292.98,2
541857,114,346.8,2
541858,153,185.31,2
541859,40,69.16,2
541860,48,58.88,2
541862,71,248.85,2
541864,32,207.9,2
541866,223,417.31,2
541867,9,18.5,2
541869,247,591.68,0
541870,117,459.59000000000003,2
541871,214,530.18,0
541872,218,283.79,2
541873,32,105.2,2
541874,100,304.20000000000005,2
541875,270,281.38,2
541876,34,83.4,2
541877,205,301.41,2
541878,77,333.23,2
541879,35,135.3,2
541880,184,231.6,2
541881,45,66.93,2
541883,236,438.0,0
541884,42,110.10000000000001,2
541886,167,427.91,2
541903,12,91.8,2
541916,44,130.9,2
541919,278,294.42,2
541932,322,1669.1000000000001,0
541946,141,216.63000000000002,2
541947,172,202.05,2
541948,56,116.98,2
541949,175,271.99,2
541950,176,446.84,2
541960,36,37.8,2
541962,43,109.05000000000001,2
541963,23,52.35,2
541965,762,1112.8200000000002,0
541966,102,246.1,2
541968,139,387.27000000000004,2
541969,270,834.02,0
541970,382,777.3,0
541971,186,551.95,0
541972,322,401.78,0
541973,205,119.33999999999999,2
541974,76,141.14000000000001,2
541975,509,1155.82,0
541976,38,127.70000000000002,2
541977,168,354.2,2
541978,9,53.550000000000004,2
541979,41,165.89000000000001,2
541980,103,129.45,2
541981,84,190.2,2
541982,3,7.15,2
541984,102,111.78,2
541985,77,127.83,2
541986,181,290.03,2
541987,206,408.16,2
541989,189,417.69,2
541990,59,99.65,2
541991,63,167.69,2
541993,82,313.7,2
541995,135,256.40999999999997,2
541996,186,316.08000000000004,2
541997,243,315.13,2
541998,24,20.4,2
541999,361,1014.59,0
542000,422,600.24,0
542001,180,234.6,2
542002,220,363.0,2
542003,105,250.95,2
542004,24,52.800000000000004,2
542005,109,214.9,2
542006,226,419.76,2
542025,44,81.4,2
542026,63,118.65,2
542057,58,144.9,2
542058,252,281.4,2
542059,81,106.83000000000001,2
542065,10,37.3,2
542079,20,75.8,2
542080,507,840.41,0
542081,10,15.15,2
542083,19,35.05,2
542084,200,482.8,2
542085,140,244.62,2
542087,313,421.59000000000003,0
542090,122,221.5,2
542093,88,250.2,2
542096,45,117.73,2
542098,84,120.6,2
542100,157,240.9,2
542102,695,1335.01,0
542103,543,771.19,0
542105,155,314.75,2
542106,108,263.88,2
542107,313,652.5,0
542108,42,133.5,2
542109,284,1073.51,0
542110,130,223.74,2
542111,170,224.48,2
542112,351,578.38,0
542113,33,111.15,2
542114,84,311.48,2
542115,99,439.68,2
542121,86,143.43,2
542122,314,386.94,0
542123,86,144.5,2
542124,78,98.58,2
542125,108,216.08,2
542126,3,17.85,2
542128,221,251.93,2
542129,72,111.0,2
542130,64,126.2,2
542131,88,137.28,2
542133,78,153.78000000000003,2
542134,24,124.8,2
542135,7,13.55,2
542136,2,0.84,2
542137,14,20.1,2
542142,60,174.6,2
542143,70,472.5,2
542146,35,134.55,2
542147,228,522.1800000000001,0
542148,189,176.5,2
542149,20,36.55,2
542151,70,170.9,2
542152,118,152.6,2
542153,66,164.7,2
542154,24,102.0,2
542174,117,250.55,2
542192,627,884.86,0
542208,30,106.50000000000001,2
542212,24,142.8,2
542213,25,64.05,2
542214,154,157.02,2
542215,438,618.46,0
542216,518,523.96,0
542217,83,122.95,2
542219,311,564.29,0
542220,24,102.0,2
542221,86,332.88,2
542223,47,100.85,2
542224,57,68.73,2
542226,72,151.96,2
542227,147,291.95,2
542228,123,314.29,2
542229,206,332.40000000000003,2
542230,42,110.7,2
542231,585,854.11,0
542233,119,259.8,2
542235,36,19.8,2
542236,98,177.65,2
542237,312,437.14,0
542238,222,339.0,2
542239,50,86.35,2
542240,40,113.4,2
542241,133,253.11,2
542242,78,112.19999999999999,2
542243,71,171.7,2
542246,171,284.33,2
542247,83,223.95,2
542252,92,390.71,2
542253,3,2.85,2
542254,88,365.84000000000003,2
542255,381,982.45,0
542258,57,149.65,2
542265,52,132.76,2
542266,167,210.48,2
542267,2,9.9,2
542268,367,414.83,0
542269,232,357.33000000000004,2
542272,350,540.58,0
542274,126,309.85,2
542275,432,536.4,0
542276,326,984.6800000000001,0
542277,159,447.41,2
542278,150,474.25,2
542284,142,245.3,2
542303,615,1376.8500000000001,0
542320,65,126.75,2
542344,254,798.73,0
542345,93,149.49,2
542347,267,329.38,2
542349,106,143.84,2
542350,46,74.42,2
542351,24,20.4,2
542353,412,474.61,0
542354,131,363.15000000000003,2
542355,50,337.5,2
542360,133,320.05,2
542369,198,327.9,2
542370,294,298.7,0
542371,122,146.34,2
542372,94,408.78000000000003,2
542373,655,954.9399999999999,0
542374,124,244.36,2
542375,38,74.1,2
542377,92,157.4,2
542381,106,321.1,2
542382,79,170.77,2
542384,93,153.65,2
542386,64,268.8,2
542387,5,9.85,2
542388,48,159.60000000000002,2
542389,119,182.45000000000002,2
542390,100,151.4,2
542393,253,450.29,0
542397,152,235.68,2
542398,238,511.55,0
542399,391,885.45,0
542401,225,307.91,2
542405,1,1.95,2
542406,49,116.45,2
542407,210,283.74,2
542408,306,373.5,0
542409,125,303.55,2
542411,26,58.7,2
542412,23,88.0,2
542419,35,90.65,2
542420,165,187.29,2
542422,47,99.35,2
542423,296,717.6,0
542425,57,162.55,2
542428,40,226.8,2
542429,150,321.9,2
542430,70,273.90000000000003,2
542431,130,350.90000000000003,2
542432,24,166.8,2
542433,202,270.9,2
542434,141,268.14,2
542470,147,242.25,2
542503,465,622.62,0
542506,138,445.5,2
542511,103,202.8,2
542519,224,564.5,0
542520,163,197.87,2
542521,61,129.63,2
542526,319,547.77,0
542527,148,327.08,2
542528,176,190.02,2
542530,83,191.61,2
542533,16,100.8,2
542534,178,461.56,2
542535,77,164.95,2
542536,222,806.98,0
542538,203,285.69,2
542541,318,948.64,0
542542,96,265.68,2
542543,119,266.55,2
542549,4,19.8,2
542568,67,160.05,2
542578,289,400.4,0
542583,154,483.90000000000003,2
542584,48,116.8,2
542585,67,243.36,2
542586,332,486.90000000000003,0
542587,50,235.14000000000001,2
542590,81,142.85,2
542594,1,1.25,2
542595,109,247.95000000000002,2
542596,24,182.8,2
542597,20,144.48,2
542598,27,89.35000000000001,2
542599,58,95.8,2
542600,133,252.46,2
542601,53,162.63,2
542602,53,174.45000000000002,2
542603,168,233.14000000000001,2
542605,54,182.6,2
542606,76,163.8,2
542607,127,287.15,2
542608,180,215.65,2
542609,27,95.75,2
542610,204,344.0,2
542611,417,465.09000000000003,0
542612,52,140.4,2
542613,256,372.7,0
542614,63,197.25000000000003,2
542616,143,249.67000000000002,2
542617,403,619.11,0
542618,62,135.07,2
542619,248,465.74,0
542620,198,292.55,2
542621,270,357.63,0
542622,294,796.51,0
542623,146,342.70000000000005,2
542624,98,402.99,2
542625,91,364.07,2
542626,180,243.3,2
542627,453,551.87,0
542629,383,1050.57,0
542631,50,123.95,2
542632,24,61.2,2
542633,122,449.76,2
542634,224,405.04,2
542636,42,56.1,2
542641,36,203.8,2
542646,142,320.0,2
542647,251,359.75,2
542648,110,250.58,2
542649,89,145.25,2
542659,119,233.07,2
542662,567,609.01,0
542664,255,732.77,0
542667,242,368.7,2
542673,19,63.550000000000004,2
542678,72,113.1,2
542691,96,202.8,2
542692,35,106.8,2
542707,12,25.200000000000003,2
542708,170,539.98,2
542709,212,324.6,2
542710,216,206.39999999999998,2
542711,35,93.60000000000001,2
542712,30,37.98,2
542713,424,762.1,0
542715,114,177.5,2
542716,102,212.24,2
542717,71,121.17,2
542718,33,71.55,2
542719,124,214.37,2
542720,116,119.47999999999999,2
542722,48,122.4,2
542723,68,127.9,2
542724,115,234.45000000000002,2
542725,5,14.750000000000002,2
542727,52,119.24000000000001,2
542728,92,151.8,2
542729,219,182.22,2
542731,71,122.17,2
542733,25,85.12,2
542735,166,287.94,2
542736,1,0.55,2
542737,97,171.3,2
542739,12,30.6,2
542741,186,163.22,2
542743,5,14.750000000000002,2
542745,60,203.64000000000001,2
542746,2,1.9,2
542759,1,4.95,2
542776,77,180.75,2
542777,407,698.57,0
542778,68,171.32,2
542779,244,333.0,2
542780,232,566.0,0
542782,47,167.45000000000002,2
542785,60,349.0,2
542786,256,362.40000000000003,0
542788,114,239.1,2
542789,511,936.5600000000001,0
542790,133,260.15000000000003,2
542791,162,421.4,2
542794,128,409.84,2
542795,102,297.06,2
542796,166,178.22,2
542797,143,178.54,2
542800,2,3.67,2
542806,176,563.5,0
542812,292,317.25,0
542835,202,184.5,2
542836,172,239.29999999999998,2
542849,19,67.95,2
542858,103,108.31,2
542862,75,151.45,2
542863,114,296.1,2
542864,290,447.74,0
542865,33,70.95,2
542867,76,130.58,2
542868,95,220.01,2
542869,140,226.86,2
542870,224,211.94,2
542871,50,21.0,2
542872,24,21.6,2
542881,55,111.95,2
542886,152,247.26000000000002,2
542887,166,299.1,2
542888,125,312.45,2
542890,324,618.92,0
542891,348,1102.51,0
542893,189,406.33000000000004,2
542894,110,174.5,2
542895,94,224.98,2
542896,40,270.0,2
542897,27,106.65,2
542898,203,375.6,2
542899,34,95.9,2
542900,8,30.0,2
542901,7,36.45,2
542902,180,231.0,2
542904,158,374.90000000000003,2
542905,146,133.68,2
542906,513,1257.32,0
542907,15,74.25,2
542908,70,271.55,2
542911,201,409.5,2
542914,141,262.45,2
542922,156,416.64,2
542923,137,258.55,2
542925,52,68.64,2
542927,82,181.9,2
542928,426,505.98,0
542929,102,259.55,2
542930,66,248.10000000000002,2
542931,125,184.95,2
542932,526,981.9000000000001,0
542933,132,723.0,0
542934,279,640.98,0
542936,107,141.25,2
542944,16,10.4,2
542989,69,128.91,2
542990,44,141.3,2
542992,24,30.0,2
542993,132,264.04,2
542994,115,294.15000000000003,2
542995,36,133.08,2
542996,93,210.71,2
542997,33,155.88,2
542998,87,344.2,2
542999,49,254.75,2
543000,122,465.73,2
543001,161,314.63,2
543002,97,117.09,2
543003,78,126.82000000000001,2
543005,116,144.2,2
543006,86,325.40999999999997,2
543007,105,160.85,2
543008,124,302.0,2
543009,122,128.68,2
543010,158,270.62,2
543011,90,268.3,2
543012,2,7.2,2
543013,293,885.55,0
543015,219,364.0,2
543018,4,15.0,2
543019,3,8.850000000000001,2
543020,83,180.88,2
543021,126,281.14,2
543022,277,524.53,0
543023,76,200.20000000000002,2
543024,79,136.43,2
543025,102,68.1,2
543027,60,75.0,2
543028,184,304.9,2
543029,39,105.81,2
543030,128,93.08,2
543031,76,75.68,2
543032,20,39.0,2
543033,64,185.54000000000002,2
543036,44,98.55,2
543037,196,294.40000000000003,2
543038,40,80.60000000000001,2
543040,641,851.58,0
543041,3,6.85,2
543043,13,44.35,2
543044,110,250.55,2
543045,82,156.22,2
543046,25,84.55,2
543047,10,37.5,2
543048,54,136.34,2
543053,76,150.0,2
543054,176,238.16000000000003,2
543055,154,364.1,2
543056,130,378.3,2
543094,247,320.8,2
543095,52,111.2,2
543096,72,120.49,2
543097,264,765.53,0
543098,152,255.76,2
543106,48,151.20000000000002,2
543107,325,486.62,0
543108,120,221.82,2
543111,198,398.16,2
543113,207,419.1,2
543114,222,524.66,0
543115,36,68.5,2
543116,581,889.5,0
543117,6,15.3,2
543118,113,182.41,2
543120,90,231.4,2
543121,182,300.70000000000005,2
543122,124,222.0,2
543123,182,333.3,2
543124,120,222.56,2
543125,17,68.75,2
543126,28,96.7,2
543127,72,130.8,2
543128,24,30.0,2
543129,121,183.15,2
543130,40,78.0,2
543131,86,150.18,2
543132,122,172.3,2
543133,16,54.9,2
543161,226,383.22,2
543162,220,319.66,2
543163,24,118.8,2
543164,157,168.45,2
543165,44,121.4,2
543166,209,461.15000000000003,2
543167,24,70.80000000000001,2
543170,132,205.32000000000002,2
543171,126,473.61,2
543172,101,352.42,2
543173,215,436.15000000000003,2
543174,120,267.6,2
543177,65,268.75,2
543178,71,137.15,2
543179,37,45.57,2
543180,185,337.83,2
543182,310,857.4499999999999,0
543183,6,29.7,2
543184,98,227.98000000000002,2
543186,36,196.2,2
543187,141,334.05,2
543188,575,1105.33,0
543189,100,128.44,2
543190,153,156.94,2
543191,136,206.63,2
543193,141,484.25,2
543196,437,384.40999999999997,0
543197,148,154.53000000000003,2
543198,24,61.2,2
543199,118,195.06,2
543200,87,325.5,2
543201,83,358.49,2
543214,96,320.2,2
543232,101,216.45,2
543235,144,242.07,2
543237,353,1420.47,0
543240,4,15.8,2
543242,172,357.92,2
543243,18,98.10000000000001,2
543245,42,76.33,2
543246,79,94.3,2
543247,24,90.0,2
543249,39,122.15,2
543250,283,335.53,0
543251,211,449.65000000000003,2
543252,94,292.3,2
543253,4,15.0,2
543255,101,156.93,2
543256,95,123.21,2
543263,2,4.2,2
543264,146,197.03,2
543272,61,136.65,2
543273,216,390.59000000000003,2
543274,99,145.5,2
543275,30,75.75,2
543276,74,295.5,2
543277,224,612.65,0
543278,66,65.1,2
543279,258,300.9,2
543280,82,131.9,2
543281,45,92.32000000000001,2
543282,32,82.62,2
543283,26,50.7,2
543284,69,117.75,2
543285,120,339.78000000000003,2
543286,300,834.0,0
543287,37,159.15,2
543288,99,182.85,2
543291,10,29.42,2
543292,81,194.2,2
543293,329,559.85,0
543294,13,47.45,2
543300,787,1462.39,0
543306,179,275.03,2
543309,98,184.04,2
543325,66,110.7,2
543332,106,154.1,2
543342,286,339.21000000000004,0
543345,207,676.6,0
543349,86,192.04,2
543350,23,84.15,2
543351,132,165.0,2
543352,6,16.9,2
543354,489,692.11,0
543355,113,188.86,2
543357,37,124.05000000000001,2
543358,271,765.64,0
543359,38,105.3,2
543367,269,438.82,0
543369,92,219.36,2
543370,421,864.91,0
543371,240,399.85,0
543372,21,67.95,2
543373,104,181.44,2
543374,163,319.35,2
543376,21,67.95,2
543377,192,220.98000000000002,2
543380,90,143.1,2
543382,186,263.34,2
543383,1,7.95,2
543385,1,7.95,2
543387,24,30.0,2
543389,54,60.41,2
543391,125,248.85000000000002,2
543392,36,79.44,2
543393,86,163.7,2
543395,2,15.9,2
543396,26,84.7,2
543397,66,118.52,2
543398,128,199.8,2
543399,200,671.56,0
543400,118,163.65,2
543411,199,266.85,2
543428,222,430.08,2
543446,38,121.30000000000001,2
543447,438,768.75,0
543448,326,1257.21,0
543449,60,145.8,2
543450,87,266.26,2
543451,78,312.83,2
543452,76,163.20000000000002,2
543454,18,86.65,2
543457,23,63.45,2
543458,79,152.87,2
543459,214,165.86,2
543460,12,10.2,2
543461,61,258.83,2
543462,120,224.4,2
543463,193,340.88,2
543464,112,253.2,2
543466,188,363.36,2
543467,336,1001.1999999999999,0
543468,82,211.85,2
543470,909,914.96,0
543474,187,451.88,2
543476,199,228.14000000000001,2
543477,12,15.0,2
543478,10,67.5,2
543479,24,90.0,2
543480,11,52.35,2
543481,68,103.1,2
543482,32,133.35,2
543483,36,78.62,2
543484,258,329.42,2
543485,24,80.7,2
543486,180,443.32,2
543487,84,197.0,2
543492,159,150.9,2
543507,171,362.65000000000003,2
543518,120,608.4,2
543519,336,646.36,0
543520,6,29.700000000000003,2
543523,30,38.1,2
543527,116,314.09999999999997,2
543529,29,105.44999999999999,2
543530,249,805.68,0
543532,112,524.5799999999999,2
543533,144,590.92,2
543534,182,213.3,2
543535,320,570.0,0
543536,31,48.22,2
543537,7,32.85,2
543538,155,370.25,2
543539,28,45.5,2
543540,92,141.36,2
543541,271,491.81,0
543542,256,231.91,2
543543,110,178.63,2
543544,41,49.08,2
543546,349,921.51,0
543547,44,109.2,2
543548,187,290.89000000000004,2
543550,50,95.10000000000001,2
543553,206,96.6,2
543554,86,316.5,2
543555,495,881.85,0
543565,120,351.36,2
543586,110,181.8,2
543587,177,238.85,2
543590,144,216.57999999999998,2
543591,46,118.3,2
543592,106,263.8,2
543593,96,136.8,2
543594,196,338.6,2
543596,54,85.5,2
543597,252,593.2,0
543598,212,464.82,2
543600,93,184.45,2
543601,8,11.6,2
543602,27,36.05,2
543604,147,264.03,2
543610,195,268.7,2
543618,53,160.15,2
543619,360,409.87,0
543622,25,10.5,2
543623,16,68.0,2
543625,192,172.32,2
543626,122,318.42,2
543629,101,390.96999999999997,2
543630,35,37.55,2
543631,333,422.55,0
543639,58,93.84,2
543641,54,125.5,2
543642,50,85.86,2
543645,44,89.2,2
543646,52,91.30000000000001,2
543647,66,106.8,2
543648,179,259.05,2
543651,224,294.5,2
543652,405,479.48,0
543653,184,317.01,2
543657,104,316.2,2
543658,69,171.15,2
543660,288,720.0,0
543664,84,102.3,2
543668,20,73.2,2
543693,24,70.80000000000001,2
543713,359,1430.75,0
543730,60,75.0,2
543731,122,165.85,2
543732,69,345.28,2
543733,165,155.55,2
543734,229,415.31,2
543735,132,412.8,2
543736,256,522.15,0
543737,415,1418.05,0
543739,96,137.9,2
543740,84,129.4,2
543746,75,239.25,2
543747,38,124.26,2
543748,64,253.8,2
543751,1,1.25,2
543753,6,7.5,2
543754,117,289.05,2
543759,124,175.8,2
543762,3,6.550000000000001,2
543770,249,287.0,2
543774,206,401.3,2
543777,121,169.99,2
543788,2,2.42,2
543796,1,4.95,2
543797,36,101.4,2
543798,84,157.5,2
543799,40,119.76,2
543800,184,350.0,2
543801,48,150.9,2
543802,145,421.4,2
543803,183,299.72,2
543804,201,359.5,2
543805,67,121.65,2
543806,67,175.96,2
543807,61,121.25,2
543808,77,132.25,2
543809,54,191.06,2
543810,52,125.4,2
543812,145,248.71,2
543813,11,31.35,2
543814,236,458.6,0
543815,73,108.25999999999999,2
543816,52,95.47999999999999,2
543820,214,413.48,2
543821,476,852.9,0
543822,168,342.0,2
543824,98,181.5,2
543825,24,68.0,2
543826,288,754.09,0
543828,751,1388.25,0
543832,261,365.11,0
543833,40,85.4,2
543836,269,321.05,2
543839,30,103.7,2
543852,28,176.2,2
543899,360,783.0,0
543900,373,577.85,0
543901,24,61.2,2
543907,57,79.92,2
543908,24,70.80000000000001,2
543909,324,827.27,0
543910,218,260.22,2
543911,352,781.24,0
543912,34,227.1,2
543913,58,126.18,2
543914,45,99.55,2
543915,243,270.33,2
543916,25,47.75,2
543919,94,143.1,2
543921,122,223.74,2
543923,66,187.50000000000003,2
543924,26,61.5,2
543934,64,102.9,2
543935,24,78.0,2
543973,174,247.25,2
543975,121,261.09000000000003,2
543977,285,528.71,0
543978,443,410.72,0
543979,54,133.59,2
543981,263,367.76,0
543982,102,202.4,2
543983,74,136.5,2
543984,254,368.48,0
543985,201,567.4,0
543986,3,3.75,2
543987,131,208.4,2
543988,6,17.700000000000003,2
543989,136,723.6,0
543990,202,298.74,2
543993,178,305.46,2
543995,66,201.3,2
543996,181,458.53000000000003,2
543997,161,131.26,2
544035,60,307.0,2
544036,2,13.5,2
544037,527,886.33,0
544039,30,202.5,2
544040,89,211.52,2
544041,180,375.56,2
544042,28,78.45,2
544044,42,156.3,2
544045,72,278.64,2
544051,234,406.8,2
544055,128,234.0,2
544056,200,269.84,2
544058,72,190.35000000000002,2
544059,51,103.21,2
544060,54,81.8,2
544061,24,66.0,2
544062,68,161.28,2
544064,18,87.80000000000001,2
544065,103,249.69,2
544066,38,111.5,2
544067,143,269.59,2
544068,52,65.01,2
544069,96,219.6,2
544070,240,553.02,0
544071,374,479.96000000000004,0
544074,418,773.76,0
544075,114,563.7,2
544076,24,30.0,2
544077,173,235.44,2
544081,36,40.4,2
544082,3,2.09,2
544083,77,222.45,2
544084,40,89.2,2
544085,1,5.45,2
544087,199,336.19,2
544088,1,4.25,2
544089,328,868.89,0
544090,112,210.2,2
544091,120,150.0,2
544092,62,77.5,2
544093,48,161.76,2
544094,250,377.32,0
544095,46,169.50000000000003,2
544096,52,125.4,2
544097,234,545.9,0
544098,304,806.39,0
544100,107,241.69,2
544101,109,142.85,2
544102,80,195.96,2
544103,15,20.38,2
544105,210,424.85,2
544106,219,473.65000000000003,0
544107,91,173.05,2
544108,150,366.29999999999995,2
544109,90,112.45,2
544110,52,134.53,2
544111,231,722.85,0
544112,154,347.48,2
544115,736,806.26,0
544129,99,328.4,2
544143,12,19.8,2
544147,12,10.82,2
544150,7,34.65,2
544151,74,189.37,2
544153,113,241.34,2
544156,92,228.4,2
544157,222,363.22,2
544158,64,132.60000000000002,2
544159,179,349.64,2
544160,543,723.9300000000001,0
544161,225,319.19,2
544162,138,178.66,2
544163,18,37.5,2
544165,102,308.78000000000003,2
544166,50,337.5,2
544167,114,317.82,2
544169,75,208.76999999999998,2
544176,45,94.31,2
544177,654,1154.47,0
544178,41,116.05,2
544179,219,321.25,2
544180,88,95.18,2
544181,300,491.88,0
544182,108,288.6,2
544186,364,917.16,0
544187,175,234.45,2
544189,36,133.0,2
544190,238,180.26,2
544191,323,640.36,0
544192,6,17.700000000000003,2
544193,272,538.2,0
544194,102,290.94,2
544195,50,71.1,2
544196,72,144.4,2
544197,18,37.5,2
544198,36,84.0,2
544199,72,125.88000000000001,2
544200,112,192.1,2
544201,84,331.48,2
544202,71,309.49,2
544203,226,434.1,0
544204,54,231.64999999999998,2
544205,91,378.21,2
544206,100,399.1,2
544207,88,327.55,2
544208,57,269.49,2
544209,54,163.54,2
544210,86,231.12,2
544211,166,331.2,2
544214,383,1484.8799999999999,0
544271,126,210.58,2
544277,34,91.30000000000001,2
544278,773,934.39,0
544280,170,198.52,2
544281,14,50.7,2
544282,230,358.40000000000003,2
544283,47,88.9,2
544286,297,836.87,0
544292,186,198.65,2
544293,182,204.58,2
544294,368,570.88,0
544295,702,946.86,0
544297,20,46.2,2
544298,270,579.9000000000001,0
544299,326,414.0,0
544301,74,129.88,2
544302,76,148.6,2
544303,55,136.45,2
544304,112,163.0,2
544305,43,149.35,2
544306,76,177.3,2
544307,384,161.28,0
544308,34,169.5,2
544309,322,288.33,0
544311,90,162.29,2
544312,3,8.25,2
544313,212,200.59,2
544314,175,277.81,2
544315,19,23.95,2
544316,360,618.64,0
544317,36,131.4,2
544319,128,110.98,2
544322,60,82.8,2
544323,277,888.64,0
544324,4,15.9,2
544325,1,2.95,2
544326,2,8.0,2
544328,34,100.5,2
544329,24,30.0,2
544330,120,130.2,2
544332,232,282.0,2
544333,4,16.48,2
544334,24,118.8,2
544335,27,67.25,2
544336,105,127.03,2
544337,278,361.77,0
544338,145,264.15,2
544339,225,524.75,0
544340,108,152.4,2
544341,162,347.42,2
544349,131,257.97,2
544350,6,45.900000000000006,2
544352,142,226.98000000000002,2
544353,56,300.0,2
544354,64,77.28,2
544355,602,730.4,0
544356,223,201.12,2
544368,293,443.51,0
544390,58,95.7,2
544391,196,294.78,2
544392,85,191.21,2
544393,151,214.04999999999998,2
544394,62,211.70000000000002,2
544395,103,301.85,2
544398,109,181.2,2
544399,110,228.0,2
544400,2,2.95,2
544404,26,48.3,2
544405,50,179.6,2
544406,246,386.85,0
544408,105,58.9,2
544409,318,638.28,0
544411,184,321.8,2
544412,164,227.28,2
544418,6,5.58,2
544421,102,148.9,2
544423,15,6.3,2
544430,2,5.1,2
544431,2,3.2,2
544434,416,1032.17,0
544438,1,0.85,2
544440,32,119.96000000000001,2
544441,6,15.3,2
544444,100,103.95,2
544445,182,380.15,2
544447,62,109.12,2
544448,57,99.13,2
544449,75,116.93,2
544450,472,1038.6,0
544452,60,111.38,2
544453,48,114.10000000000001,2
544454,54,99.36,2
544455,278,498.36,0
544456,71,164.0,2
544457,128,249.6,2
544459,242,591.3,0
544460,154,251.52,2
544461,602,687.06,0
544462,201,406.19,2
544463,105,301.17,2
544464,119,141.69,2
544465,141,173.8,2
544466,47,59.949999999999996,2
544467,98,226.68,2
544468,376,743.58,0
544469,48,80.4,2
544470,240,433.42,0
544471,264,504.72,0
544472,110,270.45,2
544473,57,197.31,2
544474,193,177.31,2
544475,12,45.0,2
544476,236,291.98,2
544479,128,553.2,2
544481,91,113.93,2
544482,32,40.08,2
544483,108,131.4,2
544484,342,803.22,0
544485,76,146.8,2
544495,448,805.65,0
544556,72,171.48,2
544565,122,255.00000000000003,2
544568,500,607.06,0
544569,367,664.86,0
544571,912,817.22,0
544572,136,250.64000000000001,2
544573,146,283.40000000000003,2
544574,172,307.94,2
544582,104,190.84,2
544585,75,99.9,2
544586,474,1067.4,0
544591,414,391.72,0
544592,17,78.95,2
544595,2,4.2,2
544596,110,211.0,2
544597,100,235.18,2
544598,249,643.05,0
544599,387,967.6899999999999,0
544600,17,108.15,2
544601,304,497.31,0
544602,150,208.62,2
544603,12,91.8,2
544607,169,253.75,2
544610,132,293.4,2
544611,72,30.240000000000002,2
544633,44,55.480000000000004,2
544634,188,305.3,2
544636,12,35.400000000000006,2
544637,269,367.55,0
544638,152,140.42000000000002,2
544642,46,80.0,2
544643,186,395.1,2
544644,182,303.7,2
544645,376,991.2,0
544646,94,266.34000000000003,2
544647,198,184.98000000000002,2
544648,33,134.4,2
544650,6,12.65,2
544651,52,203.07999999999998,2
544654,7,14.29,2
544656,296,384.03,0
544657,872,1712.28,1
544658,72,187.92000000000002,2
544659,52,169.7,2
544660,297,564.53,0
544661,238,459.72,0
544662,19,48.09,2
544663,156,358.6,2
544664,434,609.05,0
544666,58,151.53,2
544667,124,282.84000000000003,2
544668,104,220.28000000000003,2
544670,56,98.83,2
544672,192,296.48,2
544673,398,730.69,0
544675,97,116.09,2
544676,115,132.53,2
544677,236,387.03,2
544678,245,242.37,2
544680,8,9.6,2
544681,375,995.42,0
544684,415,1107.75,0
544685,593,654.14,0
544686,4,7.8,2
544687,131,185.57,2
544688,104,235.8,2
544690,72,493.20000000000005,2
544691,321,551.51,0
544692,525,460.1,0
544693,20,94.0,2
544694,195,331.17,2
544695,213,296.35,2
544697,72,145.2,2
544700,139,200.88,2
544701,160,277.39,2
544702,90,163.65,2
544717,340,575.4,0
544724,61,142.95000000000002,2
544749,37,151.55,2
544754,365,312.41,0
544766,75,328.42,2
544767,52,206.68,2
544768,59,269.29,2
544769,12,35.400000000000006,2
544770,49,196.32,2
544771,85,376.87,2
544772,60,234.99,2
544773,1,4.65,2
544774,107,220.53000000000003,2
544776,419,1655.96,0
544777,68,232.84,2
544778,142,440.86,2
544779,39,85.05000000000001,2
544788,551,334.66,0
544789,86,260.7,2
544790,549,757.68,0
544791,146,296.74,2
544792,250,851.36,0
544794,24,81.36,2
544795,483,340.67,0
544796,233,385.29,2
544798,73,187.65,2
544799,110,111.82,2
544800,90,221.9,2
544801,191,284.58000000000004,2
544802,170,262.1,2
544803,56,82.87,2
544804,44,95.60000000000001,2
544806,169,317.73,2
544808,53,104.3,2
544810,83,238.75,2
544811,144,242.5,2
544812,471,1346.29,0
544813,43,104.95,2
544815,183,199.41,2
544816,96,77.03999999999999,2
544817,188,205.6,2
544818,48,75.6,2
544819,34,69.59,2
544822,144,238.8,2
544823,276,437.4,0
544824,865,2072.83,1
544825,78,305.7,2
544826,7,18.75,2
544833,310,481.54,0
544835,44,146.0,2
544836,173,293.71000000000004,2
544837,139,140.16,2
544838,80,145.92000000000002,2
544839,319,530.59,0
544846,129,129.63,2
544847,30,71.34,2
544885,92,252.6,2
544886,140,165.16,2
544887,296,414.41,0
544888,112,256.40000000000003,2
544892,15,69.45,2
544893,464,501.12,0
544894,362,553.76,0
544895,121,214.71,2
544898,64,112.2,2
544899,97,190.93,2
544900,123,278.15,2
544903,139,405.03000000000003,2
544904,104,281.4,2
544905,65,89.25,2
544906,204,405.6,2
544907,113,280.15000000000003,2
544908,206,293.7,2
544909,296,398.8,0
544910,51,138.15,2
544911,90,205.62,2
544912,110,99.7,2
544913,85,117.91,2
544914,229,314.36,2
544915,90,179.04,2
544916,89,132.17000000000002,2
544917,52,131.25,2
544918,551,751.24,0
544919,98,147.3,2
544920,201,532.35,0
544921,168,384.0,2
544922,60,120.2,2
544923,16,79.2,2
544924,150,246.32000000000002,2
544925,20,39.0,2
544926,32,105.2,2
544927,1,0.85,2
544928,315,886.02,0
544929,12,59.400000000000006,2
544930,141,189.56,2
544931,438,940.12,0
544932,96,237.60000000000002,2
544933,347,478.62,0
544934,136,299.7,2
544935,340,422.53000000000003,0
544937,212,351.56,2
544938,11,31.45,2
544939,48,55.2,2
544940,328,404.28,0
544941,84,142.94,2
544942,254,344.1,2
544943,344,801.52,0
544944,96,292.40000000000003,2
544945,504,810.48,0
544968,206,466.20000000000005,2
544969,109,299.8,2
544970,328,742.9,0
544996,120,205.68,2
544998,97,214.29,2
545000,85,234.15,2
545001,230,317.38,2
545002,22,68.4,2
545004,476,710.66,0
545011,13,43.650000000000006,2
545012,24,20.4,2
545013,251,385.92,0
545014,208,464.6,2
545015,50,161.10000000000002,2
545016,67,68.4,2
545017,90,174.9,2
545018,186,262.06,2
545019,298,319.66,0
545020,28,74.60000000000001,2
545021,179,371.39,2
545022,225,471.75,0
545023,552,678.15,0
545024,35,143.62,2
545025,72,319.03,2
545026,48,30.479999999999997,2
545027,238,833.59,0
545028,100,186.75,2
545029,20,69.0,2
545031,163,315.37,2
545032,84,289.8,2
545034,3,14.85,2
545035,200,404.76,2
545036,34,106.95,2
545037,66,386.90000000000003,2
545038,38,65.13,2
545039,82,227.2,2
545041,108,279.6,2
545042,90,571.5,2
545043,75,166.95,2
545044,156,302.72,2
545045,208,510.21000000000004,0
545046,73,145.05,2
545047,24,46.8,2
545048,87,180.65,2
545049,61,42.25,2
545050,169,321.02,2
545051,70,92.6,2
545052,114,212.46,2
545053,207,285.33,2
545054,283,348.17,0
545055,4,6.6,2
545056,205,270.65000000000003,2
545057,134,248.14000000000001,2
545058,134,225.54000000000002,2
545059,186,269.18,2
545060,261,326.19,2
545062,92,192.75,2
545063,45,115.82000000000001,2
545064,62,119.05000000000001,2
545065,73,203.75,2
545066,99,200.12,2
545067,49,109.15,2
545069,116,179.4,2
545070,120,199.20000000000002,2
545071,117,195.14000000000001,2
545072,230,438.66,0
545073,264,578.45,0
545074,190,159.9,2
545075,166,294.4,2
545076,147,147.9,2
545077,24,10.08,2
545078,168,491.49,2
545079,56,82.5,2
545080,299,282.01,0
545081,205,566.28,0
545082,228,421.6,2
545083,31,103.65,2
545084,166,297.3,2
545085,421,853.63,0
545086,177,259.83,2
545087,27,56.25,2
545103,2,11.9,2
545105,310,612.86,0
545140,6,15.3,2
545148,172,295.0,2
545149,101,251.9,2
545150,378,664.95,0
545151,36,30.599999999999998,2
545152,72,189.0,2
545153,76,190.45000000000002,2
545154,205,412.75,2
545155,16,82.3,2
545156,224,201.76,2
545157,148,179.88,2
545158,14,28.35,2
545159,17,13.05,2
545161,72,117.60000000000001,2
545162,241,427.0,0
545163,139,216.04999999999998,2
545164,98,173.70000000000002,2
545165,21,94.05,2
545166,84,223.93,2
545170,34,170.04999999999998,2
545180,72,182.72,2
545181,50,124.5,2
545182,172,47.71,2
545183,89,198.35000000000002,2
545184,124,151.72,2
545186,112,210.0,2
545187,24,34.8,2
545188,365,569.62,0
545190,85,194.75,2
545191,103,212.25,2
545213,76,130.7,2
545214,98,138.78,2
545215,427,1153.11,0
545216,309,925.84,0
545217,310,897.15,0
545218,155,463.40999999999997,2
545220,69,201.35,2
545221,256,453.3,0
545222,94,200.10000000000002,2
545224,86,182.7,2
545225,36,55.800000000000004,2
545226,844,1869.6000000000001,1
545227,1136,1780.07,1
545228,16,79.2,2
545229,18,54.300000000000004,2
545230,12,55.36,2
545231,123,167.7,2
545232,545,790.2,0
545233,100,72.12,2
545234,99,166.05,2
545235,243,296.3,2
545237,37,69.65,2
545238,432,378.33,0
545276,23,58.25,2
545279,52,114.0,2
545288,130,448.71999999999997,2
545289,238,436.88,0
545290,79,125.55000000000001,2
545294,297,305.08,0
545295,134,451.3,2
545299,1,4.95,2
545300,115,310.41,2
545301,320,639.86,0
545302,105,273.71,2
545303,169,145.0,2
545304,146,443.40000000000003,2
545305,36,40.2,2
545306,6,13.2,2
545308,36,92.96000000000001,2
545309,49,138.15,2
545310,21,17.67,2
545311,108,155.0,2
545312,128,145.08,2
545313,99,117.92999999999999,2
545314,155,376.72,2
545315,31,134.73,2
545316,16,66.58,2
545317,65,286.36,2
545318,96,242.16000000000003,2
545319,20,39.0,2
545321,142,270.98,2
545322,160,253.82,2
545323,21,70.35000000000001,2
545324,60,170.0,2
545325,34,97.5,2
545326,3,14.85,2
545327,214,397.3,2
545328,59,119.65,2
545331,2,2.5,2
545333,326,1104.36,0
545334,253,240.65,2
545337,118,182.70000000000002,2
545338,153,311.39,2
545339,211,270.85,2
545340,680,910.2,0
545342,109,194.55,2
545343,58,128.3,2
545344,178,278.18,2
545345,32,135.4,2
545346,110,312.38,2
545348,15,58.650000000000006,2
545349,44,80.7,2
545377,61,107.12,2
545398,635,1092.74,0
545399,316,534.39,0
545400,281,501.99,0
545408,233,573.45,0
545410,368,582.48,0
545411,169,327.35,2
545412,59,82.65,2
545415,309,453.79,0
545416,154,213.87,2
545417,210,423.3,2
545419,213,261.39,2
545423,167,223.15,2
545424,4,3.8,2
545425,42,87.67999999999999,2
545426,30,63.30000000000001,2
545428,138,311.6,2
545429,65,125.33,2
545430,74,235.1,2
545435,60,183.0,2
545441,61,99.82000000000001,2
545445,275,586.27,0
545447,534,1023.78,0
545448,6,15.3,2
545459,84,81.54,2
545460,130,240.08,2
545461,214,344.1,2
545462,308,477.38,0
545463,6,17.700000000000003,2
545464,406,1162.22,0
545465,64,114.84,2
545467,9,32.550000000000004,2
545468,312,422.82,0
545469,84,330.90000000000003,2
545470,97,137.1,2
545471,134,220.06,2
545474,199,644.29,0
545475,72,346.8,2
545477,21,51.6,2
545503,78,183.65,2
545505,26,56.300000000000004,2
545512,36,73.68,2
545514,125,171.89,2
545515,304,388.56,0
545517,24,20.4,2
545518,154,236.3,2
545519,236,348.2,2
545521,8,23.6,2
545522,149,303.03000000000003,2
545523,66,159.2,2
545524,27,172.05,2
545526,71,191.65,2
545530,1203,2001.21,1
545533,203,276.3,2
545534,98,222.3,2
545536,112,221.35,2
545543,153,385.45,2
545544,339,254.49,0
545545,86,177.16,2
545550,35,64.25,2
545555,54,112.12,2
545557,48,79.2,2
545558,182,283.82,2
545559,133,247.62,2
545568,437,1179.01,0
545570,52,126.04,2
545571,285,491.31,0
545573,94,124.10000000000001,2
545574,79,113.75,2
545575,76,185.08,2
545576,10,61.5,2
545577,41,76.25,2
545578,63,124.05000000000001,2
545579,289,387.31,0
545580,211,378.21000000000004,2
545581,184,560.88,0
545583,93,222.75,2
545584,1,7.95,2
545585,251,253.8,2
545586,43,44.85,2
545587,218,251.64,2
545588,130,213.04,2
545589,176,299.3,2
545590,227,302.19,2
545591,235,356.9,2
545592,125,369.95,2
545593,14,82.5,2
545595,85,167.91,2
545596,136,265.0,2
545597,8,30.25,2
545601,52,152.0,2
545602,31,58.86,2
545603,14,38.1,2
545630,39,124.05000000000001,2
545634,177,186.96,2
545635,224,240.68,2
545636,232,368.24,2
545637,141,179.47,2
545638,45,133.91,2
545645,2,7.6,2
545646,14,38.0,2
545647,108,131.4,2
545648,60,96.8,2
545649,50,108.66,2
545652,14,30.9,2
545653,163,341.54,2
545654,256,345.68,2
545655,66,96.24,2
545656,12,99.0,2
545657,505,800.19,0
545658,260,296.62,2
545659,36,45.0,2
545660,157,285.27,2
545661,689,777.95,0
545662,92,208.2,2
545663,167,154.51999999999998,2
545664,77,332.83000000000004,2
545665,136,164.4,2
545667,299,884.06,0
545668,17,103.45,2
545669,64,177.60000000000002,2
545670,9,38.55,2
545675,12,15.0,2
545676,52,35.16,2
545680,36,120.2,2
545681,283,595.53,0
545682,109,173.89,2
545683,170,355.23,2
545684,68,211.8,2
545685,70,122.87,2
545686,54,116.4,2
545687,343,493.6,0
545688,200,520.97,0
545690,180,375.93,2
545691,136,223.24,2
545692,87,209.55,2
545693,58,108.30000000000001,2
545695,328,708.52,0
545696,108,193.20000000000002,2
545697,106,111.78,2
545698,18,30.14,2
545699,193,193.82,2
545700,67,95.9,2
545701,397,1301.8,0
545702,44,104.12,2
545703,1,7.95,2
545704,17,61.650000000000006,2
545705,66,146.3,2
545706,50,143.9,2
545707,10,67.5,2
545708,74,116.78,2
545709,190,264.66,2
545710,72,90.6,2
545711,60,105.4,2
545712,43,160.70000000000002,2
545713,538,2264.54,1
545714,68,252.49,2
545715,104,427.49,2
545716,114,483.57,2
545717,66,292.29,2
545718,71,265.85,2
545719,571,981.6500000000001,0
545721,247,539.1,0
545725,36,36.6,2
545748,96,335.76,2
545759,200,306.05,2
545764,129,285.67,2
545797,175,318.41,2
545812,309,579.25,0
545815,160,328.8,2
545819,44,102.0,2
545820,14,40.2,2
545821,242,489.26,0
545826,163,283.14,2
545827,9,24.45,2
545830,118,403.46000000000004,2
545832,1,7.95,2
545835,37,80.65,2
545838,48,92.02,2
545842,225,433.75,0
545845,12,16.05,2
545851,53,65.03,2
545853,96,162.70000000000002,2
545854,335,503.33,0
545855,138,246.3,2
545856,24,89.70000000000002,2
545858,6,24.0,2
545859,276,593.9200000000001,0
545868,51,105.75,2
545869,141,179.45000000000002,2
545870,6,15.3,2
545871,109,134.9,2
545872,282,379.25,0
545873,17,63.45,2
545874,70,79.4,2
545883,43,122.45000000000002,2
545888,10,67.5,2
545890,22,72.9,2
545894,94,202.86,2
545895,437,1196.78,0
545896,34,31.35,2
545897,474,1146.45,0
545898,57,88.05000000000001,2
545899,23,51.25,2
545901,384,783.87,0
545904,41,106.75,2
545905,148,187.88,2
545906,518,853.46,0
545907,226,286.44,2
545908,251,461.25,0
545909,364,525.54,0
545910,328,202.44,0
545912,34,149.9,2
545913,220,431.58,2
545914,421,1076.03,0
545915,164,287.68,2
545916,63,107.13,2
545918,106,121.9,2
545928,131,310.53000000000003,2
545933,300,405.2,0
545937,559,1032.29,0
545945,71,114.11,2
545978,445,662.66,0
545979,116,111.0,2
545980,136,232.42000000000002,2
545987,12,39.84,2
545988,168,283.4,2
545991,130,368.7,2
545992,23,123.35,2
545993,58,150.94,2
545994,189,269.1,2
545995,414,759.44,0
545996,401,639.61,0
545998,450,903.9,0
545999,620,1040.34,0
546000,32,72.0,2
546001,24,40.56,2
546002,1,2.55,2
546003,145,294.22,2
546004,1,2.55,2
546005,379,794.41,0
546006,44,60.2,2
546007,273,739.17,0
546008,314,916.41,0
546009,61,184.61,2
546013,114,171.71,2
546015,290,471.54,0
546017,218,288.36,2
546019,50,39.49,2
546027,239,391.40000000000003,2
546028,306,622.64,0
546029,6,17.700000000000003,2
546030,90,118.5,2
546031,58,180.7,2
546032,43,67.25,2
546033,2,15.9,2
546034,239,261.72,2
546035,76,229.8,2
546036,70,138.1,2
546037,44,145.4,2
546038,100,321.32,2
546062,70,101.25,2
546067,18,128.34,2
546079,79,105.65,2
546082,12,71.4,2
546083,50,38.98,2
546084,281,464.85,0
546087,84,63.48,2
546088,16,69.0,2
546089,253,181.11,2
546090,10,12.5,2
546091,832,1365.1000000000001,0
546092,120,320.0,2
546096,525,707.43,0
546100,201,332.63,2
546101,32,13.44,2
546102,6,17.700000000000003,2
546103,60,88.5,2
546104,12,60.3,2
546105,221,250.08,2
546107,132,218.82,2
546108,296,319.21,0
546110,32,261.6,2
546111,49,82.19,2
546113,154,112.18,2
546115,188,371.84000000000003,2
546116,376,703.98,0
546117,344,605.38,0
546118,158,557.85,2
546119,201,308.98,2
546120,104,79.92,2
546121,106,146.5,2
546122,35,91.54,2
546123,22,47.4,2
546127,78,240.3,2
546132,36,89.4,2
546133,460,705.38,0
546135,90,210.9,2
546136,374,1089.4,0
546153,50,337.5,2
546155,307,394.63,0
546156,70,153.0,2
546157,48,54.660000000000004,2
546158,118,247.5,2
546159,141,223.95000000000002,2
546160,40,121.2,2
546163,57,146.23000000000002,2
546164,65,148.35000000000002,2
546165,114,251.10000000000002,2
546171,42,70.56,2
546172,259,501.32,0
546182,246,336.78000000000003,2
546189,185,249.54,2
546190,80,199.2,2
546212,54,312.3,2
546215,86,116.0,2
546216,160,459.40000000000003,2
546218,57,134.95,2
546220,138,252.8,2
546223,248,360.28000000000003,2
546230,144,384.8,2
546235,46,115.57000000000001,2
546236,419,727.93,0
546237,164,333.08,2
546239,119,164.98999999999998,2
546242,278,325.78000000000003,0
546243,121,234.15,2
546246,242,607.9,0
546247,106,101.34,2
546248,112,214.5,2
546249,47,99.95,2
546250,183,282.93,2
546251,94,154.6,2
546252,639,882.03,0
546253,66,130.26,2
546254,53,116.03,2
546255,131,216.85,2
546261,69,127.89,2
546263,2,8.0,2
546275,198,200.82,2
546279,1,4.25,2
546293,8,33.8,2
546301,66,93.18,2
546304,63,117.11,2
546305,95,200.53,2
546306,290,820.82,0
546310,44,243.0,2
546311,2,7.9,2
546314,113,128.25,2
546315,159,352.43,2
546316,52,157.2,2
546317,314,283.26,0
546321,192,310.0,2
546324,154,222.34,2
546326,10,67.5,2
546330,78,126.5,2
546331,18,27.6,2
546364,125,180.57,2
546365,606,816.97,0
546366,75,106.11,2
546367,210,824.1,0
546368,100,191.47,2
546369,10,67.5,2
546372,88,349.2,2
546373,236,392.6,2
546376,108,233.72000000000003,2
546377,15,40.050000000000004,2
546378,373,494.37,0
546380,6,13.0,2
546381,9,19.740000000000002,2
546382,68,153.8,2
546383,284,294.21,0
546384,101,268.05,2
546385,64,327.0,2
546386,90,147.70000000000002,2
546387,232,542.2,0
546388,298,1202.52,0
546389,172,620.2,0
546391,21,43.65,2
546392,93,201.57,2
546393,1,1.95,2
546394,423,593.13,0
546396,78,85.51,2
546397,51,153.75,2
546398,46,139.7,2
546399,94,231.3,2
546401,12,21.9,2
546402,36,115.8,2
546403,232,542.2,0
546405,28,198.6,2
546406,244,561.93,0
546412,12,60.34,2
546413,2,3.0999999999999996,2
546414,41,121.65,2
546415,135,450.13,2
546417,354,417.84999999999997,0
546418,58,109.58,2
546419,49,143.46,2
546420,61,119.51,2
546421,201,229.16,2
546422,117,245.41,2
546423,120,180.77,2
546424,53,91.07000000000001,2
546425,187,263.59000000000003,2
546426,252,260.46,2
546427,54,103.89,2
546428,183,307.29,2
546429,247,336.33,2
546430,66,142.0,2
546431,239,323.25,2
546432,26,116.4,2
546433,42,67.5,2
546434,76,172.52,2
546435,213,356.19,2
546436,7,46.55,2
546437,275,347.83,0
546438,140,695.4,0
546440,248,460.32000000000005,0
546441,80,446.8,2
546442,54,207.3,2
546443,72,100.80000000000001,2
546444,7,7.35,2
546465,175,314.49,2
546466,144,318.28000000000003,2
546479,148,394.8,2
546486,170,348.18,2
546498,144,424.21000000000004,2
546502,71,144.97,2
546508,10,21.0,2
546509,203,437.15000000000003,2
546510,96,175.72,2
546520,336,592.4,0
546522,175,373.84000000000003,2
546523,36,52.2,2
546524,43,90.24000000000001,2
546525,188,405.96000000000004,2
546526,44,180.6,2
546527,40,149.4,2
546528,149,425.03,2
546530,44,81.0,2
546531,112,270.52,2
546533,88,140.54,2
546534,324,554.0600000000001,0
546537,81,111.09,2
546538,357,562.45,0
546539,1,2.95,2
546540,80,128.1,2
546541,144,408.1,2
546542,229,276.59,2
546543,108,154.96,2
546544,160,332.4,2
546545,30,76.9,2
546549,128,215.81,2
546550,1,6.35,2
546552,156,248.1,2
546553,73,139.51000000000002,2
546554,186,231.66,2
546555,235,581.25,0
546556,118,275.02000000000004,2
546561,351,514.0,0
546562,125,219.26000000000002,2
546563,174,329.7,2
546569,427,919.2,0
546580,328,870.59,0
546622,91,107.25,2
546624,214,412.1,2
546625,131,141.55,2
546631,24,61.2,2
546634,20,44.04,2
546635,201,217.89000000000001,2
546636,54,112.4,2
546637,10,53.5,2
546638,218,363.34000000000003,2
546639,238,309.34,2
546640,100,238.20000000000002,2
546642,156,263.88,2
546643,228,383.27,2
546644,172,301.9,2
546646,138,138.28,2
546648,284,1045.1299999999999,0
546649,70,285.24,2
546650,50,205.69,2
546651,59,270.11,2
546652,109,372.61,2
546653,69,292.68,2
546654,64,312.03999999999996,2
546655,44,164.82999999999998,2
546656,83,310.02,2
546657,6,5.1,2
546658,330,491.3,0
546659,108,242.40000000000003,2
546660,212,654.8000000000001,0
546662,31,85.05000000000001,2
546663,3,7.12,2
546665,41,163.29,2
546667,90,236.1,2
546668,86,218.10000000000002,2
546669,244,364.6,2
546670,424,568.23,0
546677,20,131.4,2
546678,274,396.14,0
546679,216,268.61,2
546681,168,277.34,2
546682,161,302.95,2
546683,147,248.27,2
546684,230,712.46,0
546685,110,222.5,2
546686,117,300.19,2
546687,196,339.36,2
546688,38,78.9,2
546689,122,398.6,2
546690,18,148.5,2
546724,4,6.7,2
546729,95,193.95,2
546731,355,708.8100000000001,0
546732,23,65.8,2
546737,234,352.41,2
546738,32,113.4,2
546739,232,487.08,0
546741,20,99.0,2
546742,302,466.6,0
546748,144,370.48,2
546749,12,56.6,2
546750,12,15.0,2
546751,117,210.64000000000001,2
546752,24,82.80000000000001,2
546753,202,254.74,2
546755,156,394.2,2
546757,66,143.10000000000002,2
546759,36,156.9,2
546760,221,371.25,2
546761,80,381.2,2
546762,22,28.18,2
546763,37,112.85,2
546764,160,258.48,2
546765,58,73.46,2
546766,24,52.8,2
546767,36,57.0,2
546768,84,409.56,2
546769,509,703.01,0
546770,60,85.39,2
546771,51,110.9,2
546772,24,20.4,2
546774,303,560.74,0
546776,54,118.98,2
546778,249,600.35,0
546779,3,14.850000000000001,2
546780,40,78.0,2
546781,266,362.88,0
546782,72,232.4,2
546784,350,616.1,0
546785,12,51.0,2
546786,160,239.0,2
546787,120,182.56,2
546788,9,37.35,2
546790,88,118.67,2
546791,430,611.61,0
546828,12,71.4,2
546829,31,62.85,2
546830,113,161.95,2
546831,84,290.28,2
546832,5,10.5,2
546837,128,316.62,2
546843,274,320.98,0
546846,94,126.78999999999999,2
546847,20,135.0,2
546848,11,18.15,2
546849,32,75.85,2
546850,792,604.28,0
546851,251,467.15000000000003,0
546852,36,111.96000000000001,2
546855,89,191.37,2
546856,416,372.64,0
546857,160,135.82999999999998,2
546860,46,53.300000000000004,2
546861,278,302.8,2
546862,240,605.88,0
546866,110,206.54000000000002,2
546869,63,120.33000000000001,2
546871,150,300.0,2
546872,4,16.0,2
546873,216,250.44,2
546875,422,827.38,0
546876,2,0.84,2
546877,62,142.4,2
546878,20,80.0,2
546882,167,321.91,2
546883,116,151.6,2
546884,344,843.36,0
546888,268,699.95,0
546890,175,250.81,2
546891,356,747.42,0
546892,262,830.54,0
546896,535,1350.12,0
546898,4,8.8,2
546899,10,7.199999999999999,2
546900,12,25.200000000000003,2
546902,8,33.2,2
546908,82,248.00000000000003,2
546909,146,188.70000000000002,2
546910,69,145.55,2
546911,172,322.76,2
546912,227,363.95,2
546913,154,230.23,2
546914,69,177.15,2
546915,146,307.56,2
546916,15,50.25000000000001,2
546917,249,574.91,0
546918,20,119.0,2
546919,24,70.80000000000001,2
546920,172,295.0,2
546921,12,33.0,2
546922,292,640.74,0
546923,24,166.8,2
546924,68,132.6,2
546925,6,19.5,2
546927,252,693.0,0
546928,194,306.6,2
546929,102,351.3,2
546944,87,223.99,2
546949,22,43.25,2
546950,112,265.15,2
546951,245,330.05,2
546957,9,42.5,2
546963,153,281.6,2
546972,293,1101.95,0
546973,52,231.01,2
546974,52,197.53,2
546976,67,293.38,2
546977,99,385.34,2
546979,77,169.95000000000002,2
546980,113,302.55,2
546981,42,114.30000000000001,2
546982,95,104.23,2
546983,350,642.9,0
546984,147,225.85999999999999,2
546985,38,73.7,2
546986,534,769.4,0
546988,116,265.12,2
546990,256,530.4,0
546991,224,167.43,2
546993,137,278.07,2
546995,94,141.41,2
546996,24,50.400000000000006,2
546998,46,118.14,2
546999,4,6.6,2
547000,209,230.79999999999998,2
547002,212,315.18,2
547003,25,118.75,2
547004,112,272.8,2
547005,541,662.32,0
547006,3,10.15,2
547007,1,1.25,2
547009,1,1.25,2
547017,21,80.5,2
547018,76,83.3,2
547019,71,115.78,2
547020,179,254.96,2
547021,74,177.82,2
547022,16,22.240000000000002,2
547023,84,191.4,2
547025,1,3.75,2
547026,86,251.20000000000002,2
547028,130,376.90000000000003,2
547029,10,54.6,2
547030,163,324.95,2
547033,76,168.7,2
547034,44,293.4,2
547035,171,248.93,2
547036,180,314.28000000000003,2
547038,66,211.5,2
547040,6,17.700000000000003,2
547041,15,69.0,2
547042,399,1128.47,0
547044,200,225.4,2
547046,41,109.43,2
547047,20,135.0,2
547048,72,147.8,2
547049,71,268.95,2
547050,119,148.13,2
547051,62,87.78,2
547052,60,131.95,2
547053,82,114.02,2
547055,73,119.08,2
547056,8,35.6,2
547057,11,57.45,2
547058,439,607.21,0
547059,24,45.4,2
547060,116,135.44,2
547061,214,211.29999999999998,2
547062,158,207.49,2
547063,1556,2010.35,1
547064,150,155.82,2
547065,83,185.85,2
547066,427,541.33,0
547067,90,175.5,2
547068,190,393.0,2
547069,206,227.74,2
547070,129,200.53,2
547071,87,203.85,2
547072,29,65.77,2
547073,163,291.92,2
547074,118,176.34,2
547075,371,986.75,0
547076,163,395.75,2
547077,52,93.4,2
547078,152,275.20000000000005,2
547079,98,169.68,2
547080,54,68.1,2
547081,126,222.9,2
547082,5,27.65,2
547083,132,209.3,2
547084,39,94.65,2
547085,24,106.08000000000001,2
547086,60,289.2,2
547087,194,193.98,2
547088,128,279.4,2
547089,99,160.93,2
547090,96,185.5,2
547092,133,226.21,2
547093,305,277.12,0
547094,379,818.65,0
547095,358,332.6,0
547096,62,173.3,2
547097,98,246.60000000000002,2
547098,198,392.1,2
547099,69,158.95000000000002,2
547100,334,476.78000000000003,0
547101,24,90.0,2
547102,627,959.7,0
547103,107,364.65000000000003,2
547105,24,95.99999999999999,2
547106,257,589.35,0
547107,17,53.5,2
547108,106,227.92000000000002,2
547109,135,283.45,2
547114,124,164.34,2
547122,207,298.11,2
547134,42,117.88,2
547165,24,15.6,2
547171,7,26.55,2
547192,68,95.8,2
547194,83,196.64000000000001,2
547195,383,712.4100000000001,0
547196,5,4.63,2
547197,30,108.42,2
547199,68,101.55,2
547200,55,75.69,2
547201,52,191.51999999999998,2
547202,68,92.75,2
547203,113,228.73000000000002,2
547204,60,90.8,2
547205,78,221.5,2
547206,71,117.45,2
547207,12,15.0,2
547209,1061,1386.41,1
547219,199,153.68,2
547220,52,95.0,2
547221,117,132.29,2
547222,4,11.2,2
547223,476,436.95,0
547224,233,175.8,2
547225,3,7.649999999999999,2
547226,32,100.7,2
547233,86,188.7,2
547238,15,25.97,2
547239,2,8.4,2
547240,82,103.72,2
547243,158,235.67000000000002,2
547244,72,131.26,2
547245,48,95.84,2
547246,144,439.2,2
547247,274,318.89,0
547248,378,1145.56,0
547249,364,1023.75,0
547250,330,959.0,0
547251,330,381.22,0
547252,113,242.83,2
547253,269,598.85,0
547273,135,301.6,2
547324,102,241.3,2
547327,198,469.98,2
547334,60,238.8,2
547340,52,124.4,2
547349,163,244.65,2
547350,504,549.6,0
547357,338,401.42,0
547358,629,838.78,0
547359,225,326.8,2
547360,192,329.6,2
547361,168,365.36,2
547362,160,497.59999999999997,2
547364,16,29.1,2
547365,132,173.16000000000003,2
547366,61,124.75,2
547367,78,191.66,2
547370,90,200.52,2
547371,12,35.400000000000006,2
547372,47,111.6,2
547374,135,261.43,2
547375,317,452.28000000000003,0
547377,237,356.35,2
547378,78,323.70000000000005,2
547379,291,304.49,0
547380,166,214.28,2
547381,173,158.89,2
547382,130,217.17,2
547383,424,737.48,0
547385,283,656.26,0
547386,343,1003.24,0
547387,308,693.24,0
547389,172,292.47,2
547390,63,120.33000000000001,2
547391,24,70.80000000000001,2
547393,15,14.25,2
547396,312,1187.07,0
547397,73,315.45,2
547398,66,277.76,2
547399,75,298.6,2
547400,55,223.85,2
547401,109,168.17,2
547405,76,114.0,2
547406,18,98.1,2
547412,363,273.05,0
547413,328,473.28000000000003,0
547414,83,175.05,2
547416,56,193.0,2
547417,231,292.12,2
547418,159,204.59,2
547419,96,349.8,2
547420,246,326.02,2
547428,119,327.25,2
547444,87,204.3,2
547485,187,326.22,2
547486,48,48.0,2
547488,106,231.9,2
547489,17,99.15,2
547490,136,255.07,2
547491,83,120.05,2
547492,136,160.5,2
547493,96,267.6,2
547494,56,136.4,2
547496,112,191.20000000000002,2
547497,266,643.58,0
547498,109,180.2,2
547500,152,192.28,2
547501,12,59.400000000000006,2
547503,18,60.3,2
547504,481,425.68,0
547507,339,226.49,0
547508,114,166.79999999999998,2
547509,104,310.8,2
547510,486,808.04,0
547511,92,252.24,2
547513,151,200.65,2
547514,189,376.97,2
547515,144,330.52,2
547516,12,35.400000000000006,2
547517,70,96.7,2
547520,127,352.05,2
547521,33,100.95,2
547535,100,163.3,2
547537,170,249.5,2
547538,142,244.9,2
547539,20,119.8,2
547547,225,761.54,0
547548,163,202.22,2
547549,125,223.23000000000002,2
547550,16,30.0,2
547551,62,273.08,2
547552,97,397.9,2
547553,21,36.4,2
547555,270,307.92,2
547556,69,142.7,2
547561,164,358.90000000000003,2
547562,64,280.8,2
547563,198,177.32,2
547564,123,273.81,2
547565,124,204.60000000000002,2
547567,253,442.47,0
547568,285,603.55,0
547569,330,448.29,0
547570,81,103.35,2
547571,181,382.3,2
547572,141,228.51,2
547573,100,157.16,2
547576,44,61.76,2
547577,48,58.800000000000004,2
547578,293,398.19,0
547580,194,472.22,2
547583,96,179.28,2
547623,286,496.66,0
547639,93,154.95,2
547644,126,262.08,2
547645,106,157.9,2
547647,190,232.9,2
547648,18,37.5,2
547649,191,358.97,2
547650,214,436.35,2
547651,110,263.23,2
547652,75,106.12,2
547653,124,287.6,2
547654,24,46.82,2
547655,126,262.08,2
547656,111,183.98,2
547657,114,325.7,2
547658,221,271.78000000000003,2
547659,77,286.25,2
547662,66,150.34,2
547663,249,540.23,0
547664,305,226.75,2
547665,102,346.5,2
547666,400,614.15,0
547667,440,483.3,0
547668,95,131.41,2
547669,124,136.01,2
547670,68,237.99,2
547671,37,28.38,2
547672,300,223.44,2
547674,88,187.2,2
547684,319,586.1899999999999,0
547685,26,74.7,2
547686,210,310.40000000000003,2
547687,222,356.3,2
547688,12,35.400000000000006,2
547689,49,113.7,2
547690,262,335.32,2
547691,228,364.84000000000003,2
547694,30,40.5,2
547695,122,176.38,2
547697,181,389.67,2
547702,113,365.45,2
547703,402,550.5,0
547705,158,187.59,2
547709,56,219.78,2
547712,57,178.47,2
547713,106,157.7,2
547714,52,177.0,2
547715,120,143.24,2
547716,134,344.41,2
547717,12,17.4,2
547718,24,57.6,2
547719,80,132.0,2
547720,63,211.65,2
547721,181,228.11,2
547722,211,272.09000000000003,2
547723,3,15.85,2
547724,28,45.0,2
547729,342,349.18,0
547730,218,326.81,2
547762,46,83.14,2
547772,70,149.32,2
547785,306,689.62,0
547786,104,173.26,2
547787,20,39.0,2
547788,364,1106.06,0
547789,526,677.72,0
547790,338,494.5,0
547792,2,9.9,2
547793,128,286.35,2
547794,220,207.21,2
547795,30,76.0,2
547796,24,37.04,2
547799,128,167.16,2
547800,28,57.51,2
547801,366,488.06,0
547803,139,204.3,2
547804,8,6.8,2
547805,152,370.55,2
547809,114,152.38,2
547810,17,35.17,2
547811,71,123.39999999999999,2
547815,118,225.78,2
547816,9,25.25,2
547817,9,17.549999999999997,2
547818,30,42.199999999999996,2
547819,41,81.44,2
547820,72,104.4,2
547822,393,1002.75,0
547825,66,80.7,2
547826,100,197.94,2
547828,22,54.900000000000006,2
547829,237,368.03,2
547830,262,956.1,0
547832,111,178.5,2
547833,97,136.39,2
547834,24,30.0,2
547835,17,115.15,2
547837,79,200.15,2
547839,168,373.3,2
547840,46,88.7,2
547841,178,370.13,2
547842,132,164.82999999999998,2
547843,20,51.0,2
547844,12,91.8,2
547845,18,38.7,2
547846,66,139.1,2
547850,216,311.57,2
547860,373,542.03,0
547861,78,182.7,2
547862,121,190.5,2
547863,54,65.7,2
547864,101,115.26,2
547866,133,137.89,2
547867,266,491.6,0
547870,75,173.77,2
547871,158,277.43,2
547872,46,150.82,2
547873,71,179.89000000000001,2
547874,109,183.05,2
547875,62,299.9,2
547876,27,136.35000000000002,2
547877,32,45.080000000000005,2
547879,60,83.16000000000001,2
547880,104,233.11,2
547881,65,166.84,2
547882,364,287.34,0
547883,182,282.26,2
547884,421,604.58,0
547885,52,175.8,2
547886,130,315.52000000000004,2
547887,253,395.83,0
547888,264,490.18,0
547890,48,114.7,2
547891,209,227.34,2
547892,834,960.3,0
547893,15,89.25,2
547894,64,157.8,2
547895,39,83.29,2
547896,115,201.96,2
547897,214,329.59000000000003,2
547898,106,357.7,2
547900,72,148.8,2
547902,40,81.9,2
547903,244,394.34,0
547906,124,200.32,2
547907,36,62.699999999999996,2
547909,117,179.73,2
547910,395,455.28000000000003,0
547911,36,137.6,2
547912,56,125.2,2
547914,132,254.0,2
547918,473,952.07,0
547919,96,135.09,2
547920,87,116.41,2
547921,418,609.94,0
547922,49,128.55,2
547923,22,42.6,2
547924,206,320.54,2
547925,419,496.96,0
547926,72,104.4,2
547934,154,213.7,2
547935,42,85.4,2
547936,22,46.1,2
547937,125,186.60999999999999,2
547938,143,302.55,2
547940,130,361.2,2
547942,30,106.5,2
547944,12,19.8,2
547945,139,206.13,2
547946,36,116.4,2
547947,110,208.5,2
547949,48,122.4,2
547960,95,184.57,2
547962,250,319.56,2
547963,158,250.42000000000002,2
547964,275,782.84,0
547965,10,44.7,2
547967,253,772.78,0
547969,135,191.86,2
547970,1,4.95,2
547971,75,119.55,2
547985,196,413.7,2
547986,79,169.05,2
547987,244,369.64,2
547990,90,214.68,2
547991,24,30.0,2
547993,325,376.75,0
548003,134,212.85000000000002,2
548005,269,305.54,2
548006,233,408.15,2
548007,133,300.75,2
548011,24,61.2,2
548012,100,164.56,2
548013,48,65.16000000000001,2
548014,190,422.48,2
548016,36,35.04,2
548017,203,357.25,2
548033,106,336.94,2
548038,136,226.5,2
548148,109,222.3,2
548150,108,104.12,2
548151,121,277.07,2
548152,177,255.83,2
548153,200,218.0,2
548154,161,363.7,2
548156,38,108.2,2
548157,20,33.0,2
548158,85,252.68,2
548159,12,35.400000000000006,2
548160,652,1023.76,0
548162,323,1353.8999999999999,0
548163,117,458.37,2
548164,73,318.59,2
548165,81,295.51,2
548166,80,354.58,2
548167,77,306.61,2
548168,57,257.33,2
548169,228,481.15999999999997,0
548170,100,183.0,2
548171,91,307.45,2
548172,89,172.75,2
548176,206,273.27,2
548177,36,106.56,2
548178,319,484.71000000000004,0
548185,173,371.83000000000004,2
548186,104,211.4,2
548188,172,214.11,2
548189,163,141.41,2
548190,15,28.950000000000003,2
548191,326,886.53,0
548192,101,224.05,2
548194,298,871.3199999999999,0
548196,62,103.6,2
548197,46,96.30000000000001,2
548198,125,261.81,2
548199,185,264.53,2
548202,150,113.39999999999999,2
548203,859,3421.05,1
548208,224,314.1,2
548210,62,109.91,2
548211,16,68.0,2
548212,401,705.77,0
548213,430,438.84,0
548214,204,266.2,2
548215,147,302.95,2
548218,214,301.48,2
548219,5,13.77,2
548234,220,315.0,2
548242,126,216.3,2
548255,109,332.07,2
548256,72,56.4,2
548257,170,438.38,2
548258,244,444.3,0
548259,176,238.13,2
548260,44,125.21000000000001,2
548267,58,180.38,2
548276,272,387.6,0
548289,420,565.76,0
548293,28,113.4,2
548308,194,340.55,2
548309,293,190.68,2
548310,76,186.86,2
548311,92,183.0,2
548312,139,341.8,2
548313,201,352.92,2
548314,77,127.78999999999999,2
548315,40,77.12,2
548317,250,270.26,2
548318,19,36.15,2
548319,24,84.6,2
548320,20,59.0,2
548321,1,7.95,2
548322,5,16.13,2
548323,50,114.3,2
548324,24,81.36,2
548325,206,222.42,2
548326,168,189.84,2
548327,181,294.47,2
548329,190,437.34000000000003,2
548330,65,136.99,2
548331,191,407.25,2
548332,36,94.20000000000002,2
548333,38,132.70000000000002,2
548334,82,249.5,2
548335,85,106.59,2
548336,12,45.0,2
548337,41,81.15,2
548338,123,155.59,2
548340,279,224.79,2
548351,260,439.8,0
548353,234,327.48,2
548354,120,109.19999999999999,2
548358,465,836.79,0
548359,24,10.08,2
548361,207,271.07,2
548363,96,45.6,2
548367,171,218.28,2
548368,40,70.92,2
548370,82,161.38,2
548371,28,101.7,2
548372,24,30.0,2
548373,334,992.46,0
548384,12,19.55,2
548386,5,9.25,2
548388,325,407.77,0
548390,2,7.5,2
548393,1,4.95,2
548400,226,466.95,0
548401,59,141.85,2
548404,389,889.95,0
548405,333,797.33,0
548406,93,123.7,2
548407,276,234.6,2
548408,99,346.65000000000003,2
548409,340,963.36,0
548412,12,17.4,2
548447,1,3.95,2
548448,131,136.21,2
548449,44,118.4,2
548450,347,434.69000000000005,0
548451,371,356.44,0
548452,123,307.53000000000003,2
548455,88,132.0,2
548457,20,57.0,2
548458,48,300.6,2
548459,51,125.65,2
548461,51,102.81,2
548466,26,61.10000000000001,2
548468,29,95.55,2
548470,172,359.52000000000004,2
548484,76,125.32000000000001,2
548486,164,248.8,2
548489,24,10.08,2
548490,177,230.57,2
548491,42,64.31,2
548492,110,182.55,2
548493,56,167.4,2
548496,110,196.63,2
548497,569,1225.8700000000001,0
548498,148,266.68,2
548499,60,133.47,2
548500,146,186.88,2
548501,53,106.81,2
548502,194,794.27,0
548504,142,553.98,2
548505,109,499.28999999999996,2
548506,2,3.9,2
548507,10,31.770000000000003,2
548509,16,41.2,2
548510,206,189.45,2
548511,81,234.44,2
548512,40,136.6,2
548514,142,605.22,2
548515,3,1.95,2
548516,342,990.91,0
548520,239,245.29,2
548521,473,506.91,0
548522,323,999.92,0
548529,213,451.19,2
548530,4,11.8,2
548531,48,160.8,2
548533,444,839.6600000000001,0
548534,134,238.7,2
548541,34,58.49,2
548542,100,198.20000000000002,2
548544,118,171.55,2
548545,122,376.70000000000005,2
548546,90,74.16,2
548547,5,3.95,2
548549,1,4.95,2
548550,104,186.64000000000001,2
548551,156,325.0,2
548552,61,154.75,2
548553,88,138.75,2
548554,112,199.51999999999998,2
548555,102,248.9,2
548556,26,50.7,2
548557,70,114.64,2
548558,209,257.23,2
548559,24,70.80000000000001,2
548560,84,118.2,2
548561,248,485.08000000000004,0
548562,28,93.0,2
548563,46,115.68,2
548565,92,243.88,2
548566,74,103.9,2
548567,83,230.4,2
548568,11,67.76,2
548604,14,42.27,2
548608,62,151.5,2
548610,90,149.85,2
548611,210,386.22,2
548612,390,640.8100000000001,0
548614,105,173.09,2
548616,292,277.0,0
548617,165,260.71000000000004,2
548618,122,191.25,2
548619,12,9.96,2
548621,93,183.08,2
548622,153,249.6,2
548624,4,1.68,2
548631,76,107.45,2
548632,99,324.45,2
548634,34,87.10000000000001,2
548636,215,266.85,2
548640,6,47.7,2
548642,70,65.34,2
548645,18,68.58,2
548648,867,1413.4,0
548650,172,314.6,2
548651,65,444.75,2
548652,36,45.0,2
548653,4,10.4,2
548654,108,222.68,2
548655,125,262.93,2
548656,6,16.7,2
548657,2,8.8,2
548659,423,345.24,0
548660,72,199.2,2
548663,106,437.86,2
548664,638,994.72,0
548665,60,91.08000000000001,2
548666,618,1023.78,0
548668,2,11.9,2
548670,116,198.03,2
548673,88,140.96,2
548674,6,18.7,2
548686,325,522.94,0
548692,2,9.9,2
548696,42,81.2,2
548697,44,61.0,2
548698,79,186.35,2
548699,12,24.65,2
548700,7,17.59,2
548701,216,229.51,2
548702,109,174.6,2
548703,95,163.55,2
548704,25,84.75,2
548706,22,63.900000000000006,2
548707,27,92.39,2
548708,469,577.5,0
548709,124,155.28,2
548710,188,282.6,2
548711,110,197.69,2
548712,319,583.4300000000001,0
548714,253,397.1,0
548715,407,583.79,0
548716,160,253.24,2
548718,24,61.2,2
548720,1,1.25,2
548726,108,242.76000000000002,2
548728,749,884.95,0
548730,34,59.5,2
548732,364,403.74,0
548733,160,496.42,2
548734,27,85.65,2
548735,180,422.81,2
548737,245,453.55,0
548739,91,250.89000000000001,2
548740,213,561.59,0
548741,77,144.77,2
548742,136,140.66,2
548743,128,355.6,2
548744,154,263.54,2
548745,295,489.69,0
548747,107,198.85,2
548749,400,433.06,0
548757,142,339.6,2
548768,89,184.49,2
548780,312,433.9,0
548792,121,200.07,2
548796,282,391.6,0
548801,213,265.29,2
548806,122,133.0,2
548807,18,92.1,2
548808,114,270.85,2
548856,12,25.09,2
548858,75,201.55,2
548859,111,211.3,2
548860,215,345.31,2
548861,175,214.25,2
548863,201,605.72,0
548864,43,100.89,2
548865,75,224.65,2
548867,188,223.46,2
548868,176,434.92,2
548869,15,80.55,2
548870,57,119.23,2
548871,76,91.48,2
548872,88,108.0,2
548873,12,10.2,2
548874,340,562.76,0
548892,23,73.25,2
548893,367,1033.24,0
548894,581,1461.31,0
548895,3,5.15,2
548896,116,226.20000000000002,2
548898,59,133.37,2
548900,106,49.230000000000004,2
548901,18,26.46,2
548909,302,475.82,0
548911,55,155.19000000000003,2
548912,83,361.95,2
548916,377,422.34000000000003,0
548917,67,180.45,2
548918,186,165.6,2
548919,315,584.28,0
548920,389,402.25,0
548942,48,60.0,2
548945,5,14.15,2
548952,194,318.18,2
548955,20,17.0,2
548968,530,1165.92,0
548969,24,102.0,2
548971,90,184.84,2
548973,147,302.95,2
548974,137,250.07,2
548975,109,125.13,2
548977,13,13.85,2
548978,332,575.35,0
548983,43,99.94,2
548984,355,542.39,0
548987,455,794.72,0
548988,82,275.7,2
548990,154,295.86,2
548991,26,77.64,2
548992,232,586.28,0
548993,96,340.2,2
548994,27,62.97,2
548996,13,66.65,2
549007,225,201.17000000000002,2
549012,259,246.41,2
549014,220,226.06,2
549015,240,297.94,2
549016,12,35.400000000000006,2
549017,241,309.93,2
549018,152,336.32,2
549021,89,135.44,2
549022,12,83.4,2
549023,293,670.88,0
549026,21,70.95000000000002,2
549040,6,2.34,2
549044,162,294.5,2
549046,72,303.4,2
549047,52,103.91,2
549048,42,113.1,2
549052,183,345.89,2
549053,220,264.88,2
549054,65,215.75,2
549055,180,203.4,2
549056,37,60.550000000000004,2
549059,93,147.91,2
549099,112,215.57,2
549100,282,1186.74,0
549101,35,64.17,2
549102,96,91.68,2
549104,27,42.400000000000006,2
549105,24,15.6,2
549107,18,7.0200000000000005,2
549115,460,559.02,0
549116,262,460.52000000000004,0
549117,144,118.2,2
549118,555,892.07,0
549119,138,319.42,2
549120,69,143.95000000000002,2
549121,62,115.42,2
549122,4,14.95,2
549123,308,301.48,0
549124,150,480.9,2
549125,45,81.75,2
549126,216,245.78,2
549127,34,193.5,2
549128,89,222.55,2
549129,240,235.43,2
549130,127,262.90000000000003,2
549131,42,75.9,2
549148,91,117.2,2
549153,496,773.0,0
549154,86,294.6,2
549155,331,876.05,0
549169,25,55.95,2
549181,7,12.59,2
549182,139,137.49,2
549183,53,144.95000000000002,2
549185,320,564.94,0
549188,165,295.37,2
549189,96,209.4,2
549190,40,72.0,2
549192,133,200.35000000000002,2
549193,236,379.7,2
549196,171,301.41,2
549206,32,104.4,2
549222,204,325.0,2
549225,48,204.0,2
549233,109,197.19,2
549234,103,279.58,2
549235,255,437.77,0
549236,20,39.4,2
549237,75,77.61,2
549238,157,347.97,2
549239,138,214.86,2
549240,82,118.89,2
549241,169,336.38,2
549242,80,128.28,2
549243,18,89.5,2
549245,93,132.10999999999999,2
549246,78,200.5,2
549247,116,200.20000000000002,2
549248,8,3.04,2
549249,246,225.36,2
549250,270,289.12,2
549251,191,189.67,2
549255,51,147.81,2
549256,36,91.8,2
549257,82,148.81,2
549258,210,278.1,2
549259,60,88.2,2
549260,39,107.07,2
549261,278,509.68,0
549262,124,224.83,2
549263,104,202.0,2
549272,9,17.55,2
549273,4,19.8,2
549274,232,258.4,2
549275,61,145.79000000000002,2
549276,122,241.6,2
549277,44,97.7,2
549278,99,128.14000000000001,2
549279,66,154.65,2
549280,16,47.2,2
549281,328,551.4,0
549282,36,167.0,2
549283,129,261.95,2
549284,4,15.0,2
549285,97,102.12,2
549286,44,49.36,2
549287,15,40.41,2
549289,152,188.13,2
549291,130,171.87,2
549292,14,42.24,2
549293,44,71.15,2
549294,103,144.7,2
549295,356,868.75,0
549296,146,329.14000000000004,2
549297,64,196.8,2
549298,192,314.6,2
549299,183,310.45,2
549300,339,682.63,0
549301,217,401.31,2
549302,214,432.64,2
549303,96,239.00000000000003,2
549304,139,301.53000000000003,2
549305,46,152.3,2
549306,44,59.120000000000005,2
549307,82,162.8,2
549308,74,116.46000000000001,2
549309,234,215.34,2
549310,62,190.82000000000002,2
549311,61,168.05,2
549312,20,63.0,2
549313,104,223.6,2
549314,1,1.95,2
549316,655,1212.35,0
549317,117,327.15000000000003,2
549318,103,222.45,2
549319,39,129.45000000000002,2
549320,61,118.75,2
549321,138,299.38,2
549322,116,230.98000000000002,2
549323,224,240.17999999999998,2
549324,103,162.8,2
549325,257,452.79,0
549353,24,42.9,2
549360,54,153.22,2
549368,82,109.95,2
549372,59,86.2,2
549387,305,462.0,0
549412,52,174.60000000000002,2
549417,12,79.80000000000001,2
549424,290,637.6800000000001,0
549425,244,266.87,2
549429,117,234.35,2
549431,384,766.5,0
549432,18,115.7,2
549433,22,110.1,2
549434,84,278.76,2
549435,194,267.86,2
549436,51,63.730000000000004,2
549439,185,584.5500000000001,0
549440,61,173.25,2
549441,2,9.9,2
549442,102,330.94,2
549443,66,87.9,2
549446,267,236.37,2
549448,180,280.68,2
549449,110,289.38,2
549451,161,258.57,2
549467,74,124.1,2
549471,12,30.6,2
549520,296,305.6,0
549522,341,528.93,0
549523,7,32.65,2
549524,327,838.97,0
549525,259,631.81,0
549526,251,344.78000000000003,2
549534,2,0.84,2
549536,3,7.15,2
549537,32,63.28,2
549538,23,32.32,2
549539,24,30.0,2
549542,60,99.06,2
549543,101,196.25,2
549546,296,548.26,0
549547,81,78.5,2
549548,160,241.21,2
549550,17,47.65,2
549551,135,362.57,2
549552,23,98.22,2
549553,90,147.06,2
549554,220,480.34000000000003,0
549555,88,118.31,2
549556,121,200.17000000000002,2
549557,71,108.42,2
549558,73,167.55,2
549559,185,411.59000000000003,2
549560,52,91.74,2
549561,159,219.59,2
549562,24,51.190000000000005,2
549563,78,79.72,2
549564,47,99.80000000000001,2
549566,46,97.8,2
549567,89,226.59,2
549568,824,1252.76,0
549569,213,245.64,2
549570,58,147.27,2
549571,318,497.37,0
549572,81,183.36,2
549573,114,230.27,2
549574,162,226.65,2
549575,72,133.95,2
549576,219,354.47,2
549577,1730,1851.94,1
549578,382,744.78,0
549579,126,212.86,2
549581,71,151.65,2
549583,400,489.43,0
549584,74,155.8,2
549586,232,879.9,0
549587,214,395.16,2
549588,234,253.72,2
549589,80,211.2,2
549590,24,96.60000000000001,2
549592,101,198.97,2
549595,57,175.95,2
549596,168,309.52000000000004,2
549597,12,45.0,2
549614,218,293.24,2
549628,16,6.24,2
549633,144,273.96000000000004,2
549646,252,376.5,0
549664,8,12.0,2
549665,22,91.30000000000001,2
549667,423,679.49,0
549669,3,2.55,2
549670,88,141.20000000000002,2
549678,52,257.4,2
549679,48,60.0,2
549680,206,259.62,2
549681,226,282.04,2
549682,152,194.05,2
549683,54,112.80000000000001,2
549687,282,299.1,0
549689,7,22.650000000000002,2
549690,209,290.45,2
549691,102,162.70000000000002,2
549693,135,284.35,2
549694,12,36.2,2
549705,17,33.55,2
549711,192,356.76,2
549713,141,282.4,2
549714,39,46.8,2
549715,144,155.76,2
549716,105,314.63,2
549718,109,235.53,2
549719,55,123.85000000000001,2
549720,53,112.99,2
549721,60,145.60000000000002,2
549722,67,96.95,2
549728,85,91.86,2
549729,126,263.41,2
549730,108,164.97,2
549732,394,577.82,0
549733,216,309.51,2
549734,303,483.18,0
549735,144,383.8,2
549736,101,133.06,2
549737,80,158.8,2
549738,172,491.88,2
549740,172,181.2,2
549741,102,253.3,2
549742,294,488.14,0
549743,380,351.61,0
549744,60,136.20000000000002,2
549745,131,356.75,2
549746,156,622.2,0
549748,24,142.8,2
549749,236,387.7,2
549750,13,40.550000000000004,2
549751,251,266.1,2
549752,40,50.0,2
549754,320,263.52,0
549755,128,216.0,2
549756,4,15.0,2
549771,278,366.39,0
549787,113,148.06,2
549789,489,577.19,0
549790,180,199.38,2
549813,33,96.54,2
549825,187,314.57,2
549826,104,345.1,2
549828,12,25.08,2
549829,196,315.5,2
549830,53,58.03,2
549831,478,653.0500000000001,0
549832,178,206.09,2
549833,454,707.34,0
549834,48,180.0,2
549835,58,188.38,2
549836,75,180.85,2
549837,169,574.46,0
549838,48,96.0,2
549839,32,62.0,2
549841,2,3.3,2
549842,58,162.70000000000002,2
549843,200,216.72,2
549844,180,285.27,2
549845,314,422.63,0
549847,255,274.92,2
549850,9,44.55,2
549851,193,111.42,2
549852,38,121.80000000000001,2
549874,191,294.66,2
549880,60,137.16,2
549881,178,255.42000000000002,2
549885,40,172.20000000000002,2
549896,2,6.7,2
549901,173,231.95,2
549902,110,196.7,2
549903,141,220.63,2
549904,77,28.849999999999998,2
549906,103,162.39,2
549907,44,313.8,2
549909,93,164.16000000000003,2
549910,25,91.5,2
549911,361,289.98,0
549914,92,203.2,2
549915,251,403.75,0
549916,121,176.82999999999998,2
549917,117,114.92,2
549918,148,222.96,2
549920,52,123.2,2
549923,72,193.62,2
549924,4,15.8,2
549927,68,161.4,2
549929,209,266.51,2
549932,70,124.8,2
549933,339,370.20000000000005,0
549934,50,110.10000000000001,2
549936,3,17.85,2
549937,38,122.1,2
549939,304,334.2,0
549940,22,8.58,2
549942,36,136.20000000000002,2
549943,62,100.26,2
549944,196,240.0,2
549946,8,14.64,2
549947,215,375.81,2
549949,147,195.32999999999998,2
549951,152,395.5,2
549953,581,1206.29,0
549954,86,158.17000000000002,2
549956,56,106.24000000000001,2
549957,97,151.55,2
549958,446,590.77,0
549959,80,110.4,2
549964,482,821.1,0
549965,48,112.8,2
549966,326,362.94,0
549967,123,110.85,2
549970,14,45.300000000000004,2
549971,20,33.0,2
549972,30,57.900000000000006,2
549974,26,74.8,2
549975,98,252.96,2
549976,66,106.4,2
549977,86,171.06,2
549978,79,226.69,2
549979,20,31.0,2
549980,156,317.26,2
549981,142,181.26,2
549982,227,450.85,0
549983,74,139.94,2
549984,318,461.5,0
549985,505,795.9300000000001,0
549988,169,351.05,2
549989,79,223.75,2
549990,43,117.45,2
549991,88,314.4,2
549992,60,83.0,2
549993,240,321.59999999999997,2
549994,20,41.6,2
549995,270,502.34000000000003,0
549996,12,24.96,2
549997,72,183.60000000000002,2
549998,116,281.20000000000005,2
549999,347,533.05,0
550000,344,507.47,0
550001,125,326.59000000000003,2
550003,16,38.0,2
550004,98,207.18,2
550006,91,175.99,2
550008,83,208.29,2
550011,3,9.35,2
550012,19,38.39,2
550015,515,825.47,0
550016,422,662.99,0
550017,250,414.1,0
550025,8,23.6,2
550030,26,42.9,2
550032,58,47.739999999999995,2
550033,116,193.96,2
550034,449,632.33,0
550035,299,687.19,0
550052,198,422.55,2
550054,30,53.8,2
550057,96,129.09,2
550071,270,391.26,0
550106,84,209.97,2
550120,96,224.8,2
550121,68,147.6,2
550123,319,312.53,0
550124,106,243.10000000000002,2
550125,213,419.13,2
550126,34,79.5,2
550128,8,18.4,2
550129,171,327.19,2
550130,130,362.3,2
550131,112,91.04,2
550132,89,189.71,2
550134,217,306.75,2
550136,104,262.0,2
550137,430,1159.22,0
550138,120,160.67000000000002,2
550144,135,256.56,2
550145,247,579.05,0
550148,100,205.8,2
550149,209,287.84,2
550150,12,59.400000000000006,2
550152,114,126.28,2
550154,35,103.25,2
550155,104,183.3,2
550157,66,128.25,2
550158,133,217.55,2
550159,86,352.5,2
550160,36,25.08,2
550161,100,275.04,2
550162,78,132.54,2
550163,326,407.88,0
550164,50,95.5,2
550167,274,302.65999999999997,2
550169,111,238.1,2
550173,80,152.6,2
550178,224,388.92,2
550179,116,195.68,2
550180,57,232.97,2
550182,40,51.2,2
550183,755,1120.94,0
550184,67,108.45,2
550185,68,233.4,2
550186,96,376.8,2
550187,27,222.75,2
550188,181,390.75,2
550189,53,135.62,2
550190,43,139.05,2
550191,102,180.5,2
550192,60,148.76,2
550193,710,1522.8410000000001,0
550194,71,120.05000000000001,2
550196,209,374.68,2
550197,8,39.6,2
550198,12,30.6,2
550199,206,366.9,2
550200,16,64.2,2
550201,340,968.4,0
550202,104,200.2,2
550203,41,170.14,2
550204,35,151.69,2
550205,64,271.34,2
550206,84,352.69,2
550207,64,251.29,2
550208,94,395.09999999999997,2
550209,105,403.93,2
550210,89,401.53999999999996,2
550211,52,228.41,2
550212,33,154.21,2
550213,40,193.04,2
550214,76,287.71,2
550215,114,488.43,2
550216,56,146.0,2
550218,94,177.24,2
550242,100,65.28,2
550249,4,5.4,2
550250,84,193.24,2
550251,220,274.32,2
550255,66,190.98000000000002,2
550264,108,339.2,2
550265,30,61.50000000000001,2
550272,37,59.35,2
550274,160,338.1,2
550275,110,238.42000000000002,2
550276,68,277.56,2
550277,196,341.2,2
550278,301,1341.3,0
550279,313,636.55,0
550280,279,434.47,0
550282,80,141.68,2
550283,188,394.68,2
550284,72,87.36,2
550285,147,302.25,2
550286,92,160.2,2
550287,72,128.84,2
550288,112,148.60999999999999,2
550289,189,251.82999999999998,2
550290,122,272.1,2
550291,44,146.0,2
550292,10,48.9,2
550296,55,88.45,2
550297,217,321.83,2
550298,154,210.92000000000002,2
550299,120,526.2,2
550301,124,245.20000000000002,2
550302,110,337.3,2
550303,232,232.48000000000002,2
550304,189,305.08,2
550305,271,340.5,0
550307,64,149.44,2
550309,12,83.4,2
550310,386,467.98,0
550311,50,102.44,2
550312,271,204.78,2
550313,279,435.65000000000003,0
550314,72,158.64,2
550315,290,314.84000000000003,0
550316,169,280.63,2
550317,192,326.5,2
550318,81,129.77,2
550319,55,133.61,2
550320,334,490.32,0
550321,63,121.63,2
550322,45,118.87,2
550323,465,336.9,0
550324,184,290.42,2
550325,120,228.9,2
550326,165,123.6,2
550327,335,539.8100000000001,0
550328,75,115.27,2
550329,173,286.49,2
550330,36,63.36,2
550331,238,281.46,2
550332,126,193.19,2
550333,159,392.45000000000005,2
550334,182,409.04,2
550335,11,73.45,2
550336,50,206.9,2
550337,1,2.1,2
550338,25,84.65,2
550339,89,298.25,2
550340,50,71.42,2
550341,170,294.96,2
550342,213,366.17,2
550343,30,72.6,2
550346,110,288.3,2
550347,206,282.94,2
550348,262,355.38,0
550350,346,671.1700000000001,0
550351,158,164.57999999999998,2
550352,118,166.47,2
550357,42,79.1,2
550359,160,343.78000000000003,2
550360,81,363.98,2
550361,163,349.46,2
550362,24,53.49999999999999,2
550364,30,86.9,2
550389,200,207.24,2
550408,314,481.94,0
550437,91,158.33,2
550438,231,610.19,0
550439,82,324.15000000000003,2
550440,102,147.06,2
550446,185,352.89,2
550447,131,344.63,2
550448,7,20.85,2
550449,9,49.050000000000004,2
550452,6,6.27,2
550453,72,130.8,2
550457,24,74.22,2
550458,645,1731.34,0
550459,124,176.79,2
550462,138,198.0,2
550464,249,389.12,0
550465,31,121.25000000000001,2
550467,120,190.24,2
550468,238,405.16,0
550469,111,164.49,2
550470,519,1265.68,0
550471,494,1113.45,0
550473,103,179.93,2
550474,468,1060.02,0
550476,36,122.03999999999999,2
550477,357,630.45,0
550478,153,269.15000000000003,2
550479,465,675.17,0
550480,171,173.81,2
550481,31,147.75,2
550483,18,42.400000000000006,2
550487,122,200.32000000000002,2
550488,178,185.8,2
550490,72,197.4,2
550491,4,19.8,2
550492,32,128.6,2
550493,115,317.32,2
550495,72,170.98000000000002,2
550496,421,1092.71,0
550498,37,99.45,2
550499,286,843.38,0
550500,474,1336.64,0
550503,115,244.73000000000002,2
550504,55,146.25,2
550512,287,368.45,0
550513,107,199.82999999999998,2
550514,132,209.57999999999998,2
550515,121,153.27,2
550517,268,436.32000000000005,0
550518,162,360.65000000000003,2
550519,292,496.38,0
550520,196,286.16,2
550521,261,362.24,0
550522,392,378.19,0
550523,145,267.91,2
550525,199,374.19,2
550526,150,283.74,2
550527,453,802.33,0
550528,78,156.22,2
550531,12,35.400000000000006,2
550532,75,117.14,2
550535,70,138.6,2
550539,88,134.4,2
550541,332,843.88,0
550542,348,881.53,0
550560,68,116.7,2
550579,224,263.32,2
550606,112,217.60000000000002,2
550607,65,202.37,2
550612,34,146.8,2
550613,168,218.5,2
550615,255,272.92,2
550616,110,244.06,2
550617,188,300.5,2
550618,233,317.62,2
550619,70,150.3,2
550620,128,257.1,2
550621,100,154.46,2
550622,491,777.85,0
550623,42,80.7,2
550624,68,109.04,2
550625,30,47.4,2
550626,249,175.13,2
550627,171,377.82,2
550628,46,65.5,2
550629,44,127.56,2
550630,534,717.3000000000001,0
550631,224,392.40000000000003,2
550632,31,87.36,2
550633,186,300.09000000000003,2
550634,22,27.299999999999997,2
550635,48,85.56,2
550636,407,771.76,0
550637,184,363.49,2
550638,237,668.0,0
550639,369,314.51,0
550640,3,7.15,2
550641,14,17.11,2
550643,80,32.8,2
550644,95,276.85,2
550645,56,157.9,2
550649,6,25.5,2
550651,242,447.2,0
550655,24,113.5,2
550656,216,372.5,2
550657,6,17.700000000000003,2
550658,24,81.36,2
550659,246,296.07,2
550660,10,67.5,2
550661,166,380.7,2
550662,312,544.26,0
550663,20,36.0,2
550665,72,173.5,2
550666,137,248.99,2
550670,66,112.98,2
550673,120,277.0,2
550674,24,142.8,2
550675,124,247.8,2
550701,77,145.35,2
550712,364,797.0,0
550714,272,437.4,0
550723,57,115.43,2
550740,251,1088.27,0
550750,141,351.45000000000005,2
550754,12,71.4,2
550755,58,103.3,2
550756,6,29.7,2
550764,23,81.9,2
550765,46,171.7,2
550766,105,190.85,2
550767,240,180.72,2
550768,174,450.89,2
550769,33,112.35,2
550772,30,74.7,2
550773,207,395.78999999999996,2
550774,358,471.40000000000003,0
550775,513,1024.66,0
550776,66,123.9,2
550777,271,221.94,2
550778,174,294.68,2
550779,184,496.56,2
550781,158,289.46000000000004,2
550782,10,29.5,2
550783,239,410.94,0
550784,208,370.68,2
550785,256,246.72,2
550796,74,108.50999999999999,2
550797,40,23.52,2
550798,78,138.9,2
550799,109,196.25,2
550801,20,75.0,2
550802,114,239.46,2
550803,120,224.5,2
550804,130,292.34000000000003,2
550805,315,429.21000000000004,0
550806,176,251.68,2
550811,78,119.1,2
550817,62,62.23,2
550818,66,141.49,2
550819,247,378.31,2
550820,88,196.88,2
550821,23,73.5,2
550822,124,349.40000000000003,2
550823,153,536.66,2
550824,5,8.25,2
550826,171,209.91000000000003,2
550827,227,538.25,0
550828,35,99.75,2
550829,103,253.95,2
550830,65,163.75,2
550831,60,171.2,2
550832,52,361.40000000000003,2
550833,5,24.75,2
550834,84,127.37,2
550835,331,672.35,0
550836,93,286.85,2
550837,155,199.75,2
550838,60,121.11,2
550885,149,294.75,2
550890,84,238.0,2
550898,5,13.75,2
550899,476,754.44,0
550900,82,197.5,2
550901,110,208.24,2
550906,508,624.68,0
550911,389,763.39,0
550912,105,250.35,2
550913,85,226.35,2
550914,217,588.15,0
550915,68,123.64,2
550916,81,113.85,2
550918,104,212.5,2
550919,10,19.5,2
550920,22,110.10000000000001,2
550921,301,497.07,0
550923,18,32.7,2
550925,61,211.75,2
550931,2,5.0,2
550936,76,125.4,2
550938,160,207.18,2
550939,211,385.69000000000005,2
550941,227,400.64,2
550942,63,127.85000000000001,2
550944,19,34.05,2
550946,145,184.5,2
550949,19,8.97,2
550953,358,956.03,0
550955,142,250.06,2
550956,109,235.36,2
550957,86,115.6,2
550958,84,173.16,2
550960,65,123.85,2
550963,14,23.700000000000003,2
550964,177,194.1,2
550965,14,48.9,2
550967,36,47.4,2
550968,356,676.78,0
550971,116,184.64000000000001,2
550972,45,89.68,2
550973,73,310.20000000000005,2
550974,126,173.46,2
550978,210,226.38000000000002,2
550986,297,811.72,0
550987,317,706.64,0
550988,176,309.0,2
550989,157,251.79,2
550991,24,54.0,2
550992,47,81.47,2
550993,276,409.0,0
550994,284,401.55,0
550995,146,154.6,2
550996,128,216.88,2
550997,350,475.26,0
550998,64,142.8,2
550999,110,205.7,2
551000,66,159.2,2
551001,90,385.50000000000006,2
551002,358,413.46,0
551003,168,235.93,2
551004,98,380.59,2
551005,78,329.07,2
551006,79,311.57,2
551007,63,293.09,2
551008,68,300.75,2
551009,129,572.65,2
551010,68,285.43,2
551011,54,147.9,2
551012,314,1282.0,0
551013,30,127.70000000000002,2
551014,1607,1773.02,1
551016,250,736.0,0
551028,93,239.83,2
551033,145,341.51,2
551035,165,319.44,2
551054,192,339.48,2
551055,168,70.56,2
551056,226,247.42,2
551057,131,239.89,2
551058,42,64.22,2
551059,207,326.73,2
551060,1,2.1,2
551062,72,183.60000000000002,2
551085,246,321.42,2
551088,168,334.8,2
551124,130,291.90000000000003,2
551125,66,328.43,2
551133,20,75.0,2
551134,375,497.93,0
551135,5,7.25,2
551136,220,447.28000000000003,0
551137,61,149.4,2
551141,6,22.5,2
551142,215,355.75,2
551143,22,67.5,2
551145,18,107.1,2
551146,20,59.0,2
551147,98,285.56,2
551148,60,85.56,2
551149,34,65.35,2
551150,26,119.30000000000001,2
551151,24,134.4,2
551152,253,297.81,2
551158,132,318.58,2
551159,72,147.6,2
551160,665,885.07,0
551161,187,277.67,2
551162,36,47.64,2
551163,83,150.59,2
551164,7,20.4,2
551170,142,201.9,2
551171,152,237.15,2
551172,64,111.76,2
551173,166,443.21,2
551174,259,683.93,0
551176,4,8.1,2
551177,6,18.5,2
551181,66,198.9,2
551182,128,107.28,2
551183,78,124.5,2
551185,40,330.0,2
551187,12,35.400000000000006,2
551188,18,37.6,2
551192,366,388.62,0
551193,149,219.20000000000002,2
551194,76,106.34,2
551197,68,166.4,2
551198,8,2.32,2
551199,264,318.84,2
551200,6,13.500000000000002,2
551202,48,122.4,2
551211,16,39.4,2
551218,126,167.92,2
551247,87,175.05,2
551250,136,212.88,2
551258,396,675.4,0
551262,17,78.12,2
551268,105,141.25,2
551269,493,854.07,0
551270,328,402.27,0
551271,80,114.35,2
551272,12,29.880000000000003,2
551273,130,473.1,2
551274,240,336.24,2
551275,317,455.53000000000003,0
551276,85,200.81,2
551277,207,371.0,2
551278,108,283.0,2
551280,12,35.400000000000006,2
551281,91,126.74000000000001,2
551282,113,193.48,2
551283,393,490.91,0
551284,161,235.04000000000002,2
551286,46,162.90000000000003,2
551287,20,15.4,2
551288,4,31.8,2
551289,278,488.96,0
551291,418,530.5,0
551292,46,98.5,2
551293,252,199.68,2
551294,58,124.06,2
551299,4,15.0,2
551301,260,663.9200000000001,0
551305,242,277.12,2
551315,103,200.41000000000003,2
551317,3,23.85,2
551325,8,21.8,2
551332,127,290.97,2
551334,2,5.9,2
551337,86,120.96000000000001,2
551338,3,5.11,2
551339,165,414.06,2
551340,255,747.02,0
551341,27,93.45,2
551342,206,318.3,2
551343,42,149.20000000000002,2
551344,170,347.3,2
551345,34,38.8,2
551346,236,442.68,0
551347,98,91.6,2
551349,224,371.4,2
551350,84,318.6,2
551351,1796,2626.44,1
551352,86,180.9,2
551383,51,100.0,2
551384,78,245.70000000000002,2
551385,133,365.35,2
551387,77,208.95000000000002,2
551389,96,134.4,2
551390,148,239.55,2
551391,152,385.2,2
551392,61,139.05,2
551393,48,69.6,2
551395,86,92.42,2
551396,141,306.15,2
551397,121,209.95000000000002,2
551398,264,352.3,0
551399,83,301.45,2
551400,334,561.96,0
551401,4,6.0,2
551412,111,207.05,2
551413,90,314.22,2
551414,808,1371.3300000000002,0
551415,22,44.7,2
551416,4,23.8,2
551417,333,547.27,0
551418,97,66.31,2
551420,148,314.6,2
551421,19,72.55000000000001,2
551423,52,89.06,2
551425,12,6.6000000000000005,2
551426,375,396.8,0
551427,36,142.52,2
551428,142,285.66,2
551436,63,221.22,2
551437,76,152.8,2
551438,48,40.8,2
551439,37,132.15,2
551440,85,171.98,2
551445,21,61.95,2
551462,130,211.2,2
551467,84,268.88,2
551468,200,712.03,0
551469,5,6.32,2
551470,44,112.96000000000001,2
551471,164,239.52,2
551506,6,2.52,2
551507,228,322.0,2
551514,20,94.45,2
551515,104,320.88,2
551516,444,642.06,0
551517,136,204.24,2
551518,143,414.1,2
551519,138,367.5,2
551520,94,153.86,2
551523,18,53.1,2
551524,231,333.09000000000003,2
551525,161,242.55,2
551527,147,370.31,2
551528,41,56.39,2
551529,309,481.63,0
551530,1,2.1,2
551531,367,584.97,0
551532,124,270.66,2
551533,72,104.51,2
551534,172,254.56,2
551535,19,45.050000000000004,2
551536,2,4.2,2
551537,8,8.94,2
551538,1,0.85,2
551539,224,368.08000000000004,2
551542,152,269.6,2
551543,20,93.9,2
551544,278,438.84000000000003,0
551545,6,24.9,2
551546,87,263.85,2
551547,364,1513.95,0
551548,216,421.12,2
551549,151,248.25,2
551550,8,27.6,2
551555,29,39.75,2
551556,113,150.32,2
551558,143,280.06,2
551559,24,94.8,2
551560,66,130.01999999999998,2
551561,128,306.82,2
551563,38,87.66,2
551564,224,517.65,0
551566,10,19.5,2
551584,196,330.27,2
551599,83,267.09000000000003,2
551603,237,467.70000000000005,0
551616,86,137.1,2
551623,97,188.65,2
551647,36,62.279999999999994,2
551649,24,61.2,2
551650,606,1013.62,0
551651,10,8.5,2
551652,26,12.08,2
551653,78,293.70000000000005,2
551655,78,107.45,2
551656,261,533.2,0
551657,222,410.66,2
551658,307,481.64,0
551660,52,86.76,2
551661,9,46.910000000000004,2
551662,91,229.53,2
551665,228,342.1,2
551686,143,260.14,2
551687,142,139.95,2
551688,179,299.81,2
551693,253,283.71000000000004,2
551696,322,552.94,0
551698,32,94.0,2
551702,113,221.54999999999998,2
551713,193,250.43,2
551714,76,126.18,2
551715,197,286.38,2
551716,1,5.95,2
551717,127,235.16,2
551718,301,843.65,0
551719,233,714.87,0
551720,27,76.65,2
551721,95,288.75,2
551724,125,209.99,2
551725,10,67.5,2
551726,18,45.9,2
551727,340,636.5,0
551728,110,133.6,2
551729,10,20.8,2
551730,66,306.36,2
551731,311,424.42,0
551733,141,261.07,2
551734,360,442.12,0
551739,66,116.39,2
551747,168,416.4,2
551774,47,79.53,2
551775,322,636.88,0
551776,135,173.25,2
551791,71,214.04000000000002,2
551809,88,488.4,2
551810,123,231.27,2
551811,179,397.23,2
551812,179,292.79,2
551813,70,224.78000000000003,2
551814,32,75.9,2
551815,34,77.1,2
551816,113,231.03,2
551817,85,164.07,2
551818,94,148.02,2
551819,38,234.1,2
551820,238,393.6,2
551821,96,223.17000000000002,2
551822,52,118.4,2
551823,45,253.45,2
551824,248,387.8,0
551825,2,5.9,2
551826,20,8.4,2
551832,24,9.36,2
551833,252,410.09,0
551834,66,75.66,2
551835,123,359.99,2
551836,24,38.4,2
551839,16,45.02,2
551840,158,728.3,0
551842,114,192.98,2
551843,161,221.25,2
551844,38,87.14000000000001,2
551845,10,17.14,2
551846,166,325.5,2
551847,1,4.95,2
551848,2,5.1,2
551849,332,950.5600000000001,0
551850,105,216.22,2
551852,66,218.70000000000002,2
551853,1,2.1,2
551854,6,38.9,2
551855,424,569.61,0
551856,72,72.72,2
551857,133,294.25,2
551858,60,78.96,2
551859,105,115.35000000000001,2
551860,29,75.19,2
551862,7,13.45,2
551868,547,683.59,0
551869,248,314.67,2
551870,32,122.30000000000001,2
551872,120,166.8,2
551874,6,17.700000000000003,2
551876,134,293.5,2
551878,30,119.7,2
551880,54,286.82,2
551881,36,55.800000000000004,2
551882,36,96.2,2
551883,104,133.2,2
551884,168,147.12,2
551885,447,378.24,0
551886,48,111.18,2
551887,98,200.0,2
551889,88,87.6,2
551890,58,134.7,2
551891,206,151.14000000000001,2
551893,218,430.3,2
551894,39,64.95,2
551895,28,89.4,2
551896,122,170.96,2
551897,16,61.2,2
551902,24,20.4,2
551907,3,17.85,2
551944,48,72.13,2
551946,28,171.0,2
551950,178,286.32,2
551953,384,548.32,0
551954,83,275.57,2
551956,104,214.92000000000002,2
551957,64,53.540000000000006,2
551958,200,263.24,2
551959,53,95.63,2
551960,195,446.81,2
551961,90,242.5,2
551962,15,123.75,2
551963,162,193.57999999999998,2
551966,222,364.47,2
551967,68,161.56,2
551977,24,183.6,2
551978,40,108.96000000000001,2
551979,12,10.2,2
551980,4,31.8,2
551982,393,765.77,0
551983,329,499.89,0
551984,198,267.62,2
551985,70,122.22000000000001,2
551986,73,216.81,2
551987,150,231.57,2
551988,116,154.8,2
551989,24,20.4,2
551991,25,40.61,2
551992,69,257.91,2
551993,35,71.85,2
551994,274,412.02000000000004,0
551995,436,1103.57,0
551996,192,352.26,2
551997,430,1087.68,0
551998,175,235.20000000000002,2
552000,214,648.66,0
552004,82,107.9,2
552005,343,589.1700000000001,0
552006,2,4.16,2
552007,132,201.26,2
552009,8,20.299999999999997,2
552010,194,262.52,2
552011,27,93.45,2
552013,1003,1659.31,1
552017,11,26.42,2
552018,68,183.8,2
552023,304,322.15,0
552025,233,378.95,2
552028,37,64.06,2
552032,13,67.95,2
552033,92,92.16,2
552034,54,96.3,2
552035,1,0.55,2
552036,81,211.15,2
552037,156,240.6,2
552038,48,285.6,2
552039,2204,3043.92,1
552040,74,294.3,2
552041,55,105.9,2
552042,433,1016.47,0
552044,138,176.3,2
552045,237,318.43,2
552046,187,370.77,2
552051,348,402.27,0
552053,96,186.9,2
552054,228,332.90000000000003,2
552055,192,307.8,2
552057,134,196.97,2
552058,143,360.45,2
552059,150,89.1,2
552061,446,744.66,0
552062,122,95.56,2
552063,4,4.2,2
552064,35,108.35000000000001,2
552065,81,131.04,2
552078,160,300.4,2
552080,72,404.40000000000003,2
552108,150,267.12,2
552121,166,248.86,2
552127,41,59.9,2
552134,184,374.12,2
552135,24,19.92,2
552139,86,162.24,2
552149,386,488.1,0
552166,308,371.96,0
552167,16,30.0,2
552168,142,226.9,2
552169,55,115.15,2
552170,122,216.3,2
552174,24,15.6,2
552176,45,100.71000000000001,2
552179,44,116.49000000000001,2
552180,332,430.46000000000004,0
552181,24,102.0,2
552182,18,93.5,2
552183,79,162.68,2
552184,72,128.96,2
552185,290,444.11,0
552186,246,381.1,2
552188,178,331.18,2
552189,24,10.08,2
552191,18,39.0,2
552192,70,212.66,2
552193,240,243.51999999999998,2
552194,4,6.2,2
552195,20,51.0,2
552196,15,61.69,2
552197,96,136.8,2
552198,60,90.12,2
552202,41,125.85000000000001,2
552211,96,110.4,2
552217,79,143.41,2
552229,450,1194.22,0
552231,214,450.3,2
552232,635,1724.8799999999999,0
552233,19,61.05,2
552234,317,874.89,0
552235,147,269.08000000000004,2
552236,54,168.9,2
552238,21,139.95,2
552239,166,316.52,2
552240,38,150.10000000000002,2
552242,12,26.83,2
552243,15,42.22,2
552244,17,29.89,2
552245,12,48.97,2
552246,9,19.720000000000002,2
552247,14,21.39,2
552248,3,7.15,2
552249,18,35.97,2
552250,2,3.3,2
552251,13,19.19,2
552252,134,196.97,2
552253,42,133.9,2
552254,76,158.26,2
552255,238,161.66,2
552256,79,135.65,2
552257,132,296.72,2
552259,86,180.17000000000002,2
552260,96,212.8,2
552261,168,280.6,2
552262,407,719.15,0
552263,39,86.35,2
552264,172,189.64,2
552265,175,475.73,2
552266,111,231.85,2
552267,16,73.48,2
552268,242,412.92,0
552269,139,285.94,2
552270,47,80.05,2
552271,57,141.85,2
552272,8,31.6,2
552273,114,284.1,2
552274,100,236.10000000000002,2
552276,52,134.4,2
552277,144,233.98,2
552278,96,181.21,2
552279,70,120.4,2
552280,49,39.01,2
552281,395,825.25,0
552282,149,353.33,2
552283,35,92.85,2
552284,50,107.5,2
552285,198,306.63,2
552286,103,202.07,2
552287,63,90.0,2
552288,128,281.64,2
552289,5,5.55,2
552290,367,319.4,0
552291,183,406.1,2
552292,22,38.2,2
552293,110,173.12,2
552294,85,148.35,2
552295,79,197.45000000000002,2
552296,281,355.22,0
552297,16,96.4,2
552298,58,155.76,2
552299,14,71.4,2
552302,59,97.09,2
552303,150,247.77,2
552304,89,125.55,2
552305,65,119.75,2
552306,155,261.29,2
552307,18,80.55,2
552308,100,302.4,2
552309,157,328.45,2
552310,127,149.38,2
552311,131,236.56,2
552312,94,176.34,2
552313,150,575.22,2
552314,64,90.6,2
552315,738,915.38,0
552316,181,314.55,2
552318,155,334.26,2
552319,31,59.050000000000004,2
552320,122,215.9,2
552321,194,368.26,2
552322,106,272.0,2
552323,104,213.9,2
552324,156,325.8,2
552325,162,295.5,2
552326,101,227.59,2
552327,29,96.35000000000001,2
552328,160,325.4,2
552329,114,315.3,2
552330,120,357.3,2
552332,209,335.11,2
552333,216,489.6,0
552336,141,322.65000000000003,2
552337,377,613.11,0
552338,62,128.45,2
552353,307,335.39,0
552357,84,202.12,2
552358,457,702.23,0
552364,376,385.96,0
552365,111,235.56,2
552371,110,101.17999999999999,2
552372,257,225.55,2
552376,18,101.10000000000001,2
552404,134,166.78,2
552410,28,80.24,2
552418,214,325.82,2
552441,20,53.0,2
552442,96,300.48,2
552444,59,138.18,2
552445,125,181.31,2
552446,285,351.83,0
552447,5,37.5,2
552448,29,91.25,2
552449,80,219.0,2
552451,72,301.6,2
552452,71,111.93,2
552453,370,723.9,0
552456,262,335.64,2
552457,217,376.3,2
552460,316,719.8000000000001,0
552461,34,124.30000000000001,2
552463,77,109.13000000000001,2
552464,116,129.8,2
552465,78,173.04,2
552466,305,329.3,0
552467,230,436.26,0
552468,347,360.18,0
552469,546,410.45,0
552472,104,204.4,2
552479,68,75.72,2
552491,66,300.29999999999995,2
552492,24,81.36,2
552493,261,721.51,0
552508,325,787.05,0
552514,287,928.15,0
552520,339,970.59,0
552521,48,71.82000000000001,2
552522,5,18.450000000000003,2
552524,4,7.8,2
552526,89,147.15,2
552528,107,130.3,2
552529,26,38.3,2
552530,248,305.06,2
552531,41,165.39000000000001,2
552532,269,436.49,0
552533,131,305.81,2
552534,3,4.949999999999999,2
552536,120,216.0,2
552537,14,32.55,2
552539,185,334.45,2
552540,100,206.84,2
552541,12,15.0,2
552542,232,319.12,2
552543,156,266.1,2
552544,320,319.81,0
552545,106,188.8,2
552547,448,822.78,0
552548,19,102.05000000000001,2
552550,68,279.0,2
552551,118,160.66,2
552554,149,292.56,2
552555,118,314.26,2
552557,90,404.7,2
552558,203,357.15000000000003,2
552559,131,171.58,2
552560,351,494.33000000000004,0
552561,9,44.55,2
552562,158,323.7,2
552563,561,1110.24,0
552567,24,43.2,2
552571,197,323.05,2
552572,158,503.7,2
552573,22,37.8,2
552574,91,277.57,2
552575,136,146.72,2
552576,20,41.6,2
552577,30,62.400000000000006,2
552614,381,486.04,0
552624,214,523.16,0
552631,422,429.7,0
552638,148,441.36,2
552639,77,105.95,2
552640,125,174.16,2
552641,66,217.9,2
552642,136,306.0,2
552643,51,101.2,2
552644,36,70.2,2
552645,8,13.52,2
552646,33,111.28999999999999,2
552647,2,16.5,2
552649,104,162.8,2
552651,175,213.07999999999998,2
552652,47,108.67,2
552654,60,120.58,2
552655,77,143.58,2
552656,133,400.55,2
552657,92,155.16,2
552658,74,167.25,2
552659,397,1698.44,0
552660,78,359.43,2
552661,52,200.6,2
552662,80,311.1,2
552663,62,261.56,2
552664,106,314.70000000000005,2
552665,51,215.96,2
552666,60,241.49,2
552667,58,192.02,2
552668,77,314.71999999999997,2
552669,133,212.66,2
552670,82,365.19,2
552671,74,281.02,2
552672,62,239.04999999999998,2
552673,44,200.0,2
552674,70,289.87,2
552675,78,319.96,2
552676,86,359.39,2
552677,92,381.19,2
552678,83,343.76,2
552681,90,357.9,2
552683,71,295.28,2
552684,77,305.21,2
552687,134,540.82,2
552690,61,118.19,2
552692,142,292.58,2
552693,36,21.6,2
552694,238,610.3000000000001,0
552695,648,793.1800000000001,0
552696,35,51.290000000000006,2
552697,20,54.6,2
552699,92,201.48000000000002,2
552702,275,692.49,0
552703,122,200.99,2
552708,128,215.65000000000003,2
552710,409,925.38,0
552711,152,361.32,2
552712,68,202.2,2
552713,5,8.85,2
552714,172,286.24,2
552715,146,305.26,2
552716,6,24.9,2
552717,2,8.5,2
552721,156,364.6,2
552723,92,358.2,2
552724,206,488.12,0
552725,40,72.0,2
552726,181,382.13,2
552727,238,478.82,0
552729,24,39.6,2
552730,252,435.0,0
552731,366,479.70000000000005,0
552732,60,99.0,2
552734,212,386.67,2
552735,110,143.04,2
552764,232,208.56,2
552769,87,158.16,2
552770,99,217.81,2
552779,77,194.63,2
552802,109,156.98999999999998,2
552803,100,166.04,2
552804,102,269.42,2
552806,28,85.0,2
552811,153,290.67,2
552813,106,264.52,2
552816,151,184.1,2
552817,272,529.0600000000001,0
552818,14,102.3,2
552819,168,589.2,0
552820,749,702.51,0
552821,91,214.07,2
552822,258,351.09000000000003,2
552823,86,127.66,2
552824,311,498.68,0
552825,310,526.76,0
552826,443,1059.93,0
552827,18,56.7,2
552828,176,263.24,2
552829,99,172.41,2
552830,126,301.5,2
552831,131,285.1,2
552832,2,16.5,2
552834,2,16.5,2
552835,361,285.39,0
552837,72,140.04,2
552838,70,142.1,2
552839,277,757.94,0
552840,20,8.4,2
552842,30,31.65,2
552843,208,254.75,2
552844,202,339.0,2
552845,24,103.19999999999999,2
552847,29,148.45,2
552848,21,61.95000000000001,2
552850,21,61.95000000000001,2
552851,250,574.14,0
552852,210,371.9,2
552853,44,56.19,2
552854,193,282.65,2
552857,334,952.6899999999999,0
552859,58,39.519999999999996,2
552860,33,85.02,2
552861,7,14.56,2
552862,3,5.38,2
552864,397,870.57,0
552865,48,68.02,2
552866,43,52.69,2
552867,190,640.1,0
552868,12,5.04,2
552869,299,325.3,0
552870,62,123.5,2
552871,79,153.07,2
552872,178,617.7,0
552873,14,46.0,2
552874,399,627.14,0
552875,56,100.6,2
552877,234,310.56,2
552878,539,513.0,0
552879,261,303.6,2
552880,330,340.34000000000003,0
552881,76,161.04,2
552882,42,124.62,2
552883,54,370.1,2
552884,80,146.92000000000002,2
552886,236,466.12,0
552887,16,40.8,2
552888,88,318.24,2
552890,21,64.35,2
552891,6,31.5,2
552892,3,6.28,2
552893,186,387.18,2
552894,63,96.19,2
552905,364,585.4,0
552945,40,90.32,2
552946,95,179.03,2
552947,14,97.10000000000001,2
552948,118,311.86,2
552949,209,526.44,0
552950,234,462.88,0
552951,140,321.79,2
552952,121,157.54000000000002,2
552953,83,167.03,2
552954,94,98.30000000000001,2
552955,22,122.9,2
552956,184,475.16,2
552957,56,198.0,2
552958,150,433.3,2
552959,26,39.9,2
552960,26,62.7,2
552961,219,335.51,2
552962,5,30.75,2
552963,219,270.69,2
552964,123,265.41,2
552965,144,292.38,2
552966,33,70.35,2
552967,84,101.4,2
552968,26,148.22,2
552969,92,243.10000000000002,2
552971,66,140.82,2
552972,81,161.19000000000003,2
552973,188,229.07999999999998,2
552974,30,77.24,2
552975,386,528.0600000000001,0
552977,122,221.72,2
552978,278,1152.66,0
552988,18,39.3,2
552990,172,280.4,2
553000,28,62.120000000000005,2
553001,40,70.8,2
553002,131,239.64000000000001,2
553003,12,7.800000000000001,2
553004,108,188.17000000000002,2
553005,180,346.17,2
553006,393,560.35,0
553007,100,262.2,2
553008,75,171.54,2
553009,275,373.2,0
553011,113,248.21,2
553012,105,185.35,2
553013,353,1063.62,0
553014,412,614.21,0
553015,16,38.0,2
553016,2,7.5,2
553017,273,552.33,0
553021,90,249.36,2
553034,194,303.18,2
553035,268,424.13,0
553036,128,147.2,2
553037,172,236.51999999999998,2
553038,30,86.7,2
553039,73,180.15,2
553040,84,231.4,2
553042,96,250.5,2
553044,202,459.98,2
553046,154,314.0,2
553047,12,19.8,2
553048,306,514.98,0
553049,10,16.5,2
553050,157,298.75,2
553051,10,19.5,2
553052,60,253.8,2
553053,62,237.95000000000002,2
553054,94,124.57,2
553055,84,183.60000000000002,2
553057,159,307.85,2
553058,64,149.34,2
553060,402,597.1,0
553061,97,209.75,2
553063,170,311.3,2
553064,23,51.4,2
553067,339,815.61,0
553074,316,338.42,0
553088,425,671.0,0
553093,10,67.5,2
553095,36,59.400000000000006,2
553100,6,6.9,2
553120,367,830.8199999999999,0
553125,212,507.14,0
553129,59,137.05,2
553130,68,129.32,2
553131,72,140.39999999999998,2
553134,264,568.6,0
553140,59,115.54,2
553141,146,223.07,2
553142,19,52.59,2
553143,33,89.25,2
553144,38,82.5,2
553145,90,156.60000000000002,2
553146,155,379.93,2
553148,778,1357.8400000000001,0
553149,233,517.3,0
553151,378,602.22,0
553152,167,350.45,2
553153,12,17.4,2
553156,174,240.73,2
553157,1,8.25,2
553158,239,618.97,0
553159,206,370.56,2
553160,50,85.36,2
553161,259,301.88,2
553162,270,845.54,0
553164,7,10.4,2
553165,31,91.23,2
553166,34,120.10000000000001,2
553167,207,813.85,0
553168,68,211.42000000000002,2
553169,30,103.5,2
553170,24,50.400000000000006,2
553171,12,4.68,2
553172,16,132.0,2
553173,57,161.45000000000002,2
553174,69,118.95,2
553175,123,207.33,2
553176,76,112.80000000000001,2
553177,18,53.1,2
553178,91,120.27,2
553179,76,108.8,2
553180,102,212.4,2
553181,12,19.8,2
553182,596,1922.27,0
553183,137,305.45,2
553184,117,253.36,2
553185,207,342.89,2
553186,60,77.4,2
553187,110,128.8,2
553188,100,209.18,2
553189,183,340.04,2
553190,92,169.89,2
553191,50,185.22,2
553192,104,238.0,2
553193,53,97.05000000000001,2
553194,160,277.81,2
553195,140,133.4,2
553196,5,28.75,2
553197,36,63.440000000000005,2
553198,189,208.64000000000001,2
553199,242,422.44,0
553200,66,137.7,2
553201,13,25.75,2
553202,166,189.35,2
553203,118,349.18,2
553204,34,60.8,2
553205,89,309.51,2
553206,254,1067.48,0
553207,171,283.15,2
553208,166,258.24,2
553209,72,100.80000000000001,2
553210,332,502.2,0
553211,381,419.85,0
553212,72,104.16,2
553213,72,69.84,2
553214,60,120.60000000000001,2
553215,24,103.67999999999999,2
553218,30,134.10000000000002,2
553219,69,169.11,2
553220,285,643.6700000000001,0
553221,131,257.4,2
553223,28,72.4,2
553224,225,208.2,2
553225,56,197.12,2
553226,52,124.7,2
553227,22,90.7,2
553228,331,415.69,0
553229,252,470.99,0
553235,311,345.42,0
553239,12,35.400000000000006,2
553315,118,547.26,2
553316,54,82.08,2
553317,24,148.07999999999998,2
553319,20,33.0,2
553339,72,340.88,2
553340,182,459.7,2
553341,104,246.38000000000002,2
553342,80,108.6,2
553343,77,217.03,2
553344,72,298.8,2
553345,304,465.7,0
553346,145,280.95,2
553347,193,431.07,2
553348,305,542.3100000000001,0
553350,48,50.4,2
553351,174,291.8,2
553352,42,121.30000000000001,2
553353,1,2.95,2
553356,501,716.32,0
553363,146,330.90000000000003,2
553369,99,372.65000000000003,2
553374,263,433.5,0
553375,412,741.0,0
553377,184,369.2,2
553381,94,142.85999999999999,2
553382,96,202.24,2
553383,126,250.56,2
553384,62,157.1,2
553385,321,358.35,0
553386,320,570.24,0
553387,238,734.91,0
553388,114,112.32000000000001,2
553389,239,695.61,0
553390,215,413.73,2
553392,180,559.56,0
553393,218,665.86,0
553402,124,99.84,2
553403,41,159.49,2
553404,224,355.08,2
553405,312,581.6,0
553408,106,339.26,2
553410,90,125.28,2
553411,443,672.79,0
553412,26,61.5,2
553415,163,228.73000000000002,2
553416,12,15.0,2
553417,275,598.84,0
553418,192,357.4,2
553419,47,162.95000000000002,2
553420,55,200.45000000000002,2
553421,84,139.8,2
553423,86,160.22,2
553427,6,17.34,2
553461,453,562.59,0
553462,255,421.81,0
553463,385,761.03,0
553464,52,165.56,2
553472,151,273.77000000000004,2
553476,193,368.63,2
553477,183,319.21,2
553484,50,165.0,2
553485,177,303.23,2
553487,132,193.28,2
553488,71,116.73,2
553489,263,420.86,0
553490,148,145.98000000000002,2
553491,66,127.50000000000001,2
553496,16,88.2,2
553497,8,24.8,2
553498,30,84.1,2
553499,21,143.55,2
553500,12,39.0,2
553501,2,9.9,2
553503,55,102.19,2
553504,153,330.77000000000004,2
553505,310,585.2,0
553506,20,38.6,2
553507,90,170.25,2
553509,175,194.38,2
553515,65,105.64,2
553520,35,64.63,2
553522,186,254.39000000000001,2
553523,287,1080.05,0
553524,68,165.04,2
553525,99,127.28999999999999,2
553526,30,105.5,2
553527,505,1026.8700000000001,0
553535,358,673.02,0
553537,129,271.35,2
553538,117,140.31,2
553540,250,512.74,0
553541,130,569.57,2
553542,91,358.19,2
553543,99,377.48,2
553544,87,330.5,2
553545,63,269.34,2
553546,344,1257.96,0
553547,388,553.58,0
553549,222,719.15,0
553551,20,100.0,2
553552,388,402.36,0
553553,164,366.71000000000004,2
553556,129,217.04,2
553565,267,467.09000000000003,0
553566,97,265.11,2
553570,135,334.41,2
553571,6,30.7,2
553572,251,551.85,0
553573,2,2.9,2
553574,96,106.08000000000001,2
553575,98,297.12,2
553576,152,240.6,2
553577,96,194.4,2
553578,100,177.96,2
553579,12,19.8,2
553585,309,289.91,0
553607,84,508.2,2
553612,40,67.95,2
553614,60,253.8,2
553638,24,30.0,2
553650,64,109.92,2
553653,93,183.14000000000001,2
553654,18,53.1,2
553655,28,79.85,2
553657,81,135.98,2
553658,320,524.72,0
553660,105,148.99,2
553661,219,688.73,0
553662,55,179.57,2
553663,34,71.97,2
553664,20,79.05000000000001,2
553668,64,291.0,2
553670,136,230.48000000000002,2
553671,250,418.12,0
553672,155,353.91,2
553673,169,534.39,2
553675,108,205.84,2
553676,42,119.10000000000001,2
553678,223,380.91,2
553679,258,660.14,0
553680,77,198.87,2
553681,57,152.17000000000002,2
553683,70,64.53999999999999,2
553684,176,474.2,2
553685,408,615.64,0
553686,439,933.15,0
553689,78,97.86000000000001,2
553690,16,108.0,2
553691,53,163.41,2
553701,24,39.6,2
553702,102,167.64,2
553703,294,427.42,0
553706,30,93.84,2
553707,421,956.6700000000001,0
553708,68,112.2,2
553709,126,298.26,2
553710,93,247.3,2
553711,112,365.18,2
553712,46,165.66,2
553714,43,157.25,2
553715,2,12.45,2
553718,395,1039.79,0
553720,70,218.1,2
553721,241,508.25,0
553722,24,33.599999999999994,2
553724,204,406.74,2
553725,144,297.54,2
553726,24,10.08,2
553727,69,156.45000000000002,2
553730,48,71.28,2
553731,411,590.66,0
553732,90,134.82,2
553733,50,92.10000000000001,2
553734,26,147.54,2
553735,20,36.0,2
553737,142,424.9,2
553738,130,305.36,2
553739,341,822.59,0
553740,65,127.75,2
553741,190,343.9,2
553742,30,65.7,2
553747,193,263.51,2
553749,28,88.2,2
553750,209,345.47,2
553751,242,347.96000000000004,2
553752,95,211.55,2
553753,72,157.20000000000002,2
553754,117,153.67000000000002,2
553762,294,394.87,0
553765,75,171.45000000000002,2
553766,114,434.76,2
553767,85,390.07,2
553768,121,508.93,2
553781,75,139.15,2
553828,340,571.04,0
553829,114,188.1,2
553830,86,131.42000000000002,2
553831,187,511.84000000000003,2
553832,388,364.52,0
553833,138,205.36,2
553834,122,266.1,2
553835,24,79.4,2
553836,178,305.66,2
553837,12,24.96,2
553838,322,457.26,0
553839,6,29.700000000000003,2
553842,132,267.44,2
553843,125,304.35,2
553844,110,176.1,2
553845,170,526.4,2
553846,71,237.65,2
553847,4,16.6,2
553848,120,239.76,2
553849,1,3.95,2
553850,48,116.04000000000002,2
553852,310,387.88,0
553853,28,112.95000000000002,2
553855,30,178.5,2
553856,141,191.10999999999999,2
553857,101,184.47000000000003,2
553858,60,117.89,2
553859,202,492.95,0
553860,161,184.95,2
553861,127,215.63,2
553863,238,419.61,0
553864,91,106.53999999999999,2
553869,279,585.9300000000001,0
553870,41,85.75,2
553871,2,7.5,2
553872,162,326.08,2
553873,161,256.06,2
553874,2,16.5,2
553876,179,319.37,2
553878,66,251.10000000000002,2
553879,408,956.02,0
553882,48,136.8,2
553884,46,184.26,2
553885,33,82.65,2
553886,84,217.2,2
553887,74,192.3,2
553888,351,300.79,0
553889,116,292.3,2
553890,353,880.9,0
553891,102,213.3,2
553892,44,140.70000000000002,2
553893,53,206.87,2
553894,280,580.3,0
553895,70,116.5,2
553896,143,309.75,2
553897,110,197.56,2
553899,214,430.26,2
553900,14,29.300000000000004,2
553901,262,665.84,0
553902,76,88.44,2
553907,63,87.43,2
553908,128,248.9,2
553909,41,129.60000000000002,2
553911,77,114.97,2
553912,200,404.07,2
553913,66,235.25,2
553915,250,494.96000000000004,0
553916,57,127.59,2
553917,40,108.6,2
553918,116,171.44,2
553919,230,506.1,0
553920,113,361.55,2
553921,163,334.05,2
553922,84,160.63,2
553923,166,166.7,2
553925,130,237.42000000000002,2
553926,20,17.0,2
553927,20,67.8,2
553930,58,128.4,2
553931,221,276.52,2
553932,52,124.8,2
553933,268,511.26,0
553934,22,38.2,2
553935,518,567.7,0
553936,32,71.4,2
553937,51,154.29,2
553938,36,90.6,2
553940,250,419.8,0
553941,136,302.5,2
553942,286,706.22,0
553946,312,484.04,0
553979,24,106.79999999999998,2
553996,150,258.9,2
553997,24,64.8,2
554000,145,180.56,2
554007,1,8.25,2
554008,64,111.8,2
554009,297,374.9,0
554013,187,521.87,2
554014,68,63.8,2
554015,225,400.0,2
554016,222,480.02000000000004,0
554018,34,79.3,2
554019,222,404.82000000000005,2
554026,24,61.2,2
554027,94,194.4,2
554028,230,688.02,0
554030,446,636.34,0
554031,84,131.88,2
554032,24,130.8,2
554033,278,402.86,0
554035,24,30.0,2
554036,64,182.4,2
554038,90,234.12,2
554039,246,458.02000000000004,0
554040,178,294.94,2
554041,12,15.0,2
554042,126,134.82999999999998,2
554043,6,48.3,2
554050,51,92.17,2
554051,24,118.8,2
554052,4,3.8,2
554053,20,41.6,2
554054,248,686.31,0
554055,2,16.5,2
554056,7,7.48,2
554057,2,4.2,2
554058,106,136.57,2
554059,258,373.92,0
554061,20,17.0,2
554062,178,263.1,2
554064,24,183.6,2
554065,280,440.28000000000003,0
554066,145,443.65000000000003,2
554067,140,227.57999999999998,2
554068,46,86.5,2
554069,209,442.81,2
554070,221,525.72,0
554071,35,53.55,2
554072,227,335.11,2
554073,53,93.15,2
554074,70,84.6,2
554075,183,277.15,2
554076,205,315.26,2
554077,42,145.9,2
554078,24,40.56,2
554079,141,287.19,2
554080,147,214.55,2
554081,99,257.7,2
554082,115,189.35999999999999,2
554083,190,212.93,2
554084,180,258.42,2
554085,94,182.6,2
554086,74,134.5,2
554087,22,9.9,2
554088,201,421.23,2
554089,190,381.24,2
554090,35,82.58,2
554091,54,106.2,2
554092,138,224.53,2
554093,306,478.82,0
554094,110,223.08,2
554096,559,857.29,0
554097,215,453.51,2
554098,1297,1849.6200000000001,1
554099,304,365.45,0
554101,120,223.70000000000002,2
554102,91,236.04000000000002,2
554103,371,361.51,0
554104,575,874.6,0
554105,110,211.81,2
554106,376,590.16,0
554107,46,205.7,2
554108,167,306.01,2
554109,60,144.0,2
554110,30,91.5,2
554111,42,114.60000000000001,2
554112,138,284.22,2
554113,212,372.58,2
554114,51,127.59,2
554115,34,92.7,2
554116,52,147.86,2
554117,284,586.21,0
554118,187,207.03,2
554119,12,19.8,2
554120,30,57.3,2
554121,69,117.15,2
554122,14,83.1,2
554123,73,101.97,2
554124,310,680.32,0
554125,153,330.25,2
554126,109,292.19,2
554129,182,289.06,2
554131,280,461.37,0
554132,376,631.08,0
554134,228,260.56,2
554135,42,73.02000000000001,2
554137,160,323.2,2
554138,12,35.400000000000006,2
554139,382,806.7,0
554141,72,51.36,2
554142,132,437.6,2
554146,42,126.75,2
554147,156,271.42,2
554151,971,1547.59,1
554157,55,85.22,2
554158,329,425.85,0
554159,6,15.3,2
554160,176,291.69,2
554162,80,62.5,2
554163,46,105.16,2
554164,15,67.05,2
554181,151,353.0,2
554202,105,156.76,2
554207,1,1.95,2
554261,82,190.57999999999998,2
554263,12,7.800000000000001,2
554264,34,52.7,2
554265,15,33.03,2
554268,33,63.8,2
554269,40,62.4,2
554270,217,340.46999999999997,2
554271,75,135.33,2
554274,14,49.8,2
554275,401,632.92,0
554278,97,264.83,2
554280,248,458.75,0
554281,111,260.85,2
554283,433,888.32,0
554284,16,12.64,2
554285,98,407.3,2
554286,90,284.76,2
554289,54,114.46000000000001,2
554293,62,274.9,2
554306,73,286.15,2
554307,10,19.5,2
554310,389,1225.27,0
554315,103,192.31,2
554322,36,30.599999999999998,2
554323,242,278.02,2
554324,28,103.80000000000001,2
554325,210,373.7,2
554326,92,217.45000000000002,2
554329,84,311.4,2
554337,89,210.15,2
554347,303,328.7,0
554348,380,747.64,0
554349,196,278.78000000000003,2
554350,23,86.85000000000001,2
554351,78,74.1,2
554353,82,370.3,2
554354,2,16.5,2
554355,122,195.65,2
554356,160,316.54,2
554359,205,276.05,2
554362,38,82.05,2
554363,117,237.35,2
554364,24,90.0,2
554365,282,622.26,0
554367,159,237.15,2
554368,113,219.59,2
554369,12,9.96,2
554370,30,62.1,2
554371,283,529.29,0
554372,139,271.39,2
554375,153,141.12,2
554376,272,476.77,0
554379,22,97.5,2
554380,82,305.46,2
554381,24,66.0,2
554382,437,578.21,0
554392,56,106.6,2
554415,278,537.54,0
554421,86,164.02,2
554424,30,85.02000000000001,2
554436,7,11.649999999999999,2
554441,182,320.48,2
554465,170,300.8,2
554483,194,535.5,0
554484,32,94.88,2
554485,2,7.5,2
554487,68,146.5,2
554489,445,690.04,0
554490,67,169.29,2
554491,60,79.93,2
554492,44,113.53,2
554494,324,607.72,0
554495,1,3.75,2
554496,38,158.1,2
554497,390,513.6,0
554498,265,314.05,2
554502,26,124.68,2
554503,80,277.92,2
554504,83,178.21,2
554505,116,159.56,2
554506,26,15.18,2
554507,228,317.16,2
554508,24,94.80000000000001,2
554509,46,92.48,2
554510,12,58.2,2
554511,327,1045.3799999999999,0
554512,253,706.22,0
554513,202,328.53999999999996,2
554514,476,1395.53,0
554515,20,46.68,2
554520,127,118.51,2
554524,12,17.4,2
554526,103,174.5,2
554542,126,301.82,2
554543,83,157.25,2
554545,207,219.78,2
554546,103,177.3,2
554547,48,79.56,2
554549,90,177.3,2
554555,60,52.32,2
554556,275,557.59,0
554557,225,439.25,0
554560,106,310.5,2
554561,74,187.4,2
554570,35,152.35,2
554579,56,137.2,2
554597,132,171.72,2
554598,139,260.04,2
554603,26,74.57,2
554617,77,98.82,2
554628,289,556.9,0
554629,22,44.540000000000006,2
554630,335,267.04,0
554631,6,9.9,2
554632,72,66.0,2
554635,37,117.75000000000001,2
554636,263,287.45,2
554637,110,206.46,2
554638,102,196.9,2
554640,74,240.3,2
554641,10,82.5,2
554643,116,396.12,2
554644,67,107.93,2
554645,30,52.9,2
554646,38,106.35,2
554648,178,373.96000000000004,2
554650,288,496.68,0
554651,183,410.21000000000004,2
554652,31,57.25,2
554653,5,8.68,2
554654,230,418.86,2
554655,48,214.64000000000001,2
554656,79,159.65,2
554658,284,286.98,2
554663,123,153.52,2
554664,40,76.8,2
554665,206,336.02000000000004,2
554666,138,293.4,2
554667,166,334.02000000000004,2
554668,172,300.6,2
554669,449,480.96,0
554670,20,26.52,2
554671,140,297.7,2
554672,188,387.1,2
554674,24,137.51,2
554682,165,247.85,2
554683,38,38.19,2
554684,74,157.49,2
554694,478,1443.45,0
554695,105,196.22,2
554697,102,200.48,2
554698,127,232.59,2
554699,191,447.83000000000004,2
554700,43,63.43000000000001,2
554701,23,124.85000000000001,2
554702,172,304.66,2
554703,18,48.1,2
554704,106,323.8,2
554705,96,314.88,2
554706,26,57.9,2
554708,126,254.10000000000002,2
554711,39,105.05,2
554712,212,495.88,0
554713,34,48.1,2
554714,108,465.56,2
554718,33,112.27000000000001,2
554756,32,75.0,2
554762,139,239.65,2
554765,124,260.3,2
554770,204,370.6,2
554776,4,5.8,2
554787,48,107.67,2
554788,103,211.85,2
554791,4,5.8,2
554792,24,20.4,2
554794,182,154.51999999999998,2
554795,108,316.8,2
554798,44,157.0,2
554808,149,283.61,2
554809,90,148.28,2
554810,2,11.9,2
554811,2,4.16,2
554812,169,232.43,2
554813,34,52.21,2
554814,338,861.44,0
554816,18,40.64,2
554817,58,214.0,2
554818,48,99.96000000000001,2
554819,5,10.5,2
554820,42,73.5,2
554821,52,67.88,2
554822,74,193.8,2
554823,102,221.48,2
554824,190,302.17,2
554825,162,269.46,2
554826,85,179.55,2
554827,88,527.6,2
554832,232,257.36,2
554835,122,158.3,2
554836,233,451.77,0
554837,73,173.62,2
554838,57,107.85000000000001,2
554839,123,348.79,2
554840,208,263.36,2
554841,1,3.75,2
554842,244,475.66,0
554843,182,156.66,2
554844,28,63.0,2
554850,50,273.7,2
554853,50,95.4,2
554854,199,354.45,2
554855,238,139.0,2
554858,120,222.18,2
554859,48,367.2,2
554860,229,548.39,0
554861,237,552.39,0
554865,50,108.54,2
554866,195,391.51,2
554869,12,51.0,2
554906,359,568.41,0
554915,38,118.1,2
554916,46,82.79,2
554917,351,437.3,0
554918,14,25.64,2
554920,280,433.42,0
554921,24,61.2,2
554922,80,266.6,2
554923,22,89.7,2
554924,4,12.850000000000001,2
554927,68,191.4,2
554929,313,366.87,0
554933,166,196.81,2
554934,14,31.9,2
554935,277,459.7,0
554936,36,30.599999999999998,2
554937,165,335.89,2
554938,391,401.23,0
554939,28,50.04,2
554940,154,356.14000000000004,2
554941,58,127.19,2
554942,105,150.07999999999998,2
554943,10,67.5,2
554945,12,17.4,2
554946,96,200.4,2
554947,1,2.08,2
554948,177,336.03,2
554949,130,327.66,2
554950,446,777.58,0
554952,24,30.0,2
554953,12,17.4,2
554954,87,179.67000000000002,2
554955,56,120.7,2
554956,363,1505.76,0
554957,34,154.53,2
554958,83,355.29,2
554959,43,158.31,2
554960,61,242.25,2
554961,71,318.49,2
554963,72,229.2,2
554964,168,209.49,2
554965,12,17.4,2
554966,48,146.4,2
554967,1,5.95,2
554968,21,94.41,2
554969,39,143.29000000000002,2
554974,163,471.25,2
554975,72,351.6,2
554976,161,266.27,2
554977,30,85.55,2
554978,218,304.38,2
554979,125,161.58,2
554980,13,45.55,2
554981,207,410.09000000000003,2
554982,1,2.1,2
554984,40,218.0,2
554985,253,493.78000000000003,0
554986,202,343.0,2
554987,14,47.4,2
554988,15,9.21,2
554989,42,81.32,2
554990,100,147.0,2
554991,28,99.85000000000001,2
554992,314,306.33,0
554993,178,230.94,2
554994,69,125.61,2
554995,30,107.55000000000001,2
554996,88,158.6,2
554997,178,290.76,2
554998,90,168.9,2
554999,160,297.13,2
555000,111,240.43,2
555001,42,108.9,2
555002,180,350.12,2
555003,64,143.1,2
555004,52,92.6,2
555005,32,148.8,2
555009,228,534.84,0
555011,20,75.0,2
555012,195,310.85,2
555015,417,520.22,0
555016,38,71.5,2
555017,14,49.1,2
555025,101,342.87,2
555028,6,49.5,2
555070,2,9.2,2
555073,69,110.87,2
555076,272,342.92,0
555077,40,111.68,2
555091,90,165.86,2
555092,41,95.7,2
555093,24,6.959999999999999,2
555094,228,399.47,2
555095,527,690.99,0
555096,128,275.96000000000004,2
555101,110,228.8,2
555102,12,39.72,2
555103,50,104.0,2
555106,156,215.32000000000002,2
555107,264,560.6,0
555108,151,528.67,2
555109,167,235.45000000000002,2
555110,154,190.21,2
555111,120,169.32,2
555112,152,210.72,2
555113,36,87.5,2
555114,106,107.84,2
555115,260,955.24,0
555116,173,317.3,2
555119,48,155.0,2
555124,385,523.98,0
555125,165,313.71000000000004,2
555127,216,248.7,2
555133,112,289.64,2
555147,312,605.1600000000001,0
555149,172,493.25,2
555150,460,1222.98,0
555156,6,22.5,2
555157,58,219.5,2
555158,582,1258.68,0
555159,88,80.80000000000001,2
555160,12,25.200000000000003,2
555161,56,69.92,2
555162,381,443.32,0
555164,12,97.8,2
555194,12,35.400000000000006,2
555195,167,289.58,2
555198,60,58.099999999999994,2
555199,54,74.52,2
555200,128,232.5,2
555201,351,376.97,0
555202,66,110.55,2
555203,158,328.12,2
555207,253,421.73,0
555233,36,45.480000000000004,2
555234,98,277.85,2
555240,99,148.66,2
555241,31,151.65,2
555242,52,102.96000000000001,2
555243,78,153.3,2
555245,126,183.34,2
555247,128,325.8,2
555249,166,233.77,2
555250,4,8.34,2
555251,34,81.60000000000001,2
555257,124,181.94,2
555259,4,6.6,2
555260,80,151.92,2
555263,303,331.55,0
555264,60,88.74,2
555266,6,29.700000000000003,2
555275,419,1032.4,0
555276,248,813.12,0
555277,212,607.12,0
555278,357,730.75,0
555279,64,100.72,2
555280,134,221.42000000000002,2
555281,5,35.25,2
555282,482,1036.66,0
555283,42,64.3,2
555284,1300,1728.0,1
555286,36,51.0,2
555287,20,29.0,2
555289,188,345.7,2
555312,150,258.2,2
555320,45,197.94,2
555321,26,94.81,2
555322,42,168.87,2
555323,25,110.71000000000001,2
555324,65,270.5,2
555325,23,109.75,2
555326,45,148.56,2
555327,94,367.23,2
555336,55,84.99,2
555340,508,1010.15,0
555343,87,192.23000000000002,2
555344,54,129.98000000000002,2
555347,188,298.64,2
555348,63,129.23000000000002,2
555349,213,266.03000000000003,2
555350,378,707.96,0
555351,64,184.8,2
555353,117,146.25,2
555356,48,252.0,2
555359,16,33.5,2
555363,48,109.98,2
555367,48,64.8,2
555368,365,1012.45,0
555381,24,32.4,2
555383,413,749.7,0
555385,2,7.5,2
555388,67,175.41,2
555389,9,29.75,2
555392,24,30.0,2
555393,408,706.16,0
555394,52,99.24000000000001,2
555395,36,33.48,2
555396,198,455.25,2
555397,352,935.92,0
555399,68,105.85,2
555400,409,1827.13,0
555401,151,808.03,0
555403,53,81.55,2
555405,136,296.7,2
555406,210,356.52,2
555407,256,300.4,2
555408,132,356.09000000000003,2
555410,178,296.9,2
555412,2,3.3,2
555413,166,193.07999999999998,2
555414,170,266.1,2
555415,42,197.10000000000002,2
555416,224,326.15000000000003,2
555417,22,50.1,2
555418,325,1004.94,0
555420,263,481.71,0
555422,4,25.0,2
555470,106,236.4,2
555471,126,195.31,2
555472,69,126.0,2
555473,213,412.55,2
555474,6,11.190000000000001,2
555476,33,139.3,2
555477,337,883.87,0
555479,30,160.5,2
555485,86,317.5,2
555486,202,356.0,2
555488,102,279.18,2
555491,20,135.0,2
555492,285,305.09999999999997,0
555493,124,197.07999999999998,2
555494,77,187.85000000000002,2
555495,133,278.75,2
555496,85,145.34,2
555497,24,20.4,2
555498,23,107.65,2
555499,141,180.16,2
555500,49,114.68,2
555501,49,138.33,2
555502,9,29.25,2
555504,4,15.0,2
555507,218,300.14,2
555508,164,232.98000000000002,2
555509,58,100.64,2
555510,388,1115.16,0
555511,58,156.48,2
555512,8,20.4,2
555514,96,198.49,2
555515,162,360.78,2
555516,94,240.72,2
555517,114,185.60000000000002,2
555518,206,363.1,2
555519,86,109.26,2
555520,29,88.24000000000001,2
555521,27,44.730000000000004,2
555522,102,243.28000000000003,2
555523,199,429.65000000000003,2
555524,165,353.37,2
555525,136,332.9,2
555526,52,108.3,2
555527,2,11.9,2
555528,8,61.2,2
555530,24,61.2,2
555531,88,190.4,2
555533,85,162.65,2
555535,112,166.3,2
555536,78,171.46,2
555537,93,169.44,2
555538,68,94.16,2
555539,116,188.70000000000002,2
555540,116,217.36,2
555541,48,134.5,2
555542,121,315.15000000000003,2
555543,94,206.54000000000002,2
555544,149,300.76,2
555545,579,856.85,0
555546,118,228.3,2
555547,256,478.84000000000003,0
555548,23,34.85,2
555549,139,262.25,2
555550,132,261.24,2
555551,133,246.07,2
555552,68,121.7,2
555553,288,457.68,0
555554,40,176.4,2
555555,35,110.55000000000001,2
555556,213,420.69,2
555557,8,34.0,2
555558,385,398.09,0
555559,206,300.2,2
555560,129,139.31,2
555561,12,35.400000000000006,2
555562,192,274.86,2
555564,267,268.92,2
555565,316,491.16,0
555566,89,196.73,2
555567,208,357.25,2
555568,282,510.83,0
555569,232,552.24,0
555570,417,621.9,0
555571,40,60.0,2
555572,376,698.03,0
555573,240,316.41,2
555574,122,279.44,2
555575,129,138.75,2
555577,239,535.95,0
555578,30,85.62,2
555579,38,16.39,2
555580,25,10.5,2
555581,58,159.22,2
555582,145,260.57,2
555583,178,304.28,2
555584,20,54.040000000000006,2
555585,24,90.0,2
555586,133,218.99,2
555587,126,251.5,2
555588,29,84.77000000000001,2
555589,312,397.58,0
555590,60,75.0,2
555591,214,430.98,2
555592,132,176.16,2
555593,50,114.30000000000001,2
555594,119,280.29,2
555601,10,57.5,2
555602,138,250.88,2
555603,225,248.19,2
555604,197,428.85,2
555620,20,13.0,2
555626,90,250.9,2
555627,80,86.16,2
555628,146,356.98,2
555630,284,302.72,0
555631,81,153.26,2
555633,69,105.17,2
555634,84,159.06,2
555635,140,272.0,2
555637,115,371.45,2
555638,604,580.57,0
555640,100,196.22000000000003,2
555642,238,396.66,2
555644,197,371.35,2
555645,82,115.71000000000001,2
555646,84,113.4,2
555647,205,419.27,2
555648,84,145.68,2
555649,410,370.74,0
555650,313,611.87,0
555651,48,182.27,2
555653,202,287.19,2
555654,66,181.3,2
555691,155,310.55,2
555695,16,48.400000000000006,2
555701,24,70.7,2
555702,28,46.84,2
555703,155,285.7,2
555704,353,473.70000000000005,0
555705,133,198.81,2
555719,194,385.36,2
555720,47,129.49,2
555722,202,614.54,0
555724,2,15.0,2
555726,166,242.54000000000002,2
555728,187,307.16,2
555731,125,247.85000000000002,2
555732,19,103.25,2
555733,36,45.0,2
555734,126,327.5,2
555735,236,325.6,2
555736,390,433.41,0
555737,151,243.93,2
555738,68,128.9,2
555739,290,562.5500000000001,0
555740,208,339.02,2
555741,84,123.74000000000001,2
555742,195,138.0,2
555743,104,228.16000000000003,2
555744,288,247.44,2
555745,67,142.02,2
555746,41,82.65,2
555759,24,166.8,2
555798,37,118.95,2
555808,74,96.14,2
555810,296,552.02,0
555813,60,87.9,2
555815,560,837.5400000000001,0
555816,16,47.2,2
555817,3,14.85,2
555818,24,59.760000000000005,2
555819,214,430.98,2
555820,148,225.51999999999998,2
555829,142,284.4,2
555832,26,129.9,2
555835,283,517.17,0
555836,243,240.46,2
555839,30,25.5,2
555841,116,113.62,2
555842,19,84.51,2
555843,26,91.26,2
555844,69,151.65,2
555845,464,457.13,0
555846,11,47.85,2
555847,165,161.67,2
555848,176,369.44000000000005,2
555849,62,67.82000000000001,2
555850,219,329.15,2
555851,294,523.05,0
555852,76,172.28,2
555853,184,235.56,2
555854,59,112.56,2
555855,118,357.13,2
555856,129,294.24,2
555857,104,133.62,2
555858,189,179.31,2
555859,141,123.93,2
555861,80,166.4,2
555862,146,243.2,2
555865,153,367.93,2
555866,184,257.24,2
555869,1,5.15,2
555870,6,17.700000000000003,2
555871,8,34.2,2
555872,226,267.18,2
555875,3,7.25,2
555876,222,150.18,2
555878,1,4.95,2
555884,16,40.4,2
555896,486,830.97,0
555916,31,80.03,2
555917,5,8.25,2
555918,60,136.92,2
555921,172,250.42000000000002,2
555923,262,704.85,0
555924,324,960.03,0
555925,188,547.78,0
555926,14,18.24,2
555927,24,10.08,2
555928,12,10.2,2
555929,82,384.7,2
555930,283,341.07,0
555931,368,613.46,0
555932,54,124.66,2
555933,216,286.34000000000003,2
555934,30,202.5,2
555936,216,286.34000000000003,2
555937,376,485.48,0
555938,123,258.45,2
555939,30,57.78,2
555940,98,357.6,2
555941,108,137.4,2
555942,88,284.3,2
555943,158,264.08,2
555944,71,153.29000000000002,2
555945,52,331.9,2
555946,77,184.59,2
555947,574,730.94,0
555948,38,58.02,2
555949,245,347.85,2
555979,133,372.52,2
556009,130,288.62,2
556010,60,28.0,2
556016,72,183.60000000000002,2
556017,366,468.26,0
556018,48,26.4,2
556019,64,221.4,2
556020,80,94.81,2
556021,287,415.28000000000003,0
556022,40,79.2,2
556023,40,122.38,2
556024,55,151.95,2
556032,111,237.37,2
556033,1,7.95,2
556034,24,162.0,2
556035,24,46.8,2
556036,8,52.8,2
556038,143,166.82,2
556039,80,156.8,2
556040,146,320.58000000000004,2
556041,154,268.19,2
556042,362,861.1700000000001,0
556043,73,243.92999999999998,2
556044,51,165.55,2
556045,190,335.79,2
556047,36,35.04,2
556048,146,268.78000000000003,2
556050,128,279.04,2
556051,43,84.79,2
556052,10,14.5,2
556053,16,63.2,2
556054,183,222.07,2
556056,256,420.0,0
556058,244,524.5,0
556059,128,184.96,2
556060,32,115.2,2
556062,36,190.20000000000002,2
556063,79,162.55,2
556064,111,174.63,2
556065,74,146.3,2
556067,145,222.35,2
556070,132,246.60000000000002,2
556071,325,456.24,0
556072,215,791.25,0
556073,221,462.15000000000003,0
556079,116,168.76,2
556080,375,1584.24,0
556081,80,363.38,2
556082,112,419.7,2
556083,52,204.68,2
556084,12,54.6,2
556085,63,247.19,2
556086,32,115.03999999999999,2
556087,42,163.85,2
556088,15,71.92999999999999,2
556089,37,143.22,2
556090,56,115.09,2
556091,45,213.73,2
556092,52,190.68,2
556093,134,549.92,2
556094,42,184.67,2
556095,106,414.87,2
556097,2,15.9,2
556099,1,3.75,2
556100,142,164.94,2
556102,584,815.2,0
556103,161,235.32000000000002,2
556104,282,358.7,0
556105,121,197.70000000000002,2
556106,186,383.39,2
556107,162,299.65,2
556108,400,1101.94,0
556109,65,174.67000000000002,2
556110,16,31.0,2
556111,240,294.28000000000003,2
556112,244,325.78000000000003,2
556113,373,544.52,0
556114,30,84.30000000000001,2
556115,76,99.96000000000001,2
556116,106,117.98,2
556118,36,297.0,2
556119,24,42.96,2
556120,209,175.24,2
556121,68,132.18,2
556125,87,279.95,2
556126,208,264.6,2
556127,597,1207.33,0
556128,94,196.66,2
556129,90,118.19999999999999,2
556130,154,316.02,2
556139,114,227.86,2
556179,166,123.0,2
556181,69,164.77,2
556182,76,93.03,2
556183,160,343.04,2
556184,127,248.21,2
556185,36,30.599999999999998,2
556186,146,213.70000000000002,2
556187,90,216.58,2
556188,148,67.32,2
556189,231,373.75,2
556190,28,72.52000000000001,2
556191,116,184.28,2
556192,64,82.2,2
556193,316,279.14,0
556194,150,260.55,2
556195,235,484.61,0
556196,16,62.04,2
556197,114,202.38,2
556198,127,244.63,2
556199,232,319.29,2
556201,158,351.82,2
556202,28,53.45,2
556203,36,44.88,2
556204,96,256.78000000000003,2
556205,91,171.32999999999998,2
556206,251,491.37,0
556207,108,111.76,2
556208,146,286.48,2
556214,253,209.34,2
556216,99,300.55,2
556218,82,167.96,2
556219,73,176.51,2
556222,367,391.11,0
556228,16,115.2,2
556229,176,278.98,2
556230,50,112.68,2
556234,11,26.36,2
556235,84,69.0,2
556236,16,45.2,2
556237,446,1241.98,0
556238,101,251.10000000000002,2
556239,67,158.85000000000002,2
556240,44,35.879999999999995,2
556241,331,539.47,0
556243,266,718.79,0
556244,83,272.32,2
556245,86,205.73,2
556246,55,110.15,2
556247,134,221.95,2
556248,180,264.64,2
556249,6,24.9,2
556252,247,329.76,2
556253,22,100.8,2
556254,86,90.5,2
556256,198,196.68,2
556257,119,175.13,2
556258,276,285.6,2
556259,370,436.35,0
556263,235,429.8,0
556264,74,217.9,2
556267,76,138.2,2
556271,50,155.10000000000002,2
556279,54,171.99,2
556280,110,270.01,2
556282,164,169.10000000000002,2
556283,193,314.11,2
556284,91,270.15000000000003,2
556285,70,72.0,2
556288,297,273.66,0
556290,168,357.78000000000003,2
556296,302,268.54,0
556298,134,105.84,2
556303,115,313.45,2
556304,296,572.8,0
556318,214,322.38,2
556323,82,233.10000000000002,2
556325,52,114.03999999999999,2
556329,38,85.36000000000001,2
556330,247,248.51000000000002,2
556341,221,480.69,0
556365,155,241.64000000000001,2
556386,36,74.16,2
556408,97,124.14999999999999,2
556413,43,102.04,2
556415,400,1654.56,0
556416,54,128.15,2
556417,4,19.8,2
556419,48,156.4,2
556425,159,178.92,2
556426,109,234.37,2
556427,48,196.07999999999998,2
556428,72,279.76,2
556429,44,183.31,2
556431,2,6.59,2
556432,139,299.67,2
556433,179,632.26,0
556434,219,510.36,0
556435,68,100.2,2
556437,65,110.78999999999999,2
556439,23,123.85,2
556440,220,331.0,2
556441,160,334.17,2
556443,88,555.4,2
556447,96,273.36,2
556455,256,500.2,0
556456,1,3.75,2
556459,329,929.27,0
556460,296,379.2,0
556461,18,45.9,2
556462,89,213.8,2
556463,102,184.14000000000001,2
556464,52,46.92,2
556465,16,54.53,2
556466,24,108.3,2
556467,52,127.15,2
556468,33,111.03,2
556469,122,194.6,2
556470,114,263.62,2
556471,81,168.53,2
556472,121,220.95,2
556473,212,356.84000000000003,2
556474,162,354.75,2
556475,59,198.56,2
556476,146,257.62,2
556477,85,182.78,2
556478,167,166.01,2
556479,79,192.23000000000002,2
556480,65,112.39,2
556481,69,145.27,2
556482,323,599.4399999999999,0
556483,38,93.78,2
556484,590,1174.91,0
556485,48,210.95,2
556486,480,342.24,0
556487,131,151.95,2
556488,37,99.5,2
556489,46,73.8,2
556490,92,268.24,2
556491,179,227.73,2
556492,84,66.6,2
556494,292,488.86,0
556495,177,286.86,2
556497,93,129.69,2
556499,1,4.95,2
556500,30,82.82000000000001,2
556501,250,394.42,0
556502,224,491.71,0
556503,675,1046.02,0
556504,294,369.74,0
556507,518,1152.35,0
556508,44,83.1,2
556509,94,193.92,2
556510,337,594.08,0
556512,120,143.54,2
556513,37,148.17,2
556514,1,3.3,2
556515,33,109.63,2
556516,41,165.54,2
556517,304,592.51,0
556519,3,3.3200000000000003,2
556520,36,89.68,2
556521,38,57.06,2
556523,15,9.75,2
556526,78,178.26000000000002,2
556527,64,112.35,2
556528,198,288.6,2
556529,232,441.26,0
556531,309,604.23,0
556533,158,210.1,2
556534,4,17.0,2
556536,113,163.35,2
556537,272,280.58000000000004,2
556538,276,348.78000000000003,0
556539,22,73.9,2
556540,36,63.0,2
556541,85,209.2,2
556542,207,232.81,2
556571,106,178.94,2
556572,12,77.2,2
556573,150,420.03000000000003,2
556575,92,195.0,2
556576,70,125.98,2
556577,90,151.66,2
556578,696,1046.1,0
556579,507,976.5300000000001,0
556580,73,143.55,2
556596,51,43.0,2
556625,3,8.39,2
556629,282,573.82,0
556630,131,281.05,2
556631,120,58.08,2
556632,15,74.25,2
556636,331,814.6899999999999,0
556641,91,189.47,2
556642,83,133.91,2
556670,24,40.56,2
556671,126,220.73,2
556672,148,265.55,2
556679,12,5.16,2
556680,132,306.46,2
556681,60,107.6,2
556682,195,201.84,2
556683,112,212.04,2
556684,12,83.4,2
556685,375,522.67,0
556714,5,14.75,2
556719,84,53.64,2
556720,84,372.6,2
556721,205,527.14,0
556722,90,236.28,2
556724,89,246.49,2
556727,188,355.2,2
556728,170,342.15000000000003,2
556730,2,5.9,2
556731,52,103.72,2
556732,234,435.17,0
556733,269,321.16,2
556734,196,376.42,2
556740,181,134.92000000000002,2
556746,15,32.55,2
556751,64,352.0,2
556767,76,167.4,2
556768,83,373.05,2
556776,110,185.79,2
556777,381,652.95,0
556778,118,326.03000000000003,2
556779,34,102.6,2
556780,102,224.04,2
556781,583,960.8100000000001,0
556782,38,106.15,2
556783,162,413.1,2
556784,306,746.79,0
556785,24,102.0,2
556786,24,82.80000000000001,2
556788,82,177.70000000000002,2
556789,3,14.85,2
556790,100,234.32,2
556791,136,176.6,2
556792,131,108.77,2
556794,5,26.25,2
556795,118,113.18,2
556797,158,230.58,2
556803,310,1226.3799999999999,0
556804,96,311.2,2
556805,24,34.8,2
556808,57,222.61,2
556809,82,223.48000000000002,2
556810,1,1.69,2
556811,96,70.08,2
556812,621,1778.28,0
556813,245,698.1899999999999,0
556814,29,98.49,2
556815,213,416.81,2
556816,128,176.8,2
556819,74,177.1,2
556820,139,364.15,2
556821,23,119.53,2
556822,106,73.7,2
556823,6,32.26,2
556824,33,133.96,2
556825,62,260.59999999999997,2
556826,157,661.75,0
556827,101,171.63,2
556828,160,176.63,2
556829,213,359.91,2
556830,15,44.95,2
556831,20,160.0,2
556842,10,40.0,2
556845,389,686.22,0
556876,121,173.82,2
556878,42,69.60000000000001,2
556879,42,76.67,2
556881,74,120.86000000000001,2
556882,144,326.38,2
556883,133,290.93,2
556885,6,17.700000000000003,2
556886,206,263.94,2
556887,41,80.28999999999999,2
556889,75,111.37,2
556890,299,626.55,0
556891,88,139.64,2
556892,50,103.04,2
556903,41,108.81,2
556905,156,272.21,2
556906,86,219.98,2
556907,3,15.350000000000001,2
556908,134,177.66,2
556910,527,718.44,0
556912,170,240.07,2
556913,88,142.4,2
556914,176,268.29,2
556915,76,139.44,2
556916,149,189.19,2
556917,211,428.29,2
556921,42,76.38,2
556922,5,14.25,2
556924,124,231.94,2
556926,88,155.37,2
556927,72,270.0,2
556929,24,42.96,2
556932,431,944.59,0
556935,233,317.5,2
556936,34,90.22,2
556937,592,1075.82,0
556942,474,576.5,0
556953,246,754.76,0
556954,320,455.3,0
556958,132,237.2,2
556959,101,238.75,2
556960,248,421.8,0
556961,84,177.0,2
556964,144,331.44,2
556965,72,102.0,2
556967,96,299.03999999999996,2
556970,92,194.8,2
556971,24,39.6,2
556972,48,149.51999999999998,2
556977,96,52.8,2
556998,84,203.39999999999998,2
557005,138,73.14,2
557006,133,210.2,2
557007,397,723.39,0
557008,92,112.88,2
557009,238,229.34,2
557010,38,129.3,2
557011,156,359.08000000000004,2
557012,24,62.4,2
557013,121,386.84000000000003,2
557014,40,47.599999999999994,2
557015,84,201.0,2
557016,56,144.16,2
557017,12,15.0,2
557018,2,5.9,2
557019,90,244.57,2
557020,109,140.47,2
557021,284,395.3,0
557023,53,183.95,2
557024,14,5.88,2
557026,315,395.73,0
557027,72,181.70000000000002,2
557032,90,141.3,2
557033,74,102.3,2
557034,249,350.87,2
557038,12,35.400000000000006,2
557039,144,208.8,2
557040,99,263.09000000000003,2
557041,33,88.55,2
557042,4,15.8,2
557055,117,282.55,2
557056,12,49.8,2
557057,790,1285.68,0
557058,14,69.30000000000001,2
557063,93,134.85,2
557064,153,291.64,2
557065,102,161.46,2
557066,199,301.88,2
557067,412,778.71,0
557068,48,13.440000000000001,2
557069,267,456.27,0
557070,151,359.77,2
557089,48,99.36,2
557100,10,29.5,2
557103,48,56.11000000000001,2
557109,16,60.0,2
557112,493,1340.89,0
557113,36,117.0,2
557114,20,84.6,2
557115,165,308.51,2
557116,32,152.8,2
557117,427,521.48,0
557118,218,340.76,2
557119,108,212.9,2
557120,124,218.94,2
557121,36,195.0,2
557122,143,246.95000000000002,2
557123,194,164.22,2
557124,16,33.92,2
557126,33,64.05,2
557127,18,35.23,2
557128,18,80.5,2
557129,199,415.6,2
557130,148,68.4,2
557131,56,183.4,2
557132,198,305.38,2
557136,298,435.38,0
557140,2,9.9,2
557141,166,311.34000000000003,2
557143,164,553.42,2
557144,66,285.18,2
557145,204,379.48,2
557146,56,86.84,2
557147,320,524.52,0
557149,19,13.05,2
557150,38,75.87,2
557151,18,35.88,2
557152,1,4.95,2
557153,177,352.59,2
557208,213,326.47,2
557210,85,174.3,2
557211,162,748.14,0
557213,113,185.24,2
557214,146,245.65,2
557215,90,68.22,2
557216,24,42.42,2
557217,973,1269.09,0
557218,34,64.26,2
557219,214,161.51999999999998,2
557220,60,58.08,2
557221,119,161.53,2
557222,760,1286.03,0
557223,76,141.96,2
557225,57,162.08,2
557226,155,209.23000000000002,2
557227,4,23.0,2
557228,6,17.700000000000003,2
557229,4,12.4,2
557230,156,94.19999999999999,2
557231,251,912.52,0
557232,218,301.84000000000003,2
557233,269,405.76,0
557235,105,203.55,2
557237,28,35.0,2
557247,272,613.6800000000001,0
557248,92,141.48,2
557250,23,42.79,2
557251,170,84.95,2
557252,2,11.9,2
557253,3,11.629999999999999,2
557254,2,6.6,2
557256,8,13.2,2
557257,150,535.86,2
557258,58,126.9,2
557259,98,191.94,2
557260,202,345.5,2
557261,27,77.25,2
557262,87,164.58,2
557263,76,327.56,2
557264,162,154.54,2
557265,65,219.75,2
557266,21,50.650000000000006,2
557267,131,206.58,2
557268,284,474.39,0
557270,30,94.68,2
557271,229,474.59000000000003,0
557273,50,93.38,2
557274,298,449.38,0
557275,414,318.02,0
557276,130,169.83,2
557277,48,118.6,2
557278,614,1127.52,0
557279,167,226.39,2
557280,149,147.42000000000002,2
557281,77,201.57,2
557283,125,142.06,2
557284,63,133.07,2
557285,14,31.6,2
557286,45,178.52,2
557287,46,104.31,2
557289,87,108.78,2
557290,16,6.95,2
557291,96,226.26000000000002,2
557292,258,271.65999999999997,2
557293,55,224.45,2
557295,62,107.46000000000001,2
557296,83,104.55,2
557297,94,151.88,2
557298,62,136.29999999999998,2
557299,168,492.0,2
557301,65,311.55,2
557302,136,195.64,2
557303,64,101.88,2
557304,21,95.45,2
557305,65,177.1,2
557306,40,234.6,2
557307,87,139.77,2
557308,45,91.51,2
557309,233,274.26,2
557310,36,111.2,2
557311,302,595.23,0
557312,230,354.65000000000003,2
557313,30,88.50000000000001,2
557314,130,195.74,2
557315,36,99.51,2
557316,192,141.19,2
557317,19,74.65,2
557318,79,213.5,2
557319,566,803.1,0
557320,54,321.3,2
557322,645,752.4300000000001,0
557323,2,4.640000000000001,2
557324,295,918.17,0
557325,90,223.5,2
557326,151,319.75,2
557327,20,81.84,2
557328,58,129.17,2
557329,32,17.6,2
557330,358,361.98,0
557331,18,32.28,2
557332,6,22.5,2
557333,8,39.6,2
557349,150,263.54,2
557350,341,527.02,0
557351,4,13.0,2
557389,112,216.46,2
557397,70,116.19,2
557406,83,160.55,2
557407,34,61.1,2
557409,182,408.04,2
557410,61,109.58,2
557414,172,220.98,2
557426,73,140.29,2
557427,384,963.4,0
557431,176,414.63,2
557442,459,433.52,0
557464,24,37.2,2
557466,886,1370.8600000000001,0
557468,388,449.07,0
557469,120,172.79,2
557470,10,67.5,2
557471,176,199.44,2
557472,462,1680.6200000000001,0
557473,207,437.3,2
557474,96,231.4,2
557476,103,342.11,2
557477,9,33.75,2
557480,56,217.24,2
557481,62,217.93,2
557482,32,140.45,2
557484,383,527.06,0
557488,9,18.88,2
557489,208,430.06,2
557492,218,106.64,2
557493,76,224.32,2
557494,104,425.7,2
557495,12,52.07,2
557496,57,207.14,2
557497,11,40.86,2
557498,12,5.04,2
557499,38,129.46,2
557500,325,799.84,0
557501,12,4.68,2
557502,416,1358.96,0
557503,124,267.22,2
557511,5,12.65,2
557513,2,3.9,2
557514,108,173.42,2
557518,124,87.61999999999999,2
557523,24,60.60000000000001,2
557524,15,13.129999999999999,2
557525,348,563.02,0
557526,16,46.8,2
557527,94,330.74,2
557528,298,444.8,0
557529,82,309.46,2
557560,107,250.95000000000002,2
557568,106,75.1,2
557569,230,334.36,2
557570,269,329.84,0
557572,64,304.8,2
557577,75,83.7,2
557583,24,13.2,2
557595,149,369.51,2
557598,91,143.22,2
557601,16,30.0,2
557602,108,278.92,2
557603,102,237.66,2
557604,219,420.3,2
557605,48,122.4,2
557610,1,4.15,2
557611,230,279.36,2
557612,72,90.0,2
557614,6,29.7,2
557615,306,606.1,0
557616,107,208.81,2
557617,22,111.3,2
557618,20,88.3,2
557619,98,133.5,2
557620,77,113.63000000000001,2
557621,540,1334.6000000000001,0
557622,41,73.78,2
557623,36,47.0,2
557625,288,466.84000000000003,0
557626,461,619.96,0
557627,110,224.9,2
557628,78,248.94,2
557630,290,591.73,0
557631,106,288.65999999999997,2
557632,112,215.76,2
557633,47,139.67000000000002,2
557634,23,49.79,2
557635,83,147.65,2
557636,154,282.22,2
557639,78,173.38,2
557640,215,821.97,0
557641,38,122.2,2
557642,60,238.97,2
557643,49,185.39,2
557644,318,834.9,0
557645,179,476.67,2
557662,4,7.7,2
557667,91,309.81,2
557668,24,30.0,2
557669,204,324.36,2
557671,320,478.08,0
557672,43,135.75000000000003,2
557673,83,149.85,2
557674,39,109.05000000000001,2
557675,122,294.3,2
557676,305,271.98,0
557734,104,137.98,2
557735,100,313.08000000000004,2
557736,74,55.8,2
557739,17,30.48,2
557742,236,407.40000000000003,0
557743,105,152.63,2
557744,254,359.65000000000003,2
557745,453,482.14,0
557746,74,155.41,2
557747,189,292.77,2
557748,31,73.9,2
557749,161,158.86,2
557750,202,269.34000000000003,2
557751,97,230.19,2
557752,6,29.700000000000003,2
557753,90,158.01,2
557755,68,369.8,2
557757,62,75.77,2
557758,227,252.31,2
557759,230,409.22,2
557760,34,79.02000000000001,2
557761,269,176.72,2
557762,325,490.12,0
557763,240,328.92,2
557764,486,926.24,0
557765,47,56.28,2
557766,24,75.60000000000001,2
557767,12,17.4,2
557768,1,3.01,2
557769,58,93.16,2
557770,153,158.99,2
557771,235,374.81,2
557772,156,222.0,2
557774,38,123.62,2
557776,320,472.94,0
557780,11,18.6,2
557782,106,335.40000000000003,2
557783,4,4.94,2
557785,136,190.6,2
557786,61,128.39,2
557787,102,167.98,2
557788,5,11.259999999999998,2
557789,160,374.03999999999996,2
557790,118,265.18,2
557792,16,100.3,2
557793,149,187.43,2
557794,82,125.22000000000001,2
557795,20,135.0,2
557796,16,66.4,2
557797,108,206.2,2
557798,635,717.55,0
557799,555,683.65,0
557800,1,7.95,2
557801,238,522.54,0
557802,197,330.11,2
557803,108,219.96,2
557804,100,204.0,2
557805,190,327.1,2
557846,269,304.26,2
557848,42,73.5,2
557849,143,288.45,2
557850,143,240.93,2
557852,310,288.34,0
557853,178,407.2,2
557854,249,247.47,2
557855,69,127.19,2
557856,33,46.47,2
557857,78,110.7,2
557858,252,304.39,2
557859,15,74.75,2
557860,40,86.4,2
557861,111,220.83,2
557864,211,173.85,2
557869,4,6.8999999999999995,2
557870,204,306.06,2
557871,130,300.78000000000003,2
557872,185,308.35,2
557873,3,14.85,2
557875,203,371.89,2
557877,38,130.8,2
557878,686,1093.73,0
557880,1,1.45,2
557881,96,118.80000000000001,2
557884,70,124.2,2
557885,242,350.24,2
557886,224,481.76,0
557887,5,21.95,2
557888,79,147.99,2
557889,308,464.58,0
557891,435,703.03,0
557892,157,375.07,2
557893,100,238.2,2
557894,45,76.08,2
557896,43,114.88,2
557897,189,382.25,2
557898,185,372.33000000000004,2
557900,219,428.98,2
557933,113,251.55,2
557935,84,270.6,2
557937,288,653.54,0
557938,347,848.65,0
557939,160,310.5,2
557942,22,54.6,2
557948,87,128.25,2
557949,289,403.75,0
557950,36,83.61,2
557951,83,181.45000000000002,2
557952,82,213.45,2
557953,39,25.060000000000002,2
557954,219,670.9300000000001,0
557955,146,229.46,2
557956,146,192.8,2
557957,252,511.77,0
557958,166,305.7,2
557959,63,218.75,2
557960,82,126.59,2
557961,90,189.4,2
557962,259,382.22,0
557963,158,293.6,2
557964,117,258.34000000000003,2
557967,118,435.20000000000005,2
557968,84,136.2,2
557969,30,25.5,2
557970,6,41.9,2
557972,71,149.64000000000001,2
557973,174,268.46,2
557974,100,301.90000000000003,2
557975,244,438.8,0
557976,25,47.19,2
557995,131,189.29,2
558027,150,232.98000000000002,2
558028,269,362.76,0
558030,56,112.36,2
558031,34,131.7,2
558035,58,253.60000000000002,2
558038,84,166.47,2
558039,38,68.5,2
558040,92,66.04,2
558041,172,297.36,2
558042,125,241.47,2
558043,232,396.64,2
558044,32,78.6,2
558045,278,473.82,0
558046,254,475.2,0
558049,167,94.2,2
558053,113,231.95000000000002,2
558054,18,24.9,2
558055,2,1.07,2
558056,114,209.10000000000002,2
558057,393,658.54,0
558058,251,365.11,2
558063,350,401.9,0
558064,22,17.38,2
558065,20,25.0,2
558066,255,717.31,0
558067,363,594.95,0
558068,211,656.53,0
558069,48,69.6,2
558070,24,20.4,2
558073,287,338.21,0
558075,96,277.90000000000003,2
558076,142,552.16,2
558077,236,426.36,0
558078,12,35.400000000000006,2
558079,36,87.96000000000001,2
558083,83,108.53,2
558084,394,442.62,0
558085,139,282.57,2
558086,103,159.53,2
558087,164,135.37,2
558089,298,415.78000000000003,0
558092,18,30.939999999999998,2
558093,16,46.7,2
558094,17,131.45000000000002,2
558096,159,383.49,2
558098,140,205.32,2
558099,364,793.39,0
558100,111,227.83,2
558101,33,121.85,2
558102,66,163.12,2
558103,68,260.6,2
558104,53,140.97,2
558105,269,362.45,0
558107,37,92.64,2
558108,48,67.19999999999999,2
558109,15,44.25,2
558111,4,18.1,2
558113,225,525.83,0
558114,77,183.15,2
558115,397,573.7,0
558116,135,496.28,2
558117,41,156.93,2
558118,82,248.76,2
558119,110,412.84,2
558120,33,134.73,2
558121,54,132.18,2
558122,148,247.68,2
558123,211,459.45,2
558124,82,153.36,2
558125,12,35.400000000000006,2
558126,32,110.16000000000001,2
558159,28,64.76,2
558181,10,37.5,2
558182,24,75.6,2
558183,52,119.08,2
558191,72,154.15,2
558194,142,137.32,2
558195,456,671.64,0
558196,256,520.31,0
558197,96,47.04,2
558198,68,77.36,2
558199,42,76.1,2
558200,111,181.69,2
558204,121,208.91,2
558232,311,366.05,0
558233,46,95.30000000000001,2
558234,12,19.8,2
558235,201,453.69,2
558236,6,3.9,2
558237,520,583.67,0
558240,277,715.71,0
558241,84,145.32,2
558242,1,1.65,2
558243,10,3.42,2
558246,1,4.15,2
558247,30,120.9,2
558248,36,141.72,2
558259,24,84.80000000000001,2
558260,178,301.36,2
558261,24,10.08,2
558262,64,311.2,2
558263,48,213.60000000000002,2
558264,50,98.3,2
558265,88,333.7,2
558271,154,341.76,2
558293,139,157.09,2
558294,30,101.7,2
558295,207,292.85,2
558311,84,438.12,2
558314,36,135.0,2
558315,435,1103.4,0
558316,62,242.12,2
558317,10,20.8,2
558319,38,175.98,2
558321,37,134.84,2
558325,12,51.0,2
558328,354,347.3,0
558330,206,274.29,2
558332,4,19.8,2
558334,108,116.28,2
558335,174,254.18,2
558336,180,298.6,2
558337,6,10.8,2
558338,132,197.4,2
558339,133,174.05,2
558341,78,173.56,2
558348,223,307.99,2
558350,38,82.66,2
558351,70,155.7,2
558355,202,400.18,2
558356,12,15.0,2
558358,89,90.41,2
558362,48,367.2,2
558367,227,345.92,2
558368,414,822.01,0
558370,407,288.08,0
558371,295,1241.69,0
558372,225,479.77000000000004,0
558375,162,376.92,2
558376,80,60.8,2
558382,227,229.83,2
558383,144,244.48000000000002,2
558384,12,66.0,2
558385,64,231.20000000000002,2
558386,88,47.92,2
558388,456,735.0,0
558389,95,178.59,2
558390,124,247.60000000000002,2
558416,121,285.15,2
558417,38,233.1,2
558418,100,144.18,2
558419,77,156.32999999999998,2
558420,89,178.63,2
558421,30,60.660000000000004,2
558430,102,202.20000000000002,2
558431,16,91.2,2
558432,225,342.21000000000004,2
558435,130,296.58,2
558437,106,114.19,2
558441,65,113.53,2
558442,28,93.97,2
558443,104,334.32000000000005,2
558447,8,15.0,2
558452,122,124.52,2
558453,2,1.7,2
558454,114,305.0,2
558455,139,311.65000000000003,2
558456,10,47.5,2
558458,6,38.1,2
558459,75,108.78999999999999,2
558460,148,151.46,2
558461,104,185.85,2
558462,203,234.3,2
558467,41,144.92000000000002,2
558470,8,32.0,2
558475,2647,5453.45,1
558478,40,104.4,2
558479,23,52.05,2
558480,61,125.85,2
558481,139,392.21000000000004,2
558482,24,13.2,2
558483,51,199.93,2
558484,232,463.98,0
558485,14,21.63,2
558501,249,547.09,0
558524,44,129.78,2
558527,1,1.65,2
558529,16,23.2,2
558532,148,316.16,2
558533,278,409.32,0
558534,468,493.7,0
558535,86,218.87,2
558536,240,621.72,0
558537,16,82.0,2
558538,154,228.58,2
558539,210,366.12,2
558540,692,1721.47,0
558542,112,271.90000000000003,2
558555,52,127.1,2
558556,94,131.06,2
558557,88,428.4,2
558558,152,233.83,2
558560,1,5.95,2
558561,6,29.700000000000003,2
558562,142,237.9,2
558563,189,315.07,2
558564,233,400.56,2
558565,105,102.01,2
558566,8,28.380000000000003,2
558567,160,263.1,2
558568,183,316.2,2
558569,2,5.1,2
558570,130,142.52,2
558571,406,610.58,0
558572,120,228.1,2
558573,8,30.0,2
558574,36,77.03999999999999,2
558608,94,181.1,2
558610,19,24.08,2
558611,34,57.900000000000006,2
558613,316,515.96,0
558614,1202,2146.03,1
558616,147,184.4,2
558619,218,288.86,2
558620,46,132.5,2
558621,388,241.36,0
558622,33,120.05000000000001,2
558623,102,148.9,2
558625,190,301.06,2
558626,46,77.28,2
558627,4,9.36,2
558628,482,687.3,0
558629,24,32.4,2
558630,293,500.87,0
558631,67,161.89000000000001,2
558632,265,259.02,2
558633,144,245.15,2
558634,36,247.8,2
558635,42,91.22,2
558636,57,120.65,2
558637,393,203.85999999999999,0
558638,200,376.28000000000003,2
558639,152,360.8,2
558640,81,88.5,2
558641,308,594.44,0
558642,143,297.25,2
558643,202,410.90000000000003,2
558647,206,371.74,2
558653,12,17.4,2
558671,150,263.7,2
558679,81,124.89999999999999,2
558680,28,125.57,2
558681,31,140.47,2
558682,76,295.31,2
558683,52,230.49,2
558684,395,801.6800000000001,0
558685,108,276.8,2
558686,135,166.3,2
558687,158,197.3,2
558696,301,526.65,0
558697,1,4.95,2
558699,76,117.32,2
558700,207,244.38,2
558701,11,9.45,2
558702,80,151.62,2
558703,230,217.5,2
558704,275,539.85,0
558705,34,37.78,2
558707,118,96.61,2
558708,6,10.76,2
558709,325,543.58,0
558710,12,17.96,2
558711,13,18.830000000000002,2
558713,50,51.739999999999995,2
558714,133,96.95,2
558717,24,30.0,2
558718,112,117.68,2
558719,12,6.6000000000000005,2
558720,1,8.25,2
558721,1,8.25,2
558729,160,248.39999999999998,2
558731,540,796.83,0
558734,3,9.75,2
558737,4,13.370000000000001,2
558738,298,377.3,0
558740,28,111.7,2
558746,143,215.75,2
558747,37,143.71,2
558748,71,115.75,2
558749,29,155.34,2
558750,257,450.81,0
558751,187,354.94,2
558752,144,247.01,2
558754,196,283.17,2
558755,25,41.75,2
558756,92,294.3,2
558757,86,131.06,2
558758,40,99.14,2
558759,150,239.96,2
558760,158,247.25,2
558761,100,169.8,2
558762,37,122.28,2
558763,160,209.52,2
558765,58,95.4,2
558766,107,306.33000000000004,2
558767,111,321.45,2
558768,15,58.650000000000006,2
558769,97,110.24000000000001,2
558770,56,65.95,2
558771,332,323.68,0
558772,68,146.96,2
558773,26,86.02,2
558774,746,1572.8799999999999,0
558777,648,1364.3799999999999,0
558778,312,457.3,0
558779,48,100.8,2
558808,45,109.44,2
558809,54,180.02,2
558810,109,417.94,2
558811,40,120.38,2
558812,328,528.0,0
558813,184,291.48,2
558814,134,209.98,2
558835,30,101.14999999999999,2
558837,89,288.98,2
558860,127,235.93,2
558861,480,1005.48,0
558862,716,1400.96,0
558863,124,215.02,2
558864,364,687.49,0
558865,80,136.8,2
558867,38,88.33,2
558868,198,216.98,2
558869,19,20.95,2
558872,76,248.20000000000002,2
558873,116,253.2,2
558874,43,60.58,2
558875,79,135.23,2
558876,189,345.72,2
558877,210,237.45,2
558878,85,126.62,2
558879,204,369.56,2
558880,4,19.8,2
558881,705,829.58,0
558885,107,210.05,2
558886,22,49.5,2
558887,218,415.40000000000003,2
558888,278,605.48,0
558891,24,70.80000000000001,2
558892,249,251.57999999999998,2
558893,88,62.599999999999994,2
558894,18,101.10000000000001,2
558896,13,21.45,2
558900,31,56.95,2
558902,243,409.81,0
558904,851,1672.83,1
558906,471,403.46,0
558908,177,316.47,2
558909,24,50.400000000000006,2
558910,12,45.0,2
558911,138,189.84,2
558912,25,31.25,2
558916,138,460.18,2
558918,20,65.0,2
558919,235,455.45,0
558920,34,104.34,2
558921,10,20.8,2
558922,40,157.4,2
558923,18,77.10000000000001,2
558924,80,111.28,2
558925,12,17.4,2
558926,185,400.91,2
558927,181,324.17,2
558933,55,139.95,2
558959,90,337.09999999999997,2
558963,62,135.7,2
558964,99,139.65,2
558970,105,108.84,2
558990,40,51.36,2
558991,39,85.13,2
558992,211,317.07,2
558993,262,402.26,0
558994,44,108.03999999999999,2
558995,213,311.82,2
558996,40,103.98,2
558999,91,207.6,2
559000,103,227.13,2
559001,24,159.8,2
559004,180,389.32,2
559005,70,113.54,2
559006,114,226.0,2
559009,202,412.18,2
559010,14,53.300000000000004,2
559011,289,674.6700000000001,0
559013,6,35.7,2
559014,177,246.1,2
559015,111,315.3,2
559016,104,312.8,2
559017,128,196.07,2
559018,41,141.97,2
559020,13,18.740000000000002,2
559021,34,128.7,2
559024,108,130.2,2
559025,93,199.85,2
559027,246,296.3,2
559028,234,330.6,2
559029,24,19.92,2
559032,322,517.5600000000001,0
559034,260,369.85,0
559035,56,79.68,2
559036,318,572.5,0
559038,316,1362.87,0
559039,63,239.0,2
559040,20,78.38,2
559041,14,50.8,2
559042,32,152.06,2
559043,92,368.21999999999997,2
559045,114,178.74,2
559046,14,54.9,2
559047,82,117.1,2
559051,438,834.49,0
559052,1435,3051.3,1
559055,1259,2798.17,1
559056,252,281.32,2
559057,344,480.64000000000004,0
559058,400,511.34,0
559060,88,182.8,2
559061,135,197.24,2
559062,180,102.36,2
559063,90,117.84,2
559064,96,210.34,2
559068,79,181.69,2
559070,75,110.55000000000001,2
559091,40,46.339999999999996,2
559092,99,197.22,2
559095,300,391.62,0
559097,54,93.88000000000001,2
559106,63,128.1,2
559107,114,127.53,2
559109,76,174.98000000000002,2
559112,37,96.35000000000001,2
559120,212,365.33,2
559121,241,280.1,2
559122,418,400.14,0
559123,61,119.54,2
559124,120,275.8,2
559125,211,437.38,2
559126,10,14.5,2
559127,15,31.5,2
559128,103,193.29,2
559129,66,99.5,2
559130,36,98.75999999999999,2
559131,13,66.9,2
559132,149,227.15,2
559133,437,467.17,0
559134,540,874.8199999999999,0
559135,102,106.5,2
559137,8,5.2,2
559138,173,215.74,2
559139,38,172.8,2
559141,80,146.91,2
559142,94,249.42000000000002,2
559143,23,55.04,2
559144,161,312.75,2
559145,54,190.14,2
559146,217,481.65000000000003,0
559148,24,30.0,2
559150,54,163.14,2
559151,24,61.8,2
559152,53,76.95,2
559153,166,304.14,2
559154,30,57.400000000000006,2
559155,358,206.96,0
559156,24,79.62,2
559157,165,290.03000000000003,2
559158,159,166.65,2
559160,150,235.82,2
559161,4,7.35,2
559162,609,1124.1399999999999,0
559163,639,1434.05,0
559164,6,17.700000000000003,2
559165,10,10.74,2
559166,24,1.44,2
559167,82,302.41,2
559168,76,145.96,2
559169,111,59.46,2
559170,85,169.4,2
559171,193,360.61,2
559172,12,65.4,2
559173,207,288.27,2
559174,456,411.64,0
559185,12,19.8,2
559187,11,46.75,2
559199,148,382.36,2
559200,231,338.41,2
559201,15,27.75,2
559202,531,691.05,0
559205,12,11.4,2
559206,12,11.4,2
559254,118,210.5,2
559256,456,819.0,0
559289,255,433.25,0
559293,15,28.880000000000003,2
559295,137,217.11,2
559297,404,403.53000000000003,0
559298,276,456.44,0
559299,200,229.14,2
559300,148,208.62,2
559301,163,321.85,2
559302,22,48.95,2
559304,6,2.34,2
559305,66,110.9,2
559306,82,171.45,2
559307,238,353.13,2
559308,158,298.86,2
559310,234,467.16,0
559311,544,1274.16,0
559312,5,33.75,2
559313,56,208.20000000000002,2
559316,142,258.6,2
559317,137,285.83,2
559318,129,119.73,2
559319,24,10.08,2
559320,88,134.86,2
559321,237,322.12,2
559323,40,60.8,2
559325,50,110.39999999999999,2
559326,133,191.94,2
559327,96,203.46,2
559328,108,163.8,2
559329,138,103.94,2
559330,300,365.25,0
559331,214,349.92,2
559332,40,130.2,2
559336,20,44.84,2
559337,638,1372.9,0
559338,746,1525.27,0
559339,24,15.6,2
559340,66,308.58000000000004,2
559341,214,443.2,2
559342,276,532.92,0
559343,1,4.25,2
559346,138,182.26,2
559349,181,262.17,2
559350,175,295.38,2
559352,19,46.85,2
559354,216,332.4,2
559355,56,80.75999999999999,2
559356,382,790.3000000000001,0
559357,410,1902.94,0
559358,46,72.86,2
559359,52,83.9,2
559360,66,94.64,2
559361,2,8.9,2
559362,396,629.64,0
559363,71,157.81,2
559364,376,746.8000000000001,0
559366,192,379.96,2
559367,138,283.24,2
559368,125,225.95,2
559369,184,314.02,2
559370,175,171.59,2
559371,51,205.77,2
559372,280,609.88,0
559401,92,151.81,2
559418,316,468.46,0
559419,24,90.0,2
559420,78,148.82,2
559421,154,255.3,2
559422,135,248.75,2
559424,391,592.5500000000001,0
559436,91,68.59,2
559441,160,215.4,2
559455,264,251.9,2
559456,12,17.4,2
559457,306,688.9200000000001,0
559459,33,74.1,2
559460,182,240.46,2
559462,15,31.25,2
559463,5,28.35,2
559464,483,227.99,0
559465,50,111.3,2
559466,150,75.2,2
559469,107,235.37,2
559471,146,159.70000000000002,2
559472,2,9.2,2
559477,74,170.9,2
559488,97,364.63,2
559489,49,144.79,2
559490,1,3.29,2
559491,111,385.12,2
559492,38,148.57999999999998,2
559493,78,317.44,2
559494,47,144.45,2
559496,7,21.4,2
559497,78,332.24,2
559499,290,966.93,0
559501,10,29.6,2
559504,21,35.33,2
559505,136,194.3,2
559506,742,1391.19,0
559507,54,89.11,2
559508,29,74.02,2
559509,20,31.74,2
559510,354,635.4200000000001,0
559511,3,2.37,2
559512,155,267.06,2
559513,69,145.57,2
559514,28,111.45,2
559515,29,100.15,2
559517,10,32.93,2
559518,65,227.12,2
559520,1,4.95,2
559521,372,552.16,0
559522,1,5.95,2
559523,41,85.21000000000001,2
559524,12,45.0,2
559525,146,314.65000000000003,2
559526,61,115.72,2
559527,64,120.62,2
559528,140,319.27,2
559529,142,278.1,2
559532,29,13.01,2
559535,133,208.67,2
559536,235,198.56,2
559537,37,64.83,2
559538,133,251.59,2
559539,37,67.63,2
559542,312,381.78,0
559543,34,38.98,2
559544,39,37.03,2
559545,181,288.42,2
559546,124,598.0,2
559547,241,365.42,2
559548,338,187.62,0
559549,195,234.04,2
559550,60,110.95000000000002,2
559551,68,96.28,2
559552,118,242.3,2
559553,168,258.4,2
559554,144,642.6,0
559555,104,72.56,2
559556,12,34.68,2
559557,753,1037.51,0
559605,62,213.06,2
559606,67,97.16000000000001,2
559607,140,405.04,2
559609,12,17.4,2
559629,84,212.56,2
559636,9,47.550000000000004,2
559638,20,42.0,2
559639,168,329.76,2
559640,10,36.42,2
559641,244,290.74,2
559652,199,311.25,2
559653,90,164.22,2
559654,328,816.12,0
559656,126,178.38000000000002,2
559657,44,21.96,2
559658,24,30.0,2
559660,43,110.23,2
559661,42,213.70000000000002,2
559662,154,299.7,2
559665,161,286.3,2
559668,254,205.74,2
559669,155,290.07,2
559671,54,106.45,2
559672,452,512.99,0
559673,345,1020.9,0
559674,235,321.1,2
559676,456,1112.1200000000001,0
559677,4,15.0,2
559678,63,181.85,2
559679,365,710.23,0
559680,242,321.24,2
559682,25,32.95,2
559684,138,373.40000000000003,2
559685,48,60.6,2
559686,117,120.98,2
559687,76,34.45,2
559688,4,5.8,2
559689,48,66.75,2
559690,12,25.200000000000003,2
559691,394,526.36,0
559692,23,28.009999999999998,2
559693,829,1653.97,1
559694,4,9.100000000000001,2
559696,53,156.85,2
559697,28,59.63,2
559698,279,463.92,0
559699,72,124.80000000000001,2
559704,225,374.92,2
559706,167,307.18,2
559707,96,384.96000000000004,2
559708,57,116.55000000000001,2
559709,40,150.0,2
559710,124,173.60000000000002,2
559711,89,204.35,2
559715,180,165.72,2
559733,186,264.79,2
559745,47,113.07,2
559746,119,260.43,2
559751,96,114.91,2
559768,72,197.52000000000004,2
559774,69,119.19,2
559782,152,243.51999999999998,2
559783,144,241.56,2
559784,80,282.2,2
559791,126,332.1,2
559793,23,24.380000000000003,2
559794,375,439.78,0
559795,28,35.0,2
559796,228,874.8299999999999,0
559797,252,267.04,2
559798,72,58.32,2
559799,10,36.28,2
559800,38,184.34,2
559801,36,147.54999999999998,2
559802,91,384.56,2
559804,326,305.46000000000004,0
559805,1,3.95,2
559806,176,300.36,2
559807,225,342.42,2
559809,140,229.81,2
559810,27,71.65,2
559811,142,271.1,2
559812,195,291.94,2
559813,356,723.0600000000001,0
559814,238,370.16,2
559816,1125,2372.31,1
559817,626,1290.22,0
559818,50,152.9,2
559819,116,238.7,2
559821,23,97.55000000000001,2
559823,32,52.8,2
559824,91,187.65,2
559826,20,31.8,2
559827,84,208.56,2
559828,2,7.9,2
559831,240,416.90000000000003,0
559834,146,214.3,2
559836,287,445.67,0
559861,10,21.85,2
559862,252,341.92,2
559863,172,340.19,2
559864,273,344.27,0
559865,262,354.0,0
559866,536,495.52,0
559872,60,47.24,2
559876,207,240.1,2
559877,35,100.77,2
559878,95,311.7,2
559879,2,5.1,2
559881,84,142.73,2
559883,34,37.46,2
559884,408,419.44,0
559885,60,69.72,2
559886,12,35.400000000000006,2
559887,97,162.75,2
559888,200,311.92,2
559889,42,164.7,2
559890,12,30.6,2
559893,209,395.71999999999997,2
559894,396,390.65,0
559895,86,154.68,2
559896,44,128.1,2
559897,262,570.01,0
559898,197,343.13,2
559899,88,193.76,2
559900,36,75.0,2
559901,17,23.25,2
559902,95,103.28,2
559903,186,283.25,2
559904,244,472.22,0
559905,17,33.29,2
559906,75,185.85000000000002,2
559907,527,834.98,0
559909,289,313.92,0
559910,14,35.6,2
559911,104,270.9,2
559912,206,287.28000000000003,2
559913,12,17.4,2
559914,117,417.36,2
559916,18,42.54,2
559918,297,448.6,0
559920,24,61.2,2
559921,144,252.20000000000002,2
559922,232,326.48,2
559923,773,1779.1399999999999,1
559924,3,23.85,2
559925,57,184.85,2
559926,24,39.6,2
559927,36,97.79999999999998,2
559928,509,1232.07,0
559929,266,183.9,2
559930,282,383.22,0
559931,87,172.05,2
559932,6,17.700000000000003,2
559933,176,204.8,2
559934,162,290.88,2
559937,205,452.85,2
559938,32,80.16000000000001,2
559940,10,37.5,2
559944,48,367.2,2
559948,373,661.91,0
559951,118,284.40000000000003,2
559979,222,265.54,2
559980,53,161.75,2
559981,241,490.99,0
559982,49,127.55,2
559984,152,176.36,2
559985,122,159.06,2
559986,55,98.45,2
559987,120,109.19999999999999,2
559988,47,140.42000000000002,2
559989,173,453.69,2
559990,46,87.3,2
559991,22,74.60000000000001,2
559993,127,117.64,2
560010,276,285.0,2
560018,125,145.96,2
560024,167,226.97,2
560025,98,137.39000000000001,2
560026,91,116.55,2
560032,2,2.5,2
560033,423,835.19,0
560034,113,300.99,2
560035,657,1534.47,0
560036,422,743.9200000000001,0
560038,152,378.08,2
560041,159,434.97,2
560042,88,170.45,2
560047,132,213.28,2
560048,125,106.66,2
560049,179,419.67,2
560050,12,22.44,2
560051,132,241.2,2
560052,248,413.64,0
560053,112,158.64000000000001,2
560078,181,372.49,2
560079,352,348.8,0
560086,186,296.3,2
560088,196,121.7,2
560089,31,52.58,2
560090,440,997.1899999999999,0
560093,80,189.24,2
560094,47,128.0,2
560095,5,17.75,2
560096,12,95.4,2
560097,184,309.14,2
560098,49,119.38,2
560101,71,105.0,2
560102,92,246.22,2
560103,42,80.51,2
560104,84,155.51,2
560105,173,193.53,2
560106,299,488.43,0
560107,172,335.3,2
560108,42,208.5,2
560109,52,28.92,2
560115,71,172.3,2
560117,16,29.34,2
560118,242,379.16,2
560119,106,317.1,2
560120,475,743.03,0
560121,3,9.65,2
560122,12,15.0,2
560125,62,124.18,2
560145,270,559.54,0
560180,53,134.07,2
560181,40,54.96,2
560182,3,16.35,2
560183,32,69.6,2
560184,54,52.980000000000004,2
560185,60,150.60000000000002,2
560186,24,84.21000000000001,2
560188,30,49.5,2
560190,72,151.20000000000002,2
560191,16,60.0,2
560200,24,30.0,2
560201,36,121.8,2
560202,113,679.0500000000001,2
560203,89,190.8,2
560204,36,154.20000000000002,2
560205,10,16.5,2
560207,107,229.25,2
560209,514,888.4,0
560210,15,47.65,2
560211,262,410.76,0
560212,117,170.47,2
560217,1,0.79,2
560222,165,231.39000000000001,2
560223,66,146.89,2
560224,173,340.77,2
560225,829,1739.02,1
560228,515,222.45,0
560229,114,155.3,2
560230,105,309.23,2
560231,35,143.85,2
560232,114,238.4,2
560233,114,161.32999999999998,2
560234,94,107.7,2
560235,82,159.7,2
560236,12,35.400000000000006,2
560237,13,49.550000000000004,2
560238,208,307.5,2
560239,691,1097.86,0
560240,96,216.37,2
560241,6,35.7,2
560244,168,252.41,2
560245,162,214.19,2
560246,108,244.10000000000002,2
560247,34,111.89999999999999,2
560248,233,388.49,2
560249,208,189.49,2
560250,117,259.79,2
560251,127,311.01,2
560252,60,105.92,2
560253,190,429.24,2
560254,238,202.74,2
560255,337,656.26,0
560256,67,132.26,2
560257,127,255.85,2
560258,70,160.5,2
560259,437,515.77,0
560260,68,157.04,2
560261,135,170.31,2
560262,73,182.43,2
560263,28,48.46000000000001,2
560264,147,322.93,2
560265,499,413.38,0
560266,60,262.2,2
560267,28,82.6,2
560268,99,171.89000000000001,2
560269,28,59.36,2
560270,97,120.83,2
560271,193,341.35,2
560272,46,132.10000000000002,2
560273,168,286.28000000000003,2
560274,63,74.73,2
560275,4,15.0,2
560276,37,74.81,2
560277,53,89.19,2
560278,91,156.39000000000001,2
560279,59,135.85,2
560280,24,70.80000000000001,2
560281,97,139.93,2
560282,43,161.25,2
560283,97,191.97,2
560284,134,204.54,2
560285,378,641.7,0
560286,20,135.0,2
560287,41,89.99,2
560288,228,334.1,2
560290,43,176.75,2
560291,57,255.35,2
560292,40,156.15,2
560293,89,277.3,2
560294,17,68.15,2
560295,112,250.8,2
560296,76,284.58,2
560297,7,41.05,2
560298,80,337.76,2
560299,394,477.20000000000005,0
560300,878,776.18,0
560302,6,47.7,2
560305,77,188.55,2
560355,14,67.7,2
560356,93,293.31,2
560357,77,121.1,2
560359,296,310.53,0
560360,596,1791.58,0
560361,179,272.81,2
560362,138,150.78,2
560363,80,88.0,2
560364,282,936.9,0
560366,345,377.04,0
560368,382,705.36,0
560381,121,307.15000000000003,2
560383,141,297.15000000000003,2
560385,141,255.59,2
560387,61,159.25,2
560392,68,42.04,2
560393,198,284.64,2
560394,249,471.63,0
560397,204,364.14,2
560398,402,959.34,0
560410,278,409.32,0
560412,132,207.94,2
560415,131,234.17000000000002,2
560416,28,21.72,2
560417,108,147.18,2
560422,160,280.28000000000003,2
560426,200,370.1,2
560432,138,359.3,2
560433,564,1265.97,0
560434,1048,2047.8,1
560437,98,201.62,2
560441,16,63.2,2
560442,35,104.28,2
560443,58,81.0,2
560444,302,443.40000000000003,0
560445,96,468.96000000000004,2
560447,93,336.15,2
560448,352,576.0,0
560449,122,198.1,2
560450,72,90.0,2
560451,640,1011.0,0
560452,32,81.6,2
560453,560,872.5600000000001,0
560454,83,207.35,2
560473,174,483.02000000000004,2
560483,184,200.32,2
560491,60,124.3,2
560494,24,20.4,2
560499,362,345.39,0
560500,52,131.66,2
560501,28,49.8,2
560503,162,312.02,2
560504,2159,3040.73,1
560523,12,19.8,2
560527,324,444.55,0
560534,208,327.06,2
560535,75,124.81,2
560536,81,123.15,2
560537,247,310.59,2
560538,192,306.4,2
560539,216,407.88,2
560544,25,60.650000000000006,2
560545,56,87.6,2
560546,2,11.9,2
560547,230,439.7,0
560549,78,154.5,2
560551,50,109.01,2
560552,116,241.38,2
560553,83,126.35,2
560554,147,283.57,2
560555,112,99.45,2
560557,19,50.53,2
560562,90,172.8,2
560566,190,378.66,2
560567,314,1280.98,0
560568,198,506.64,0
560569,325,441.28000000000003,0
560570,40,36.56,2
560571,433,666.82,0
560576,108,176.57,2
560577,137,426.27000000000004,2
560579,237,511.93,0
560580,487,2279.59,1
560581,24,20.4,2
560584,29,83.89,2
560587,10,60.0,2
560590,759,1200.56,0
560591,1,1.65,2
560596,36,29.880000000000003,2
560598,51,193.95,2
560601,95,176.68,2
560602,217,281.01,2
560603,137,290.21000000000004,2
560604,24,61.2,2
560606,273,279.15,2
560607,8,54.8,2
560634,120,167.04000000000002,2
560635,305,530.73,0
560640,48,154.56,2
560641,36,111.96000000000001,2
560642,66,194.65,2
560644,295,426.67,0
560648,175,710.25,0
560650,332,419.13,0
560686,159,306.37,2
560688,89,153.34,2
560689,110,261.90000000000003,2
560690,298,454.76,0
560691,327,446.24,0
560692,50,88.3,2
560693,66,119.17999999999999,2
560694,327,578.15,0
560696,44,101.09,2
560697,224,173.68,2
560698,165,427.23,2
560700,107,147.76,2
560701,239,272.2,2
560710,9,11.02,2
560711,113,184.73,2
560712,76,116.13,2
560713,56,160.8,2
560714,20,26.25,2
560715,46,120.2,2
560716,547,1249.31,0
560718,245,355.59000000000003,2
560721,24,29.76,2
560723,222,311.15,2
560724,348,442.86,0
560725,54,59.699999999999996,2
560726,90,82.02,2
560727,148,126.58,2
560728,149,274.04,2
560729,332,514.26,0
560731,120,154.56,2
560732,194,326.63,2
560736,190,345.14000000000004,2
560742,132,242.95000000000002,2
560754,204,95.22,2
560755,1,0.35,2
560772,1284,2350.16,1
560773,779,1595.3,0
560775,1,1.25,2
560776,339,390.35,0
560777,54,232.98,2
560778,48,195.68,2
560779,112,422.96,2
560780,119,455.63,2
560781,58,128.82,2
560782,229,271.99,2
560783,330,604.3,0
560790,92,430.20000000000005,2
560791,109,96.89,2
560792,28,127.60000000000001,2
560805,68,120.0,2
560807,308,480.18,0
560820,26,61.910000000000004,2
560824,76,126.07000000000001,2
560826,28,88.2,2
560827,69,209.95,2
560828,738,493.38,0
560829,136,251.92000000000002,2
560833,58,150.86,2
560834,136,260.0,2
560839,21,94.64,2
560841,1438,2029.3400000000001,1
560844,24,74.88,2
560845,128,273.1,2
560853,116,288.26,2
560854,236,257.1,2
560856,392,377.26,0
560859,37,87.30000000000001,2
560861,120,168.8,2
560862,207,262.33,2
560863,54,78.78,2
560864,252,274.08,2
560865,4,31.8,2
560868,22,70.97,2
560870,230,346.22,2
560871,10,20.8,2
560872,221,324.11,2
560873,15,92.25,2
560875,294,606.46,0
560876,348,601.46,0
560878,138,201.18,2
560879,62,64.02,2
560881,18,56.3,2
560882,112,282.71000000000004,2
560883,49,66.55,2
560885,170,175.22,2
560888,78,225.94,2
560891,154,219.46,2
560892,402,715.12,0
560893,122,281.3,2
560894,171,440.45000000000005,2
560895,681,850.8000000000001,0
560896,121,261.23,2
560897,48,139.2,2
560900,3,3.79,2
560901,235,405.17,2
560906,49,141.15,2
560908,80,86.24,2
560911,23,41.1,2
560913,1,4.25,2
560914,88,154.68,2
560915,156,308.6,2
560916,144,195.12,2
560918,421,697.85,0
560920,142,287.47,2
560921,265,281.87,2
560922,146,210.9,2
560925,136,665.6,0
560926,1403,2921.85,1
560927,196,513.4300000000001,0
560928,184,344.46000000000004,2
560929,27,53.79,2
560930,298,276.18,0
560931,52,175.04999999999998,2
560934,272,374.28,0
560937,120,193.77,2
560938,231,853.22,0
560942,134,164.92,2
560972,100,295.20000000000005,2
560974,223,460.33,0
560975,100,167.4,2
560976,126,83.7,2
560977,104,187.32,2
560978,224,304.38,2
560979,332,260.36,0
560980,6,29.700000000000003,2
560988,60,339.0,2
560989,303,669.1700000000001,0
560991,420,659.84,0
560992,63,137.29000000000002,2
560993,6,20.1,2
560994,20,38.16,2
560995,6,5.84,2
560996,462,655.25,0
560997,384,664.76,0
560998,107,182.77,2
560999,45,52.55,2
561000,2,3.3,2
561001,69,208.35000000000002,2
561003,4,23.8,2
561004,51,239.97,2
561005,86,134.44,2
561006,232,469.90000000000003,0
561007,324,539.92,0
561008,96,185.7,2
561009,232,157.2,2
561010,182,149.48,2
561020,112,248.03,2
561021,45,145.51,2
561022,158,241.98,2
561023,24,9.36,2
561024,141,410.05,2
561025,90,169.33,2
561026,175,172.17000000000002,2
561027,72,182.4,2
561028,186,269.95,2
561029,234,376.93,2
561030,110,192.02,2
561031,12,19.8,2
561032,50,91.3,2
561033,270,333.25,0
561034,144,208.77,2
561036,155,280.51,2
561037,467,532.6,0
561038,14,48.7,2
561039,58,144.98000000000002,2
561040,178,467.3,2
561042,256,361.22,0
561043,225,549.9300000000001,0
561044,48,105.60000000000001,2
561045,39,68.55,2
561047,56,45.2,2
561049,12,10.2,2
561050,345,358.5,0
561051,44,312.6,2
561054,116,292.68,2
561056,120,133.76,2
561057,5,11.22,2
561058,74,333.3,2
561060,178,229.14,2
561062,6,19.5,2
561064,14,102.6,2
561065,12,65.6,2
561066,296,206.25,2
561067,12,9.96,2
561068,280,371.39,0
561070,57,136.65,2
561071,280,426.34,0
561072,233,384.29,2
561073,365,804.79,0
561074,134,275.9,2
561075,116,185.0,2
561076,144,322.48,2
561077,395,813.29,0
561078,90,150.1,2
561079,180,283.27,2
561080,87,248.69,2
561081,71,123.89,2
561082,12,5.04,2
561084,281,265.27,2
561085,551,929.53,0
561087,214,261.42,2
561088,30,62.400000000000006,2
561089,39,106.45000000000002,2
561090,20,85.07,2
561091,36,86.67,2
561092,188,211.2,2
561093,504,830.1600000000001,0
561094,406,453.74,0
561095,152,159.78,2
561096,156,273.8,2
561097,196,397.2,2
561098,176,379.84000000000003,2
561099,63,191.95,2
561100,387,302.37,0
561102,240,358.24,2
561105,163,331.95,2
561106,227,471.11,0
561109,20,135.0,2
561111,6,17.700000000000003,2
561112,31,82.04,2
561113,584,792.59,0
561114,346,264.65999999999997,0
561115,108,203.4,2
561116,70,116.0,2
561118,35,102.45000000000002,2
561119,61,148.51,2
561120,90,187.20000000000002,2
561125,246,451.26,0
561128,191,274.94,2
561132,33,65.55000000000001,2
561147,386,248.7,0
561170,14,33.3,2
561189,8,38.400000000000006,2
561190,93,113.95,2
561191,60,70.2,2
561192,159,387.79,2
561193,74,53.4,2
561194,322,476.04,0
561195,463,476.68,0
561196,34,42.540000000000006,2
561197,104,239.70000000000002,2
561199,50,337.5,2
561200,48,80.28,2
561201,36,111.25,2
561202,114,135.0,2
561203,208,267.48,2
561204,143,324.53000000000003,2
561205,227,166.47,2
561206,63,255.11,2
561207,2,7.040000000000001,2
561209,627,1633.8799999999999,0
561214,314,859.74,0
561217,346,942.95,0
561218,288,683.61,0
561219,332,281.04,0
561220,229,413.31,2
561221,61,183.35,2
561222,574,460.04,0
561223,141,152.66,2
561226,96,185.931,2
561231,151,237.55,2
561236,368,645.24,0
561241,210,210.0,2
561242,361,732.6,0
561243,19,36.68,2
561244,54,100.82,2
561245,4,20.62,2
561246,174,195.1,2
561247,581,668.39,0
561248,48,24.96,2
561257,27,64.77,2
561258,353,981.33,0
561259,16,79.19999999999999,2
561280,96,130.8,2
561284,67,87.96000000000001,2
561288,166,136.29,2
561295,60,233.82999999999998,2
561314,112,136.4,2
561320,103,191.89000000000001,2
561321,49,149.31,2
561322,244,250.3,2
561324,264,189.08,2
561325,132,219.53,2
561329,45,111.76,2
561330,305,411.75,0
561331,95,127.61,2
561332,142,593.74,2
561334,42,69.36,2
561352,122,230.9,2
561353,84,208.2,2
561355,166,392.5,2
561356,87,231.35,2
561359,473,517.12,0
561360,92,202.2,2
561363,124,218.44,2
561366,166,310.72,2
561367,204,802.75,0
561369,312,798.14,0
561371,267,758.96,0
561378,106,134.38,2
561381,16,34.28,2
561382,71,155.34,2
561383,203,337.45,2
561384,26,60.7,2
561385,136,135.35999999999999,2
561386,12,9.96,2
561387,112,147.36,2
561388,60,183.48000000000002,2
561389,78,203.58,2
561390,125,239.0,2
561391,234,410.63,2
561393,108,165.0,2
561394,48,144.79999999999998,2
561395,130,245.3,2
561396,474,659.08,0
561398,430,542.1800000000001,0
561399,155,177.74,2
561430,238,306.06,2
561453,96,176.16000000000003,2
561455,92,179.72000000000003,2
561462,10,76.5,2
561463,31,97.86,2
561465,74,132.46,2
561466,55,104.05,2
561467,93,151.95,2
561468,84,180.60000000000002,2
561470,146,175.8,2
561471,218,472.1,0
561472,19,52.05,2
561473,264,544.2,0
561474,57,79.35,2
561485,132,201.68,2
561488,180,355.23,2
561502,578,1012.2,0
561507,609,862.67,0
561508,20,99.0,2
561509,5,10.850000000000001,2
561511,103,187.35000000000002,2
561512,138,181.49,2
561513,282,763.36,0
561514,234,366.66,2
561515,417,1188.51,0
561516,1,3.95,2
561517,284,519.4,0
561518,270,254.82,2
561519,89,83.99,2
561520,28,18.82,2
561521,17,40.05,2
561522,3,15.45,2
561528,151,199.44,2
561529,122,257.70000000000005,2
561531,89,176.55,2
561533,60,261.0,2
561534,396,506.6,0
561535,108,311.32,2
561537,119,210.81,2
561542,226,370.26,2
561544,178,181.04,2
561570,26,109.26,2
561583,168,280.14,2
561584,161,307.35,2
561585,99,141.15,2
561593,14,39.2,2
561595,230,590.1,0
561597,30,106.7,2
561599,6,47.7,2
561600,314,397.57,0
561601,244,340.8,2
561602,12,15.0,2
561603,79,223.85,2
561605,208,316.32,2
561607,24,113.4,2
561610,261,316.35,2
561611,89,249.38,2
561614,265,433.12,0
561615,168,341.64,2
561616,134,332.20000000000005,2
561617,164,300.68,2
561618,112,215.4,2
561624,40,36.48,2
561625,538,686.3,0
561626,141,208.95,2
561627,473,707.09,0
561629,12,1.6800000000000002,2
561630,4,15.0,2
561631,302,405.3,0
561632,301,209.82,2
561634,44,65.4,2
561635,62,250.82000000000002,2
561636,56,146.4,2
561641,48,48.0,2
561642,294,303.94,0
561643,48,56.4,2
561645,162,634.86,0
561646,48,129.6,2
561647,94,290.18,2
561648,130,182.96,2
561650,272,425.0,0
561651,388,1109.74,0
561653,518,237.26,0
561654,252,321.44,2
561656,116,330.6,2
561657,4,27.8,2
561658,197,265.45,2
561661,108,169.38,2
561662,22,75.3,2
561664,48,187.20000000000002,2
561667,157,290.53000000000003,2
561670,111,142.05,2
561675,48,119.64,2
561676,14,76.1,2
561677,60,112.56,2
561678,18,32.7,2
561679,214,421.48,2
561683,1,1.95,2
561685,210,367.40000000000003,2
561686,251,442.85,0
561687,3,14.85,2
561688,73,35.82,2
561689,192,255.54,2
561690,251,356.92,2
561691,23,13.81,2
561692,24,64.8,2
561693,242,244.4,2
561694,190,276.08,2
561695,204,209.39999999999998,2
561696,16,26.4,2
561697,24,94.2,2
561698,224,467.28,0
561699,48,50.4,2
561700,132,231.96,2
561701,156,193.32,2
561702,81,375.15000000000003,2
561704,41,92.77,2
561705,132,245.52,2
561706,70,177.6,2
561707,12,15.0,2
561708,80,130.2,2
561709,99,148.21,2
561710,54,77.37,2
561711,368,532.8,0
561712,118,244.94,2
561713,26,69.98,2
561714,30,100.50000000000001,2
561715,278,308.02,0
561719,126,180.58,2
561732,68,98.36,2
561743,80,176.8,2
561750,158,308.71000000000004,2
561773,84,139.95000000000002,2
561774,168,310.51,2
561783,315,168.06,2
561794,340,462.91,0
561795,462,597.16,0
561796,46,102.6,2
561797,130,300.8,2
561798,242,566.1,0
561799,97,179.43,2
561800,72,134.76,2
561801,134,187.18,2
561802,20,18.28,2
561803,76,148.60000000000002,2
561804,224,370.78000000000003,2
561806,187,277.0,2
561807,111,301.55,2
561808,204,362.0,2
561811,18,76.5,2
561814,98,175.5,2
561815,8,41.6,2
561816,3,17.85,2
561817,110,236.66000000000003,2
561818,35,106.47,2
561819,16,58.800000000000004,2
561820,351,1062.75,0
561857,246,308.44,2
561858,24,48.0,2
561859,169,65.64999999999999,2
561860,120,85.16,2
561861,22,67.5,2
561862,47,46.660000000000004,2
561863,241,328.58,2
561866,6,29.16,2
561867,85,115.61,2
561868,138,177.41,2
561869,73,155.96,2
561870,969,900.24,0
561871,251,377.29,0
561872,6,24.9,2
561873,177,342.18,2
561874,210,287.37,2
561875,72,102.0,2
561876,63,149.02,2
561877,249,324.51,2
561878,55,127.23,2
561879,351,738.0600000000001,0
561880,92,173.88,2
561881,229,446.75,0
561882,259,547.45,0
561883,20,55.8,2
561884,82,139.98,2
561885,102,251.65,2
561887,234,172.82,2
561888,228,354.24,2
561889,211,480.79,0
561890,163,210.61,2
561891,57,137.13,2
561892,9,12.07,2
561893,88,209.57999999999998,2
561894,441,455.94,0
561895,1,1.25,2
561896,197,402.45,2
561897,108,169.75,2
561898,443,629.81,0
561899,104,337.38,2
561900,519,618.04,0
561902,2,13.9,2
561903,176,298.38,2
561905,118,178.5,2
561906,465,600.75,0
561907,250,211.14000000000001,2
561908,60,120.5,2
561909,58,81.3,2
561910,110,373.08000000000004,2
561911,636,877.03,0
561912,212,178.82,2
561913,7,8.29,2
561914,134,182.66,2
561915,398,551.69,0
561917,87,211.04,2
561922,76,131.24,2
561923,438,716.2,0
561925,110,101.19999999999999,2
561926,633,1195.93,0
561928,6,29.700000000000003,2
561933,432,660.57,0
561952,28,59.400000000000006,2
561955,18,35.1,2
561967,77,174.88,2
561968,68,183.70000000000002,2
561969,101,157.87,2
561995,142,247.92000000000002,2
562002,148,528.36,2
562011,139,270.95000000000005,2
562014,140,271.1,2
562015,30,57.3,2
562017,148,508.76000000000005,2
562019,220,457.6,0
562021,100,225.60000000000002,2
562023,91,171.25,2
562024,387,950.25,0
562025,80,187.20000000000002,2
562031,1204,2271.37,1
562032,238,440.46,0
562033,140,281.04,2
562034,242,522.1,0
562035,262,402.16,0
562036,24,99.6,2
562037,120,277.36,2
562038,136,201.20000000000002,2
562039,52,85.8,2
562042,263,477.21000000000004,0
562043,282,391.14,0
562044,73,32.34,2
562045,284,417.12,0
562046,2079,3603.94,1
562047,2,8.2,2
562049,136,237.12,2
562050,24,19.92,2
562053,10,67.5,2
562085,382,783.86,0
562087,63,92.91,2
562092,38,109.86,2
562093,106,244.62,2
562094,48,69.6,2
562095,145,168.05,2
562096,25,47.57,2
562098,10,20.8,2
562099,261,423.3,0
562100,127,311.52000000000004,2
562101,936,1510.78,1
562102,710,1218.22,0
562104,330,1354.79,0
562105,113,174.11,2
562106,78,101.72,2
562108,53,108.45,2
562112,110,165.24,2
562113,371,1038.46,0
562114,273,724.66,0
562120,74,202.7,2
562125,27,62.95,2
562127,194,137.66,2
562128,274,444.22,0
562129,359,978.3900000000001,0
562130,131,217.98,2
562131,239,476.95,0
562132,260,394.84000000000003,0
562133,74,89.64,2
562136,12,25.200000000000003,2
562137,187,221.04,2
562138,63,289.05,2
562140,40,66.0,2
562141,36,80.28000000000002,2
562143,168,357.6,2
562145,148,298.68,2
562146,240,560.7,0
562148,65,126.95,2
562150,134,242.52,2
562152,34,102.7,2
562153,138,198.0,2
562156,238,195.42000000000002,2
562157,211,399.12,2
562158,216,502.58,0
562161,201,264.55,2
562162,68,148.48000000000002,2
562163,197,294.51,2
562166,385,528.3100000000001,0
562173,131,318.08,2
562199,91,174.0,2
562200,159,509.63,2
562201,37,126.27,2
562202,212,449.72,2
562203,378,599.96,0
562204,177,210.57,2
562205,109,274.53000000000003,2
562208,1,3.95,2
562209,114,306.90000000000003,2
562210,345,530.39,0
562211,138,110.7,2
562213,272,322.06,0
562214,169,301.17,2
562216,42,99.1,2
562217,156,298.34000000000003,2
562218,675,899.48,0
562219,618,957.88,0
562220,103,255.87,2
562222,106,278.1,2
562225,3,4.75,2
562233,24,69.37,2
562256,101,331.6,2
562258,110,166.47,2
562259,24,25.2,2
562260,189,297.1,2
562263,134,200.15,2
562264,317,949.5799999999999,0
562269,154,251.94,2
562271,60,166.5,2
562272,54,83.10000000000001,2
562273,123,337.07,2
562274,143,280.81,2
562275,275,435.23,0
562276,534,908.6,0
562277,29,34.83,2
562282,114,378.9,2
562283,365,615.5,0
562284,136,179.28,2
562286,120,359.1,2
562287,32,50.56,2
562290,43,98.05,2
562313,188,394.44,2
562339,167,167.26,2
562340,210,407.38,2
562341,159,177.16,2
562342,126,199.74,2
562345,60,114.12,2
562346,262,368.34000000000003,0
562347,75,134.67000000000002,2
562348,319,910.32,0
562349,3,23.85,2
562351,66,107.4,2
562353,272,458.2,0
562354,152,94.96,2
562355,40,133.20000000000002,2
562365,35,77.6,2
562366,108,117.48,2
562368,112,133.4,2
562369,135,424.15000000000003,2
562370,504,788.04,0
562371,513,685.14,0
562372,66,132.3,2
562373,12,19.8,2
562374,162,634.86,0
562376,163,253.32,2
562377,397,715.19,0
562378,142,190.07999999999998,2
562379,90,180.38,2
562380,161,357.01,2
562381,358,549.98,0
562387,289,312.95,0
562388,149,168.31,2
562389,134,194.9,2
562392,181,292.65,2
562393,368,884.44,0
562416,60,114.93,2
562417,415,1052.33,0
562418,174,318.62,2
562419,72,119.63,2
562420,345,891.04,0
562421,120,31.2,2
562422,60,56.76,2
562426,6,29.7,2
562427,100,243.1,2
562428,4,6.6,2
562429,100,363.0,2
562430,38,89.5,2
562431,29,47.29,2
562432,344,564.5,0
562433,119,104.03999999999999,2
562435,24,118.24,2
562436,3,2.25,2
562437,305,403.03000000000003,0
562441,28,110.4,2
562442,28,53.160000000000004,2
562444,265,353.34,0
562445,130,215.71,2
562446,24,118.8,2
562447,24,166.8,2
562448,104,416.72,2
562449,157,232.57,2
562450,266,485.0,0
562451,45,115.95,2
562452,158,233.22,2
562453,110,209.34,2
562454,188,278.56,2
562455,210,320.3,2
562456,268,363.86,0
562457,346,197.39,0
562459,8,61.2,2
562460,167,215.93,2
562462,28,120.6,2
562465,209,433.62,2
562466,66,139.8,2
562467,60,132.6,2
562468,88,110.0,2
562490,32,66.6,2
562516,98,237.0,2
562517,204,342.53000000000003,2
562518,153,272.56,2
562519,82,172.42000000000002,2
562520,30,38.1,2
562521,53,62.11,2
562523,20,54.6,2
562524,129,181.41,2
562525,25,60.790000000000006,2
562526,65,121.51,2
562527,12,19.8,2
562528,442,690.1,0
562529,30,29.58,2
562530,4,4.17,2
562531,10,8.5,2
562532,3,17.85,2
562533,10,16.5,2
562534,228,481.27000000000004,0
562535,177,243.0,2
562536,4,6.6,2
562537,414,664.75,0
562538,62,420.9,2
562539,191,331.57,2
562540,444,698.52,0
562542,352,275.65000000000003,0
562543,138,281.98,2
562549,204,460.21,2
562550,24,90.0,2
562551,125,164.17000000000002,2
562552,6,9.9,2
562553,326,810.17,0
562555,54,137.7,2
562558,611,693.12,0
562560,714,1288.93,0
562562,141,174.62,2
562563,88,175.2,2
562564,130,204.5,2
562565,49,111.16,2
562566,90,102.3,2
562567,140,100.4,2
562568,60,107.4,2
562569,85,104.50999999999999,2
562570,148,147.25,2
562571,25,93.09,2
562572,48,37.92,2
562573,54,78.21000000000001,2
562574,406,581.79,0
562575,103,174.81,2
562576,144,220.07999999999998,2
562578,12,45.0,2
562579,197,471.33000000000004,2
562580,98,249.70000000000002,2
562581,23,103.35000000000001,2
562583,22,28.22,2
562584,29,118.45000000000002,2
562586,42,212.7,2
562587,532,675.52,0
562588,1,1.95,2
562589,64,107.64,2
562590,24,39.6,2
562591,48,46.56,2
562592,218,258.39,2
562593,382,569.82,0
562595,102,142.5,2
562596,170,227.47,2
562598,178,309.06,2
562599,83,194.51000000000002,2
562600,82,129.10000000000002,2
562602,542,875.78,0
562603,118,57.160000000000004,2
562604,172,228.98000000000002,2
562605,199,365.53000000000003,2
562606,24,19.92,2
562607,332,497.15,0
562608,1005,1564.44,1
562611,460,728.22,0
562612,162,177.06,2
562614,13,24.880000000000003,2
562615,202,254.8,2
562616,352,343.64,0
562619,108,158.47,2
562621,192,342.36,2
562649,48,106.95,2
562652,163,339.33000000000004,2
562670,497,705.97,0
562680,177,227.76,2
562688,974,1401.24,1
562701,86,219.06,2
562708,153,313.75,2
562710,171,192.81,2
562711,121,281.47,2
562712,312,378.6,0
562713,84,249.0,2
562715,440,1280.3899999999999,0
562716,516,1196.92,0
562717,360,1064.1,0
562718,84,169.4,2
562719,5,28.45,2
562720,26,36.89,2
562721,96,101.2,2
562722,20,135.0,2
562725,151,313.09000000000003,2
562727,167,449.31,2
562729,34,84.98,2
562730,40,130.8,2
562732,195,266.78000000000003,2
562733,397,707.69,0
562767,93,252.53,2
562768,124,257.48,2
562769,100,190.8,2
562770,453,823.2,0
562771,82,220.1,2
562772,163,379.0,2
562774,128,326.40000000000003,2
562775,248,494.6,0
562776,26,79.5,2
562777,64,111.19999999999999,2
562778,48,111.60000000000001,2
562779,192,293.12,2
562780,134,159.64,2
562781,280,335.28,0
562782,70,115.5,2
562783,238,245.12,2
562784,67,180.72,2
562788,76,127.1,2
562789,389,968.8299999999999,0
562790,125,52.5,2
562791,211,286.34000000000003,2
562792,130,105.99000000000001,2
562804,254,531.9,0
562805,1,3.59,2
562806,34,79.6,2
562807,517,847.29,0
562809,29,109.63,2
562810,16,60.0,2
562812,18,52.02,2
562838,257,307.85,2
562839,68,113.26,2
562840,56,112.34,2
562841,228,392.06,2
562842,16,79.2,2
562843,409,1218.07,0
562844,28,107.72,2
562846,408,1770.51,0
562847,171,279.77,2
562849,278,307.22,0
562850,6,23.1,2
562851,92,90.4,2
562852,213,358.17,2
562853,336,178.2,0
562854,88,63.92,2
562878,77,120.19,2
562880,88,358.79999999999995,2
562881,265,409.61,0
562882,55,163.04000000000002,2
562883,3,6.300000000000001,2
562885,51,65.25,2
562886,19,25.55,2
562888,197,273.03000000000003,2
562890,272,355.45,0
562891,56,81.6,2
562892,189,282.35,2
562893,307,521.4399999999999,0
562894,197,248.35,2
562902,52,67.08,2
562907,159,282.47,2
562908,97,181.57,2
562912,53,143.88,2
562913,220,241.92000000000002,2
562914,81,183.69,2
562916,16,38.28,2
562918,204,311.64,2
562919,12,15.0,2
562920,22,40.6,2
562922,257,432.87,0
562923,94,273.3,2
562924,40,35.879999999999995,2
562925,36,115.80000000000001,2
562926,158,271.38,2
562928,770,960.33,0
562929,75,126.30000000000001,2
562930,52,178.6,2
562931,208,201.48,2
562932,321,282.96999999999997,0
562933,483,1444.98,0
562934,315,966.2,0
562935,153,483.85,2
562936,36,72.75,2
562937,1,1.65,2
562939,436,640.6,0
562940,50,337.5,2
562941,12,17.4,2
562942,23,176.85000000000002,2
562944,189,371.3,2
562947,41,298.65,2
562949,461,629.27,0
562950,156,230.16,2
562951,56,175.68,2
562955,1210,4892.43,1
562960,276,340.0,0
562963,128,104.2,2
562964,238,542.02,0
562965,398,501.3,0
562968,183,269.27,2
562973,24,70.80000000000001,2
562980,711,1314.4,0
562984,223,340.4,2
562999,414,353.38,0
563011,46,109.97999999999999,2
563012,188,272.96999999999997,2
563013,112,197.1,2
563014,12,25.200000000000003,2
563016,512,616.27,0
563017,340,469.7,0
563018,205,189.88,2
563019,304,476.72,0
563020,330,425.18,0
563021,166,225.14000000000001,2
563022,165,277.85,2
563023,207,487.69000000000005,0
563024,66,202.76,2
563025,1,1.69,2
563026,99,195.22,2
563027,2,5.4,2
563028,31,83.25,2
563029,48,60.0,2
563030,99,185.61,2
563031,81,137.5,2
563032,130,214.32,2
563033,44,53.34,2
563034,172,280.86,2
563035,69,177.37,2
563036,180,288.9,2
563037,309,418.37,0
563038,52,195.0,2
563060,8,31.6,2
563061,422,437.42,0
563062,34,105.3,2
563070,191,349.02000000000004,2
563071,161,314.99,2
563073,228,238.07999999999998,2
563075,12,30.6,2
563076,194,928.06,0
563078,251,480.65000000000003,0
563079,6,17.700000000000003,2
563080,10,37.14,2
563088,3,2.89,2
563089,124,264.5,2
563090,239,318.68,2
563091,135,267.37,2
563092,4,15.0,2
563093,243,710.41,0
563094,259,472.69,0
563095,190,305.34000000000003,2
563096,184,324.72,2
563097,154,271.99,2
563098,460,1031.8400000000001,0
563099,28,150.6,2
563100,516,903.14,0
563103,74,159.20000000000002,2
563104,177,328.11,2
563110,405,489.18,0
563111,250,384.6,0
563112,234,270.81,2
563137,49,98.6,2
563147,36,40.2,2
563150,53,170.85,2
563155,121,138.68,2
563161,180,184.4,2
563162,190,237.5,2
563166,154,476.86,2
563167,239,238.67000000000002,2
563168,193,193.05,2
563169,347,675.37,0
563170,95,142.93,2
563171,152,199.39,2
563172,144,145.12,2
563174,182,317.1,2
563175,30,247.5,2
563176,63,96.86,2
563178,129,208.39000000000001,2
563179,86,191.16,2
563180,128,202.56,2
563181,62,161.4,2
563182,80,138.32,2
563183,214,286.42,2
563184,65,144.69,2
563188,70,222.10000000000002,2
563189,176,356.98,2
563190,5,6.25,2
563191,175,243.59,2
563192,72,253.2,2
563193,446,1069.52,0
563194,54,204.25,2
563195,369,1092.68,0
563196,39,106.25,2
563198,30,111.9,2
563199,20,151.0,2
563200,49,121.02,2
563201,31,70.71,2
563203,64,272.4,2
563204,30,62.6,2
563205,176,291.55,2
563206,62,155.93,2
563208,24,39.84,2
563209,246,404.74,0
563210,83,245.67000000000002,2
563211,174,312.38,2
563212,75,152.8,2
563213,206,263.07,2
563214,189,333.98,2
563215,83,152.95,2
563216,129,208.31,2
563217,166,188.4,2
563227,90,128.7,2
563228,3,19.65,2
563229,1,1.69,2
563230,160,314.95,2
563231,19,55.34,2
563233,1,2.95,2
563234,243,209.85,2
563236,2,11.9,2
563237,254,231.96,2
563238,114,298.9,2
563239,50,67.23,2
563241,516,499.9,0
563242,110,373.08000000000004,2
563243,20,57.0,2
563245,224,411.7,2
563246,414,695.26,0
563248,97,143.7,2
563250,22,68.10000000000001,2
563251,63,182.65,2
563252,105,300.63,2
563253,163,325.7,2
563255,20,57.44,2
563256,261,511.03,0
563257,214,327.26,2
563259,50,136.16,2
563260,84,50.28,2
563261,12,15.0,2
563262,127,263.66,2
563264,101,247.35,2
563268,92,142.2,2
563288,355,612.35,0
563300,52,207.4,2
563328,58,92.85,2
563333,27,111.56,2
563345,60,78.6,2
563346,84,134.88,2
563347,125,234.17000000000002,2
563348,184,409.24,2
563349,69,195.55,2
563350,207,346.65,2
563351,507,1094.69,0
563352,156,407.0,2
563353,276,611.0500000000001,0
563354,81,111.84,2
563355,371,385.7,0
563356,33,77.25,2
563357,40,50.0,2
563358,60,183.45000000000002,2
563360,115,363.18,2
563361,262,233.54,2
563362,262,191.14,2
563364,139,234.75,2
563366,42,149.60000000000002,2
563367,102,168.88,2
563368,82,135.3,2
563369,266,222.14000000000001,2
563370,92,273.94,2
563371,94,155.1,2
563372,48,48.0,2
563373,16,45.300000000000004,2
563374,48,104.36,2
563376,335,330.07,0
563377,337,494.17,0
563381,90,129.93,2
563382,142,140.1,2
563384,67,145.45000000000002,2
563404,895,2104.85,1
563425,243,377.56,2
563426,22,33.9,2
563427,104,156.15,2
563428,374,419.31,0
563429,186,310.94,2
563430,293,699.47,0
563431,53,110.38000000000001,2
563432,221,306.99,2
563434,282,507.01,0
563435,246,267.54,2
563437,132,157.22,2
563438,84,129.0,2
563439,399,1569.24,0
563440,264,74.64,2
563441,51,124.65,2
563442,212,306.3,2
563443,69,128.9,2
563444,233,582.58,0
563448,275,328.29,0
563450,199,491.8,2
563451,42,104.7,2
563454,77,194.55,2
563465,48,134.4,2
563467,4,10.97,2
563468,16,65.2,2
563476,246,409.22,0
563477,73,147.69,2
563480,1,2.45,2
563482,7,29.85,2
563498,136,174.98,2
563499,70,115.5,2
563500,296,380.64,0
563501,14,20.3,2
563502,368,498.48,0
563503,120,72.68,2
563504,156,388.72,2
563505,356,471.90000000000003,0
563506,43,41.33,2
563507,144,104.16,2
563508,115,293.13,2
563509,183,224.13,2
563510,91,123.2,2
563518,156,175.76,2
563522,173,538.93,2
563532,168,470.52,2
563533,131,162.81,2
563534,124,259.84000000000003,2
563538,192,267.87,2
563540,242,385.38,2
563543,265,591.21,0
563544,24,30.0,2
563546,236,358.21,2
563547,211,357.45,2
563548,42,120.30000000000001,2
563549,511,1920.96,0
563550,210,466.12,2
563551,75,146.55,2
563552,61,179.45000000000002,2
563555,248,460.49,0
563556,155,301.5,2
563557,2211,2845.39,1
563558,463,1239.89,0
563559,12,34.68,2
563560,48,33.599999999999994,2
563561,88,201.60000000000002,2
563562,12,30.6,2
563564,102,264.59000000000003,2
563565,410,841.24,0
563566,368,499.92,0
563567,231,328.07,2
563569,260,555.2,0
563571,49,85.13000000000001,2
563572,59,147.86,2
563573,1,2.95,2
563574,153,209.95,2
563576,36,30.599999999999998,2
563578,241,384.95,2
563579,1,1.25,2
563580,160,227.78,2
563584,293,615.27,0
563585,129,284.34000000000003,2
563589,260,2080.0,0
563590,40,154.8,2
563597,1,4.25,2
563613,1864,2932.64,1
563614,152,455.28000000000003,2
563615,152,272.5,2
563617,274,465.52000000000004,0
563619,218,330.44,2
563620,93,223.75,2
563621,123,270.84000000000003,2
563622,25,98.55000000000001,2
563623,24,102.0,2
563626,284,333.12,0
563638,277,671.63,0
563656,112,283.40000000000003,2
563657,24,37.2,2
563658,104,302.96,2
563661,292,418.13,0
563662,227,377.21000000000004,2
563674,186,271.32,2
563680,201,327.97,2
563685,38,131.85,2
563686,206,336.1,2
563687,4,8.32,2
563688,405,532.34,0
563689,27,103.0,2
563690,153,273.31,2
563691,249,390.79,0
563692,47,235.15,2
563694,70,196.1,2
563695,74,221.84,2
563696,76,145.04,2
563697,147,162.79,2
563698,97,216.2,2
563699,312,595.24,0
563703,117,128.54,2
563705,203,202.09,2
563706,341,395.43,0
563707,6,9.9,2
563708,108,237.3,2
563709,249,351.65999999999997,2
563710,16,27.04,2
563711,50,64.9,2
563712,192,261.74,2
563714,243,543.85,0
563717,8,15.8,2
563718,194,506.90000000000003,2
563719,36,87.96,2
563720,196,300.51,2
563721,74,97.7,2
563722,130,202.04,2
563723,164,315.96000000000004,2
563726,68,50.099999999999994,2
563728,68,152.84,2
563729,24,142.8,2
563730,346,527.52,0
563731,44,82.7,2
563732,102,151.57999999999998,2
563733,335,528.91,0
563734,217,254.87,2
563735,252,281.42,2
563736,24,61.2,2
563737,57,157.47,2
563738,22,67.68,2
563739,349,176.22,0
563740,12,71.4,2
563741,121,234.75,2
563743,48,111.2,2
563744,134,157.89,2
563745,634,1070.84,0
563746,192,251.92,2
563747,48,110.4,2
563748,200,222.7,2
563749,234,386.90000000000003,2
563750,84,193.2,2
563753,456,520.04,0
563754,114,220.18,2
563755,250,299.97,2
563756,339,481.76,0
563764,41,100.3,2
563771,81,149.06,2
563776,99,239.37,2
563808,212,409.36,2
563812,30,52.5,2
563818,30,49.5,2
563819,20,135.0,2
563821,144,212.8,2
563822,118,261.90000000000003,2
563830,69,104.23,2
563831,24,94.80000000000001,2
563832,15,35.93,2
563833,190,315.5,2
563834,220,233.32,2
563835,80,166.4,2
563836,48,69.28,2
563837,150,306.1,2
563839,58,113.5,2
563840,52,50.379999999999995,2
563841,24,121.2,2
563842,145,379.35,2
563843,56,100.44,2
563844,222,310.82,2
563845,311,261.06,0
563846,42,128.7,2
563847,71,166.57,2
563848,554,882.57,0
563849,81,126.50999999999999,2
563850,13,72.08,2
563851,4,15.0,2
563852,30,70.5,2
563854,514,541.9,0
563855,282,546.9,0
563857,72,126.0,2
563858,124,290.0,2
563890,92,137.52,2
563892,10,21.6,2
563893,13,27.36,2
563895,120,350.4,2
563896,92,305.4,2
563897,33,110.55,2
563898,24,13.2,2
563901,3,13.25,2
563903,124,206.69,2
563905,140,257.2,2
563906,209,405.15,2
563907,78,316.98,2
563908,62,129.17,2
563909,387,669.61,0
563910,87,377.25,2
563911,198,295.33,2
563912,323,767.37,0
563913,145,389.0,2
563914,185,288.83,2
563915,89,116.53,2
563916,32,87.14,2
563917,296,491.16,0
563919,36,81.47999999999999,2
563920,203,345.11,2
563921,2,15.9,2
563922,84,135.24,2
563923,24,30.0,2
563924,395,636.03,0
563925,52,118.5,2
563926,184,326.4,2
563927,162,161.78,2
563928,321,593.87,0
563929,47,101.01,2
563930,6,10.02,2
563931,281,722.87,0
563932,8,39.6,2
563933,232,364.12,2
563934,25,52.0,2
563935,240,362.03000000000003,2
563936,76,153.6,2
563937,516,775.64,0
563938,28,125.80000000000001,2
563939,58,114.94000000000001,2
563940,368,721.54,0
563941,45,144.45,2
563942,70,137.22,2
563943,148,291.32,2
563944,556,940.9,0
563945,64,66.24,2
563946,147,290.61,2
563947,90,233.1,2
563949,60,283.8,2
563950,190,353.76,2
563951,86,155.20000000000002,2
563952,229,574.17,0
563953,208,303.8,2
563954,375,961.0500000000001,0
563955,30,82.97999999999999,2
563956,50,95.4,2
563981,8,13.2,2
563982,56,114.96000000000001,2
564016,99,205.9,2
564017,112,185.5,2
564018,5,4.25,2
564019,102,153.72,2
564020,234,353.76,2
564021,10,24.03,2
564022,199,287.84,2
564023,70,125.7,2
564034,286,300.9,0
564037,173,148.6,2
564038,90,151.98000000000002,2
564039,312,452.56,0
564040,12,17.4,2
564042,128,185.14,2
564043,226,144.66,2
564044,62,99.21,2
564047,25,10.5,2
564048,16,40.8,2
564049,271,181.37,2
564050,551,743.05,0
564051,55,214.33,2
564052,118,246.64000000000001,2
564053,155,230.7,2
564055,92,307.8,2
564056,205,402.51,2
564057,120,379.6,2
564058,130,201.10000000000002,2
564059,106,229.4,2
564060,251,367.52,2
564061,420,873.55,0
564062,156,488.40000000000003,2
564065,1142,1588.95,1
564066,198,261.82,2
564067,18,39.900000000000006,2
564075,34,69.53999999999999,2
564077,23,63.57,2
564078,210,409.76,2
564079,289,577.64,0
564083,124,304.2,2
564087,476,1432.0,0
564088,94,168.20000000000002,2
564089,20,41.8,2
564090,309,392.55,0
564091,254,365.93,0
564092,130,306.3,2
564093,377,706.5,0
564095,46,155.68,2
564096,24,102.0,2
564133,82,155.1,2
564135,269,424.4,0
564136,156,238.34,2
564137,75,240.35000000000002,2
564139,105,205.45999999999998,2
564140,359,379.17,0
564141,202,318.51,2
564143,78,177.9,2
564144,287,154.59,2
564145,258,361.1,0
564147,278,386.4,0
564148,80,98.88,2
564149,42,300.9,2
564150,508,1099.09,0
564158,108,181.2,2
564159,54,96.3,2
564161,106,160.91000000000003,2
564162,213,367.34000000000003,2
564163,12,15.0,2
564165,221,492.63000000000005,0
564166,407,406.77000000000004,0
564167,489,951.96,0
564168,100,128.31,2
564170,202,158.94,2
564171,36,101.16,2
564172,273,600.0,0
564173,318,725.42,0
564174,205,379.27000000000004,2
564181,234,327.93,2
564182,112,315.6,2
564184,396,519.28,0
564185,4,13.600000000000001,2
564186,265,476.65000000000003,0
564187,156,237.21,2
564188,58,114.06,2
564189,244,277.76,2
564190,178,375.19,2
564191,146,260.33,2
564192,96,238.72,2
564195,124,231.36,2
564197,220,299.04,2
564198,148,150.44,2
564199,133,264.53,2
564200,50,61.99,2
564201,227,371.82,2
564202,22,57.5,2
564203,80,211.20000000000002,2
564205,1,6.95,2
564216,274,313.5,0
564219,12,35.400000000000006,2
564221,538,2110.41,0
564222,24,32.4,2
564223,93,255.15,2
564224,242,330.74,2
564226,105,148.26,2
564227,174,365.82,2
564228,36,37.8,2
564230,488,1990.83,0
564231,42,108.62,2
564246,156,338.2,2
564248,28,113.4,2
564256,586,591.78,0
564268,94,216.41,2
564300,174,246.99,2
564301,533,722.75,0
564302,222,185.7,2
564303,219,392.13,2
564304,45,110.13,2
564305,299,696.75,0
564306,136,496.88000000000005,2
564307,36,83.35,2
564308,227,367.65000000000003,2
564309,70,83.58,2
564313,88,136.44,2
564314,103,230.61,2
564315,83,115.24,2
564316,212,391.68,2
564317,178,310.76,2
564318,24,40.56,2
564319,42,78.02,2
564321,54,136.4,2
564322,48,11.52,2
564324,52,217.0,2
564326,27,22.4,2
564327,8,61.2,2
564328,176,347.92,2
564329,28,49.8,2
564330,71,203.60000000000002,2
564332,72,147.12,2
564333,96,116.16,2
564334,61,163.5,2
564335,221,426.44,2
564336,71,101.66,2
564337,77,158.75,2
564338,6,15.3,2
564339,36,33.0,2
564342,434,465.44,0
564346,576,772.89,0
564350,160,159.44,2
564351,32,134.4,2
564352,182,292.5,2
564353,1015,1385.1200000000001,1
564354,12,17.4,2
564355,283,343.09000000000003,0
564356,415,669.13,0
564357,62,137.96,2
564358,11,36.52,2
564359,116,288.63,2
564360,248,374.46,2
564361,6,22.5,2
564363,238,247.5,2
564364,6,17.700000000000003,2
564365,41,111.87,2
564366,161,351.93,2
564367,73,200.75,2
564370,20,74.6,2
564371,130,268.4,2
564372,754,957.02,0
564373,38,114.9,2
564374,44,97.0,2
564375,142,345.1,2
564376,44,73.72,2
564377,87,139.51,2
564378,284,421.54,0
564379,268,602.5600000000001,0
564380,108,93.47999999999999,2
564383,16,66.4,2
564398,30,86.10000000000001,2
564419,20,17.0,2
564428,52,51.559999999999995,2
564429,132,54.839999999999996,2
564430,102,204.54,2
564431,4,15.8,2
564432,264,490.42,0
564433,119,278.69,2
564434,102,217.02,2
564436,162,229.47,2
564437,361,472.54,0
564438,256,496.3,0
564439,47,65.32000000000001,2
564440,67,121.25,2
564471,170,225.1,2
564473,195,295.3,2
564474,6,28.5,2
564476,164,236.4,2
564477,20,89.71999999999998,2
564479,204,434.40000000000003,2
564480,240,318.92,2
564482,230,171.0,2
564483,447,485.98,0
564484,96,132.86,2
564485,1,4.95,2
564489,308,645.5600000000001,0
564495,92,303.78,2
564496,190,306.31,2
564503,148,284.58,2
564507,192,182.16,2
564510,469,412.44,0
564516,153,581.15,2
564526,397,550.75,0
564531,144,292.44,2
564532,58,149.14,2
564534,46,93.28,2
564535,211,349.55,2
564536,175,333.27,2
564537,92,128.74,2
564538,46,112.86,2
564539,190,263.36,2
564540,10,22.46,2
564541,159,332.57,2
564542,96,184.0,2
564543,65,99.51,2
564544,70,124.1,2
564551,138,314.70000000000005,2
564552,454,630.13,0
564553,104,150.35,2
564554,124,157.18,2
564555,19,51.300000000000004,2
564556,15,39.34,2
564557,35,80.17999999999999,2
564558,160,320.6,2
564559,242,434.74,0
564560,48,60.0,2
564562,240,333.44,2
564563,12,9.96,2
564565,396,607.22,0
564572,310,577.94,0
564573,49,110.85,2
564574,12,15.0,2
564614,37,130.99,2
564626,110,373.08000000000004,2
564627,220,337.24,2
564628,1,7.5,2
564630,405,681.11,0
564631,267,346.01,0
564632,188,353.23,2
564634,114,245.24,2
564635,387,551.03,0
564636,2,15.9,2
564637,62,123.38000000000001,2
564638,190,260.74,2
564639,71,143.74,2
564640,338,388.12,0
564641,24,46.8,2
564642,540,257.98,0
564643,180,301.92,2
564646,275,987.1899999999999,0
564647,99,118.58,2
564648,466,581.82,0
564650,24,189.6,2
564653,66,75.17999999999999,2
564654,270,497.34000000000003,0
564656,139,272.41,2
564657,257,320.7,2
564660,431,735.67,0
564661,313,485.16,0
564665,1,1.1,2
564666,68,108.39,2
564668,141,329.67,2
564670,546,677.47,0
564710,135,194.85,2
564712,54,202.68,2
564713,40,90.49000000000001,2
564714,12,35.400000000000006,2
564715,91,114.04,2
564716,188,352.23,2
564717,24,44.88,2
564718,74,127.24,2
564719,231,161.74,2
564720,4,19.8,2
564721,72,139.20000000000002,2
564722,69,106.26,2
564723,12,30.180000000000003,2
564724,260,264.73,2
564725,120,207.79,2
564726,216,251.59,2
564727,376,527.4,0
564729,193,290.86,2
564731,210,324.98,2
564732,129,233.67000000000002,2
564733,287,485.63,0
564734,651,1130.75,0
564735,415,405.75,0
564736,156,268.2,2
564737,70,186.9,2
564738,23,44.370000000000005,2
564739,69,118.41,2
564740,102,167.08,2
564741,6,17.700000000000003,2
564742,89,139.02,2
564743,45,77.02,2
564744,70,178.7,2
564745,99,212.84,2
564746,112,315.72,2
564747,314,339.72,0
564749,122,260.78000000000003,2
564750,200,301.2,2
564752,418,1543.3,0
564753,439,578.09,0
564754,460,1428.46,0
564755,252,670.22,0
564756,410,1008.64,0
564757,319,971.12,0
564758,345,1003.72,0
564760,328,881.9499999999999,0
564764,6,10.67,2
564785,7,7.09,2
564800,207,274.33,2
564803,180,404.16,2
564815,32,74.1,2
564816,69,165.43,2
564817,378,904.37,0
564818,508,1119.74,0
564820,263,634.18,0
564821,73,221.46,2
564825,347,1083.76,0
564835,341,1051.23,0
564837,389,1121.99,0
564838,437,1216.33,0
564839,56,146.16000000000003,2
564840,358,893.84,0
564841,316,1184.2,0
564842,104,186.03,2
564843,122,177.99,2
564844,1,3.82,2
564846,142,309.38,2
564847,8,13.4,2
564848,68,92.6,2
564849,314,512.3,0
564850,151,248.66,2
564851,172,194.96,2
564852,47,109.7,2
564853,146,153.98,2
564855,194,203.74,2
564856,693,2210.91,1
564857,408,1630.97,0
564860,218,278.84000000000003,2
564863,242,355.18,2
564866,102,107.94999999999999,2
564868,136,329.24,2
564872,116,293.36,2
564895,1,5.95,2
564896,384,292.68,0
564897,40,150.0,2
564901,120,91.44,2
564902,64,110.76,2
564904,137,200.34,2
564912,198,370.06,2
564943,99,258.75,2
564950,124,194.42,2
564951,1,8.25,2
564953,28,146.6,2
564954,6,2.34,2
564957,71,175.25,2
564958,333,682.19,0
564959,52,116.56,2
564961,40,61.38,2
564962,161,189.8,2
564963,152,237.9,2
564965,135,141.4,2
564966,24,34.8,2
564967,30,102.48,2
564972,458,791.5400000000001,0
564974,393,1048.0,0
564975,45,88.64999999999999,2
564976,110,181.98,2
564995,170,250.4,2
565014,4,19.8,2
565056,101,242.83,2
565067,379,465.56,0
565076,1,1.65,2
565080,32,40.0,2
565082,12,49.8,2
565083,160,286.82,2
565086,7,52.5,2
565087,11,43.230000000000004,2
565088,215,283.21,2
565090,24,43.800000000000004,2
565091,195,299.25,2
565092,233,307.62,2
565093,36,124.20000000000002,2
565114,362,279.82,0
565115,73,168.95,2
565116,256,851.52,0
565117,774,1706.72,0
565118,174,454.82,2
565119,302,237.4,2
565120,72,183.60000000000002,2
565121,46,149.70000000000002,2
565122,137,213.37,2
565124,209,429.01,2
565125,42,109.5,2
565126,8,26.200000000000003,2
565127,24,118.8,2
565128,43,192.45,2
565129,249,497.27,0
565133,162,322.98,2
565141,205,295.24,2
565143,2,3.3,2
565144,190,395.2,2
565147,228,341.12,2
565149,202,134.57999999999998,2
565150,2083,3830.35,1
565151,142,356.37,2
565152,250,386.66,0
565153,102,143.8,2
565154,30,49.5,2
565155,120,398.4,2
565156,221,305.28000000000003,2
565158,20,25.0,2
565186,135,111.03,2
565192,7,11.55,2
565197,136,199.76,2
565198,180,296.58,2
565199,20,123.0,2
565200,67,79.55,2
565201,364,561.0600000000001,0
565202,23,48.85,2
565204,342,241.64,0
565205,12,59.400000000000006,2
565206,6,15.3,2
565207,109,243.49,2
565208,100,305.96000000000004,2
565209,79,112.75,2
565210,149,62.99,2
565211,45,65.07000000000001,2
565212,25,77.31,2
565214,132,591.0,2
565216,28,114.60000000000001,2
565218,383,516.0,0
565219,334,387.52,0
565220,46,114.50000000000001,2
565221,84,226.6,2
565223,106,310.24,2
565224,108,179.88,2
565225,48,94.72,2
565226,174,214.4,2
565230,229,1002.86,0
565231,343,956.52,0
565232,281,823.4399999999999,0
565233,446,1298.09,0
565234,407,1207.19,0
565235,484,402.0,0
565236,232,399.34000000000003,2
565238,134,301.85,2
565239,228,440.98,0
565242,128,76.56,2
565243,441,617.9300000000001,0
565244,57,125.44999999999999,2
565245,108,102.0,2
565246,144,211.98000000000002,2
565247,16,80.4,2
565248,71,104.36,2
565249,78,115.31,2
565250,60,120.5,2
565251,27,11.309999999999999,2
565261,264,420.56,0
565286,119,439.39,2
565287,162,291.45,2
565289,138,489.98,2
565292,312,553.08,0
565295,227,317.0,2
565303,173,255.26,2
565309,8,15.8,2
565312,68,128.07,2
565315,151,227.33,2
565316,197,311.85,2
565317,92,329.9,2
565318,202,362.54,2
565320,97,189.76999999999998,2
565321,86,91.38,2
565322,54,65.1,2
565324,99,132.1,2
565325,110,250.23999999999998,2
565326,52,87.37,2
565327,132,267.8,2
565328,28,105.0,2
565329,58,107.36,2
565330,20,33.0,2
565331,61,115.1,2
565332,188,305.22,2
565333,86,190.3,2
565338,92,82.36,2
565346,6,16.5,2
565350,114,180.47000000000003,2
565366,264,670.2,0
565367,12,7.439999999999999,2
565378,334,1458.19,0
565381,126,314.38,2
565383,33,75.97,2
565384,114,246.58,2
565386,135,189.55,2
565388,201,449.3,2
565396,343,968.34,0
565397,162,308.44,2
565398,175,401.68,2
565399,8,3.12,2
565400,1,1.65,2
565401,147,264.84,2
565404,60,72.84,2
565405,92,186.04,2
565406,94,138.78,2
565407,196,290.18,2
565408,70,107.53,2
565409,173,195.9,2
565410,261,657.69,0
565411,217,400.7,2
565412,16,26.8,2
565413,233,431.73,0
565414,85,121.2,2
565415,82,149.46,2
565416,402,322.65999999999997,0
565417,142,230.54,2
565418,19,59.75,2
565419,200,388.26,2
565420,83,309.15,2
565421,94,148.42,2
565423,38,73.86,2
565424,84,226.24,2
565426,104,104.91,2
565427,79,211.84,2
565429,55,156.62,2
565430,286,301.84,0
565431,350,461.64,0
565432,103,225.61,2
565433,6,49.5,2
565434,700,646.74,0
565435,8,34.0,2
565436,172,221.2,2
565437,259,551.25,0
565438,77,161.05,2
565439,327,487.91,0
565440,208,650.28,0
565441,57,110.04,2
565442,346,626.44,0
565443,464,743.52,0
565444,31,95.95,2
565445,145,283.58,2
565446,200,400.24,2
565447,322,577.7,0
565448,19,49.65,2
565449,24,34.8,2
565450,131,247.65,2
565451,311,677.77,0
565452,132,226.72,2
565453,374,582.9,0
565454,49,117.15,2
565455,53,62.61,2
565456,126,178.74,2
565457,164,454.8,2
565458,142,352.9,2
565459,48,180.0,2
565460,416,462.64,0
565461,101,214.85,2
565462,117,120.63,2
565463,166,208.3,2
565464,8,31.6,2
565465,409,581.39,0
565466,82,147.7,2
565467,142,292.38,2
565468,13,51.550000000000004,2
565470,200,228.8,2
565471,436,577.92,0
565472,148,275.52,2
565473,236,388.6,2
565478,137,193.32,2
565479,134,239.03,2
565481,30,105.22,2
565488,30,135.1,2
565491,86,299.06,2
565513,228,303.96000000000004,2
565515,213,457.8,2
565519,147,505.65000000000003,2
565541,535,565.55,0
565542,254,415.94,0
565563,64,128.04,2
565565,28,77.74,2
565569,18,48.3,2
565577,2,7.5,2
565579,95,134.9,2
565580,200,390.28,2
565583,47,179.6,2
565584,165,315.17,2
565585,232,306.82,2
565586,24,33.04,2
565587,70,399.06,2
565588,169,219.67,2
565593,207,340.07,2
565594,274,298.57,2
565595,297,447.62,0
565596,202,286.37,2
565598,78,213.04,2
565610,226,357.34,2
565611,238,401.94,0
565612,176,342.1,2
565613,250,229.2,2
565614,41,82.75,2
565616,318,333.6,0
565617,400,1109.96,0
565618,336,327.98,0
565631,66,190.66,2
565643,95,152.75,2
565644,60,121.56,2
565648,189,223.35,2
565649,150,413.0,2
565664,413,367.94,0
565665,237,418.61,0
565667,98,140.86,2
565668,3,18.75,2
565670,204,429.96000000000004,2
565672,294,474.66,0
565673,104,340.56,2
565674,70,179.38,2
565675,383,1387.8300000000002,0
565676,34,163.8,2
565677,90,168.5,2
565678,12,17.4,2
565679,18,98.1,2
565682,379,624.01,0
565684,144,189.6,2
565685,96,81.6,2
565723,38,79.80000000000001,2
565724,22,77.9,2
565725,494,535.02,0
565726,726,1042.44,0
565727,265,332.89,2
565728,232,366.1,2
565729,12,25.200000000000003,2
565730,115,279.8,2
565731,68,125.0,2
565732,140,257.8,2
565733,4,15.0,2
565734,169,295.96,2
565737,171,286.98,2
565738,165,328.5,2
565740,24,195.6,2
565741,18,78.0,2
565747,103,315.65,2
565748,669,2525.4700000000003,1
565749,44,118.92000000000002,2
565750,110,116.84,2
565751,115,258.64,2
565753,12,99.0,2
565754,48,64.8,2
565755,2,6.5,2
565756,152,366.64000000000004,2
565757,40,139.20000000000002,2
565758,106,147.1,2
565759,173,186.73000000000002,2
565760,10,16.5,2
565763,48,69.6,2
565764,5,14.85,2
565765,316,484.3,0
565766,357,540.65,0
565767,346,1483.67,0
565768,82,163.4,2
565769,162,280.8,2
565776,39,70.85,2
565777,20,88.80000000000001,2
565778,58,147.10000000000002,2
565779,353,443.99,0
565780,32,64.0,2
565781,334,466.78000000000003,0
565782,55,44.17,2
565784,89,222.20000000000002,2
565788,220,293.0,2
565790,148,268.46,2
565792,76,109.92,2
565794,12,30.6,2
565795,146,230.78,2
565796,226,266.48,2
565800,405,701.27,0
565801,263,469.74,0
565802,81,130.55,2
565803,424,821.75,0
565805,120,198.0,2
565806,317,503.31,0
565807,168,298.2,2
565808,4,23.0,2
565835,44,100.47,2
565836,398,579.76,0
565838,102,373.50000000000006,2
565839,187,313.6,2
565840,484,1269.83,0
565841,341,896.06,0
565842,108,149.64000000000001,2
565844,244,301.39,2
565845,282,463.5,0
565846,60,121.5,2
565847,467,1982.82,0
565849,188,309.76000000000005,2
565850,210,436.2,2
565851,261,402.63,0
565852,7,14.1,2
565853,157,325.19,2
565854,538,828.82,0
565855,308,324.96,0
565856,19,68.85,2
565857,851,1318.61,0
565859,300,412.03000000000003,0
565860,24,9.36,2
565861,4,20.8,2
565862,101,258.55,2
565863,121,188.23,2
565865,679,1244.4,0
565877,34,152.34,2
565915,340,480.52,0
565916,178,384.7,2
565917,376,1076.3,0
565918,65,115.23,2
565919,437,1130.92,0
565920,349,524.7,0
565921,146,416.90000000000003,2
565922,186,254.82,2
565923,100,172.8,2
565924,84,79.56,2
565926,128,228.6,2
565927,449,1001.83,0
565928,352,647.42,0
565930,644,967.1800000000001,0
565931,209,368.31,2
565932,86,212.05,2
565934,230,349.77,2
565937,50,106.84,2
565967,636,1371.5,0
565971,179,282.68,2
565975,1,2.08,2
565990,260,371.7,0
565993,82,263.5,2
565994,35,94.79,2
565995,182,377.54,2
566001,11,14.99,2
566005,86,141.79,2
566006,192,226.38,2
566008,91,153.99,2
566010,412,376.43,0
566013,242,412.40000000000003,0
566014,115,193.07999999999998,2
566015,78,45.78,2
566016,440,548.4,0
566017,278,388.08,0
566018,246,445.64,0
566019,112,369.34,2
566020,8,10.0,2
566021,142,178.29000000000002,2
566022,10,49.5,2
566023,244,339.24,2
566024,192,436.40000000000003,2
566025,65,159.79,2
566026,24,74.4,2
566027,91,121.81,2
566033,199,212.42000000000002,2
566035,286,413.58,0
566038,73,191.73000000000002,2
566039,191,299.09,2
566040,237,340.39,2
566041,434,858.18,0
566042,90,182.9,2
566043,86,233.56,2
566044,12,25.200000000000003,2
566046,18,42.900000000000006,2
566047,92,114.47999999999999,2
566048,131,245.5,2
566049,173,291.89,2
566050,52,131.8,2
566051,56,86.0,2
566052,24,30.0,2
566053,76,111.03,2
566054,124,187.8,2
566055,93,193.44,2
566056,6,4.11,2
566057,210,164.47,2
566058,72,89.52000000000001,2
566060,440,1262.82,0
566061,128,282.6,2
566062,59,196.95,2
566063,96,170.88,2
566072,5,17.82,2
566073,86,277.18,2
566074,90,222.3,2
566075,105,205.67000000000002,2
566076,321,582.7,0
566077,108,195.36,2
566079,394,701.5400000000001,0
566081,93,236.99,2
566082,34,58.099999999999994,2
566083,24,60.0,2
566085,101,175.75,2
566086,54,355.2,2
566087,224,493.4,0
566091,125,133.85,2
566092,289,558.62,0
566094,226,335.43,2
566115,244,366.4,2
566117,10,15.5,2
566123,130,257.17,2
566124,144,262.74,2
566162,149,282.31,2
566163,679,1244.4,0
566164,368,1546.8,0
566169,164,123.32,2
566170,58,140.5,2
566171,95,140.43,2
566172,176,281.6,2
566173,144,171.56,2
566175,104,158.96,2
566178,49,141.9,2
566179,149,373.69,2
566186,262,280.12,2
566188,92,160.2,2
566189,61,108.3,2
566190,315,189.5,2
566191,208,417.16,2
566192,36,165.20000000000002,2
566193,506,892.1,0
566194,86,185.5,2
566195,967,1995.5900000000001,1
566196,8,46.8,2
566198,74,303.05,2
566199,187,379.51,2
566200,92,101.83,2
566201,18,98.1,2
566202,206,317.84,2
566203,126,289.95,2
566204,166,340.38,2
566206,7,34.65,2
566208,9,7.65,2
566213,722,1551.16,0
566215,27,89.25,2
566217,53,94.0,2
566218,6,35.7,2
566219,700,1001.36,0
566220,168,708.72,0
566221,373,1008.37,0
566224,3,6.24,2
566225,29,77.55,2
566226,51,184.65,2
566227,72,421.5,2
566229,62,174.84,2
566230,250,295.64,2
566231,210,303.94,2
566232,82,175.04,2
566233,611,777.5500000000001,0
566234,101,227.29000000000002,2
566235,202,418.06,2
566236,54,110.10000000000001,2
566237,20,57.900000000000006,2
566238,36,121.32,2
566239,232,510.62,0
566240,68,114.86,2
566241,12,11.4,2
566242,48,126.6,2
566244,60,126.00000000000001,2
566245,198,451.97,2
566246,36,175.8,2
566247,20,99.0,2
566248,72,140.96,2
566249,195,403.65,2
566251,134,155.03,2
566253,19,11.97,2
566254,90,384.9,2
566255,108,376.2,2
566256,42,94.38,2
566257,72,183.60000000000002,2
566258,464,1030.01,0
566261,156,305.94,2
566262,71,130.15,2
566264,54,84.98,2
566265,74,103.30000000000001,2
566266,195,183.44,2
566267,189,238.31,2
566268,80,238.24,2
566269,246,223.36,2
566270,280,642.06,0
566271,814,1180.91,0
566272,263,386.87,0
566273,107,245.32999999999998,2
566274,106,266.0,2
566275,235,395.44,2
566276,276,253.98,2
566277,186,305.62,2
566278,57,187.55,2
566279,279,238.15,2
566281,1231,1822.13,1
566282,216,827.28,0
566283,374,487.4,0
566284,72,160.20000000000002,2
566285,262,433.44,0
566286,204,311.4,2
566287,47,112.12,2
566288,62,217.48000000000002,2
566289,128,231.56,2
566290,572,737.68,0
566291,270,652.16,0
566292,250,401.66,0
566293,263,302.78000000000003,2
566294,95,290.81,2
566295,327,231.63,0
566296,77,169.88,2
566297,55,89.52,2
566298,167,126.66,2
566299,200,329.44,2
566300,118,299.34000000000003,2
566301,56,114.84,2
566302,1,8.25,2
566303,128,234.18,2
566304,254,343.8,2
566305,171,369.73,2
566306,178,232.94,2
566307,317,589.23,0
566308,124,187.92000000000002,2
566309,24,31.599999999999998,2
566310,218,752.4200000000001,0
566311,78,170.1,2
566312,158,283.03,2
566314,370,385.96,0
566315,314,326.48,0
566317,350,607.1800000000001,0
566318,30,62.400000000000006,2
566319,452,675.6800000000001,0
566320,176,348.48,2
566321,1,5.95,2
566322,76,145.72,2
566326,134,329.22,2
566328,48,69.6,2
566329,46,148.17,2
566345,548,927.91,0
566361,34,71.7,2
566364,258,324.14,2
566393,166,331.94,2
566394,212,317.96,2
566395,148,508.6,2
566396,262,477.24,0
566397,83,142.82,2
566398,41,139.05,2
566399,230,527.9,0
566400,830,1330.84,0
566402,96,107.52000000000001,2
566403,50,338.7,2
566405,276,615.48,0
566408,585,936.1800000000001,0
566420,94,205.10999999999999,2
566421,75,149.52,2
566422,82,183.08,2
566424,262,381.5,0
566425,106,175.9,2
566426,100,183.24,2
566427,183,283.26,2
566428,228,224.04000000000002,2
566429,12,25.200000000000003,2
566431,254,303.36,2
566432,132,88.56,2
566433,82,177.78,2
566434,244,595.69,0
566435,60,222.6,2
566438,43,142.87,2
566439,18,42.900000000000006,2
566440,146,254.86,2
566441,148,289.44,2
566442,166,223.54,2
566443,140,254.0,2
566444,175,286.19,2
566446,289,756.49,0
566447,36,166.32,2
566448,18,60.3,2
566450,419,701.58,0
566451,426,711.03,0
566452,53,81.88,2
566453,48,84.5,2
566455,10,21.0,2
566465,2,3.35,2
566477,180,399.74,2
566479,24,61.2,2
566480,120,266.97,2
566482,618,1260.28,0
566483,249,414.82,0
566484,168,193.6,2
566485,110,147.7,2
566486,112,293.14,2
566487,12,35.400000000000006,2
566488,83,227.97,2
566489,206,451.21999999999997,2
566491,180,218.64,2
566495,753,765.58,0
566518,63,130.71,2
566520,60,151.24,2
566534,334,1365.03,0
566537,80,206.4,2
566539,261,368.72,0
566554,356,870.4,0
566555,28,96.6,2
566557,88,327.6,2
566558,61,142.69,2
566559,145,318.57,2
566560,180,349.04,2
566561,972,1079.47,0
566562,827,979.25,0
566563,212,296.64,2
566564,315,259.05,0
566566,98,231.14,2
566567,139,303.65000000000003,2
566571,646,1182.32,0
566572,171,367.45000000000005,2
566576,95,144.0,2
566577,233,908.28,0
566580,372,603.2,0
566581,764,1269.9,0
566582,238,519.38,0
566583,74,250.70000000000002,2
566585,168,332.56,2
566586,44,46.2,2
566587,194,300.94,2
566588,74,191.78,2
566589,209,543.25,0
566590,221,253.38,2
566591,445,539.95,0
566592,296,303.28,0
566594,49,117.35000000000001,2
566596,52,101.72,2
566597,155,396.91,2
566598,36,130.2,2
566599,278,373.2,0
566600,270,377.28000000000003,0
566601,47,149.44,2
566602,371,918.17,0
566603,319,979.0899999999999,0
566604,306,365.1,0
566605,121,266.36,2
566606,229,305.37,2
566607,172,458.55,2
566610,1,1.65,2
566612,220,577.4,0
566616,139,230.05,2
566617,196,721.8,0
566618,42,114.30000000000001,2
566620,126,185.22,2
566621,174,417.34000000000003,2
566622,175,393.13,2
566623,72,50.879999999999995,2
566624,127,272.01000000000005,2
566625,441,604.49,0
566627,60,99.0,2
566628,4,17.0,2
566629,281,568.87,0
566630,96,157.20000000000002,2
566631,12,42.239999999999995,2
566632,46,69.6,2
566633,96,299.03999999999996,2
566634,44,102.36,2
566647,132,163.68,2
566648,29,113.15,2
566649,72,181.92000000000002,2
566667,123,148.29,2
566668,9,53.550000000000004,2
566669,215,442.69,2
566670,12,17.4,2
566673,127,320.03000000000003,2
566674,240,459.76,0
566675,60,28.68,2
566694,176,288.0,2
566705,126,334.44,2
566707,52,79.8,2
566708,90,281.1,2
566709,110,216.5,2
566713,200,355.3,2
566717,101,175.69,2
566718,39,232.05,2
566719,18,70.30000000000001,2
566720,219,459.46000000000004,0
566721,193,405.05,2
566722,120,275.96,2
566723,75,188.49,2
566724,67,219.45000000000002,2
566726,125,305.13,2
566728,180,216.12,2
566729,19,57.839999999999996,2
566730,39,64.26,2
566731,29,61.45,2
566732,182,361.5,2
566733,147,206.68,2
566734,89,163.08,2
566735,76,130.48,2
566736,388,301.15999999999997,0
566737,317,324.67,0
566738,14,57.300000000000004,2
566739,208,222.13,2
566740,146,136.86,2
566744,60,250.0,2
566746,140,259.04,2
566747,137,176.17,2
566750,52,382.2,2
566755,12,17.4,2
566756,310,629.38,0
566757,402,893.6,0
566759,12,24.96,2
566760,137,254.18,2
566761,8,6.8,2
566769,82,151.5,2
566770,8,39.6,2
566771,364,621.96,0
566772,279,381.6,0
566773,168,414.54,2
566774,108,204.10000000000002,2
566776,177,304.45,2
566778,65,74.56,2
566781,339,479.13,0
566783,85,257.89,2
566786,326,535.44,0
566787,382,1507.3899999999999,0
566788,309,789.98,0
566789,548,821.9,0
566790,270,907.2,0
566816,350,979.8,0
566818,144,202.56,2
566819,40,147.0,2
566821,318,617.26,0
566822,181,320.68,2
566829,145,586.95,2
566833,124,203.08,2
566846,84,275.16,2
566847,136,261.15,2
566849,354,471.8,0
566850,168,229.02,2
566851,174,308.92,2
566860,157,372.25,2
566861,10,20.8,2
566862,105,248.07,2
566863,18,72.3,2
566864,107,148.38,2
566866,64,287.36,2
566868,27,40.79,2
566869,361,739.45,0
566870,84,154.2,2
566871,180,338.72,2
566872,241,311.95,2
566873,164,240.28,2
566874,4,5.9,2
566875,98,166.5,2
566891,217,614.95,0
566901,180,345.96,2
566904,198,331.84000000000003,2
566912,497,939.15,0
566913,599,855.07,0
566914,245,324.58,2
566915,172,285.48,2
566917,262,891.9,0
566918,4,33.0,2
566921,18,38.3,2
566922,244,596.58,0
566923,34,116.6,2
566926,48,115.2,2
566928,54,84.47999999999999,2
566929,374,1120.6,0
566930,284,508.8,0
566932,116,226.85,2
566933,320,1465.6,0
566938,200,287.44,2
566949,419,1075.56,0
566950,330,678.1800000000001,0
566951,91,157.26000000000002,2
566952,434,1169.1799999999998,0
566954,12,19.8,2
566959,269,369.63,0
566962,42,93.93,2
566964,6,7.5,2
566967,171,329.27,2
566968,76,171.8,2
566969,146,148.5,2
566971,138,253.91,2
566972,247,353.98,2
566973,168,298.78000000000003,2
566974,50,91.7,2
566975,293,428.34000000000003,0
566976,1353,2251.26,1
566979,510,947.4000000000001,0
566980,164,551.88,2
566981,148,328.5,2
566984,222,346.7,2
566985,289,1211.65,0
566987,100,228.8,2
566988,272,782.08,0
567024,375,1456.74,0
567043,247,311.73,2
567062,565,811.58,0
567066,229,324.0,2
567074,145,287.40000000000003,2
567076,436,445.74,0
567077,103,186.99,2
567085,315,499.99,0
567092,737,1040.92,0
567093,111,458.05,2
567094,97,271.11,2
567095,279,598.2900000000001,0
567096,113,238.70000000000002,2
567097,26,120.30000000000001,2
567099,134,238.4,2
567104,243,371.01,2
567111,170,271.28000000000003,2
567124,162,274.17,2
567126,103,220.52,2
567128,436,1013.26,0
567134,68,264.9,2
567135,12,4.68,2
567138,185,448.75,2
567139,29,135.05,2
567140,151,361.43,2
567141,120,79.92,2
567142,226,464.9,0
567144,56,85.44,2
567145,354,549.46,0
567146,25,10.5,2
567148,323,601.36,0
567153,119,244.11,2
567154,31,88.51,2
567156,84,155.3,2
567157,216,663.6,0
567158,12,13.3,2
567159,74,349.3,2
567160,15,69.65,2
567161,164,413.24,2
567162,64,228.8,2
567163,155,278.67,2
567164,145,207.04999999999998,2
567165,111,240.37,2
567166,63,193.95,2
567167,296,272.75,0
567168,64,101.24,2
567169,6,2.34,2
567170,334,557.36,0
567173,120,217.32000000000002,2
567174,116,194.45000000000002,2
567175,32,115.46000000000001,2
567176,32,96.58,2
567178,22,137.54,2
567179,120,179.68,2
567180,269,564.26,0
567181,249,129.63,2
567182,421,793.73,0
567183,2070,3078.9700000000003,1
567184,415,868.26,0
567185,114,242.77,2
567186,188,306.55,2
567189,334,505.98,0
567190,226,484.52,0
567191,192,320.6,2
567192,4,4.859999999999999,2
567193,144,417.36,2
567194,36,45.0,2
567195,107,214.97,2
567196,194,362.40000000000003,2
567197,393,792.9,0
567199,130,288.78000000000003,2
567200,420,251.16,0
567202,160,471.3,2
567203,62,86.9,2
567204,317,690.25,0
567205,146,218.72,2
567206,230,589.6,0
567211,291,367.1,0
567213,84,129.33,2
567236,100,266.9,2
567239,44,165.0,2
567252,60,80.16,2
567280,48,122.4,2
567287,25,92.35000000000001,2
567288,78,148.15,2
567290,104,471.6,2
567291,9,29.79,2
567292,19,47.38,2
567293,228,534.44,0
567294,191,330.05,2
567295,98,228.3,2
567296,173,276.11,2
567297,370,675.4300000000001,0
567298,24,20.4,2
567299,20,75.0,2
567300,189,488.81,2
567301,6,8.71,2
567302,114,197.54999999999998,2
567303,376,789.84,0
567304,68,165.32,2
567305,126,273.1,2
567306,418,961.82,0
567307,290,573.2,0
567308,6,17.700000000000003,2
567310,33,52.83,2
567311,136,174.32,2
567312,146,292.82,2
567313,42,98.30000000000001,2
567323,147,288.36,2
567324,24,61.2,2
567326,72,234.54,2
567327,102,206.94,2
567328,127,320.03,2
567329,36,173.0,2
567333,200,293.62,2
567334,156,536.98,2
567336,86,153.62,2
567338,325,310.95,0
567339,639,734.16,0
567340,427,716.83,0
567341,480,890.1,0
567343,79,75.75,2
567344,132,92.28,2
567346,48,192.0,2
567356,106,228.06,2
567368,119,261.69,2
567369,231,161.7,2
567370,224,287.64,2
567372,187,267.03000000000003,2
567373,205,294.91,2
567374,192,732.96,0
567375,183,465.45,2
567376,48,192.0,2
567378,504,874.5400000000001,0
567379,72,207.60000000000002,2
567380,173,306.63,2
567382,102,219.9,2
567383,106,262.9,2
567386,250,342.02,2
567408,32,55.76,2
567424,294,434.49,0
567425,48,192.0,2
567426,66,191.1,2
567427,4,9.49,2
567428,342,849.9200000000001,0
567429,223,520.74,0
567454,270,467.78000000000003,0
567455,12,30.6,2
567456,24,90.0,2
567457,264,374.4,0
567459,368,379.0,0
567460,70,91.81,2
567461,307,1188.6299999999999,0
567462,228,322.31,2
567470,107,233.91,2
567472,107,253.59,2
567473,161,384.84,2
567474,462,921.51,0
567475,164,242.16,2
567476,246,523.76,0
567477,300,561.0,0
567478,39,194.85,2
567481,13,39.15,2
567482,272,510.81,0
567483,110,254.54000000000002,2
567484,231,773.73,0
567485,144,233.42,2
567486,12,25.200000000000003,2
567487,24,49.92,2
567488,28,99.22,2
567489,17,65.65,2
567504,313,612.19,0
567505,97,243.75,2
567506,78,299.70000000000005,2
567507,487,1940.28,0
567508,112,241.20000000000002,2
567509,318,530.66,0
567510,78,196.02,2
567512,104,138.48000000000002,2
567513,106,305.5,2
567514,84,110.68,2
567515,62,255.3,2
567516,106,198.44,2
567517,64,178.56,2
567522,120,272.04,2
567523,124,223.08,2
567524,69,283.55,2
567525,36,109.56,2
567528,136,176.8,2
567529,29,132.55,2
567530,308,407.74,0
567531,32,53.120000000000005,2
567533,408,652.85,0
567537,42,157.5,2
567539,14,56.730000000000004,2
567542,106,201.89999999999998,2
567545,181,293.4,2
567546,24,144.6,2
567552,202,440.0,2
567578,430,424.63,0
567579,139,400.49,2
567580,230,401.34000000000003,2
567610,256,803.96,0
567611,39,97.83,2
567612,441,730.89,0
567613,443,801.34,0
567614,120,226.5,2
567615,123,149.94,2
567616,92,166.22,2
567617,62,182.22,2
567618,366,303.9,0
567619,125,189.4,2
567621,44,108.92,2
567622,51,134.11,2
567623,100,138.44,2
567625,184,244.54,2
567626,43,180.05,2
567628,130,222.10000000000002,2
567630,92,143.78,2
567631,140,406.02000000000004,2
567632,24,10.08,2
567635,338,604.9,0
567636,298,672.4000000000001,0
567637,190,365.42,2
567638,16,73.6,2
567639,202,537.9,0
567640,64,75.67999999999999,2
567642,1,4.95,2
567644,23,37.95,2
567653,563,814.88,0
567654,98,162.38,2
567656,1084,3043.54,1
567657,58,80.43,2
567658,43,136.85,2
567659,178,194.37,2
567660,138,225.42000000000002,2
567661,153,222.6,2
567662,339,659.23,0
567663,260,259.52,2
567664,206,286.0,2
567665,264,643.96,0
567666,336,516.41,0
567667,321,908.51,0
567668,384,1061.87,0
567670,430,1129.47,0
567671,473,1425.44,0
567672,147,265.76,2
567673,342,1030.12,0
567674,2,1.7,2
567675,211,581.67,0
567676,249,197.29,2
567678,139,305.17,2
567679,38,44.79,2
567683,144,218.16,2
567687,17,25.95,2
567692,173,117.11999999999999,2
567697,233,376.96000000000004,2
567698,44,126.66000000000001,2
567699,117,261.21000000000004,2
567700,294,455.48,0
567701,228,224.28,2
567702,5,30.79,2
567707,72,238.56,2
567709,323,430.87,0
567710,42,82.5,2
567718,244,367.72,2
567720,130,359.1,2
567721,132,475.08,2
567742,305,665.59,0
567756,12,25.200000000000003,2
567768,113,235.04000000000002,2
567792,378,766.7,0
567793,205,326.14,2
567794,304,516.48,0
567795,225,379.82,2
567796,303,304.96,0
567797,206,306.26,2
567798,286,739.24,0
567799,36,80.76,2
567801,100,225.4,2
567802,161,321.63,2
567804,118,201.55,2
567805,204,505.88,0
567806,88,452.84,2
567807,128,219.93,2
567808,4,12.4,2
567809,352,661.77,0
567816,82,230.8,2
567817,74,152.39,2
567818,311,620.26,0
567819,193,324.95,2
567821,207,426.43,2
567822,318,372.56,0
567823,252,378.96,0
567826,117,101.14,2
567846,140,302.8,2
567849,77,202.35,2
567850,347,538.6899999999999,0
567851,122,165.06,2
567853,724,1094.74,0
567854,264,473.96000000000004,0
567855,60,41.8,2
567856,48,56.3,2
567858,70,112.25,2
567859,394,748.46,0
567860,52,216.12,2
567864,184,432.2,2
567865,324,548.54,0
567866,372,627.9399999999999,0
567868,72,144.72,2
567869,5,0.4,2
567873,555,725.2,0
567874,36,73.8,2
567875,170,265.45,2
567878,173,235.62,2
567879,292,466.48,0
567880,375,634.85,0
567881,278,524.26,0
567882,324,499.78000000000003,0
567883,204,357.08000000000004,2
567886,112,180.8,2
567887,182,205.22,2
567888,24,118.80000000000001,2
567889,85,287.19,2
567890,964,1196.23,0
567892,186,367.70000000000005,2
567893,26,123.10000000000001,2
567894,74,157.02,2
567895,12,40.68,2
567898,244,288.7,2
567899,523,735.41,0
567900,5,10.5,2
567901,373,1027.34,0
567904,128,290.12,2
567905,304,583.26,0
567906,80,111.28,2
567907,110,252.96,2
567908,36,75.60000000000001,2
567909,91,178.53,2
567910,172,204.6,2
567911,190,174.65,2
567912,423,328.3,0
567913,47,176.20000000000002,2
567914,3,14.85,2
567915,280,360.92,0
567917,303,361.17,0
567922,73,137.75,2
567924,54,94.26,2
567928,287,572.01,0
567929,324,538.14,0
567934,32,109.19999999999999,2
567935,299,551.05,0
567936,40,178.4,2
567937,12,15.0,2
567938,136,165.55,2
567939,234,99.39999999999999,2
567941,19,78.95,2
567942,48,107.42,2
567943,56,138.79,2
567944,91,312.05,2
567951,6,17.34,2
567954,329,299.62,0
567957,66,113.1,2
567958,148,97.16,2
567959,64,75.88,2
567960,78,144.1,2
567966,51,142.05,2
567967,176,145.4,2
567968,374,640.78,0
567969,24,6.959999999999999,2
567970,55,55.93,2
567971,129,242.9,2
567972,318,371.36,0
567973,177,338.37,2
567974,1,0.95,2
567975,270,548.6,0
567976,127,259.17,2
567977,1,1.25,2
567979,258,245.64,2
567980,59,157.14,2
567981,299,1207.1200000000001,0
567982,6,9.93,2
567983,66,132.48000000000002,2
568001,96,249.48000000000002,2
568013,338,511.82,0
568040,393,555.84,0
568044,179,420.69,2
568046,83,175.19,2
568047,276,512.6800000000001,0
568048,486,937.82,0
568049,222,437.97,2
568050,118,118.71,2
568051,210,423.14,2
568054,162,310.33,2
568056,420,677.02,0
568057,335,1342.23,0
568058,488,839.76,0
568059,298,676.87,0
568060,404,693.82,0
568061,100,143.4,2
568062,512,304.42,0
568063,234,391.68,2
568064,126,315.42,2
568065,881,1398.05,0
568066,102,202.9,2
568069,510,768.7,0
568070,424,717.36,0
568075,51,94.28,2
568082,292,785.22,0
568083,300,295.2,0
568086,146,369.5,2
568094,376,595.8,0
568095,922,1647.93,1
568098,139,230.41,2
568099,25,101.95,2
568100,315,406.31,0
568101,752,974.38,0
568103,286,414.1,0
568104,229,295.25,2
568132,38,61.58,2
568134,548,1360.0,0
568135,506,1250.3899999999999,0
568136,10,29.6,2
568137,159,383.89,2
568139,140,158.44,2
568140,114,283.86,2
568141,77,173.94,2
568142,34,85.62,2
568143,217,243.85,2
568144,178,241.7,2
568145,212,597.1,0
568146,362,567.3000000000001,0
568147,75,272.25,2
568148,80,324.0,2
568149,102,361.5,2
568150,12,76.19999999999999,2
568151,139,302.2,2
568152,321,464.27,0
568153,192,283.2,2
568154,133,140.95,2
568155,98,260.86,2
568156,186,482.76000000000005,2
568158,208,553.8199999999999,0
568159,81,241.31,2
568160,202,235.74,2
568161,37,96.01,2
568162,366,863.2,0
568163,173,387.53000000000003,2
568164,423,436.73,0
568165,247,612.72,0
568166,143,99.5,2
568167,118,307.96,2
568168,379,346.01,0
568169,294,288.06,0
568170,155,202.74,2
568171,106,130.05,2
568173,464,732.65,0
568174,43,134.15,2
568175,58,102.42,2
568176,110,191.85000000000002,2
568177,185,378.69,2
568178,22,84.9,2
568179,134,237.29999999999998,2
568180,224,195.79,2
568181,346,299.1,0
568182,22,112.9,2
568183,263,210.85,2
568185,60,139.94,2
568186,58,121.19,2
568187,110,264.8,2
568188,278,439.09000000000003,0
568189,158,395.5,2
568190,10,20.8,2
568191,726,932.61,0
568192,88,279.6,2
568193,583,1543.35,0
568194,123,191.56,2
568196,144,248.14,2
568197,344,383.36,0
568198,203,349.09,2
568199,57,186.95,2
568200,121,319.281,2
568201,93,305.75,2
568202,471,424.4,0
568203,158,371.5,2
568204,282,349.7,0
568205,108,318.0,2
568206,47,66.0,2
568207,408,644.84,0
568208,174,283.02,2
568209,60,130.20000000000002,2
568210,241,398.22,0
568211,320,213.6,0
568212,84,194.83,2
568213,182,288.12,2
568215,116,304.68,2
568216,86,163.02,2
568217,11,5.33,2
568218,203,309.51,2
568219,40,97.4,2
568220,334,350.72,0
568221,222,355.72,2
568222,117,185.85,2
568223,180,292.22,2
568224,69,123.97,2
568225,74,129.85000000000002,2
568226,128,125.94,2
568227,101,144.23,2
568228,455,498.21,0
568229,60,164.58,2
568230,257,355.81,0
568231,116,127.75,2
568234,166,223.92,2
568235,70,168.5,2
568236,169,199.05,2
568238,214,348.99,2
568239,74,203.06,2
568241,108,341.96,2
568242,181,261.65,2
568243,25,93.87,2
568245,284,431.04,0
568301,132,302.4,2
568310,248,628.02,0
568311,119,152.39,2
568312,88,184.78,2
568313,86,135.3,2
568314,222,488.98,0
568315,18,57.480000000000004,2
568316,131,256.64,2
568317,51,226.61,2
568318,348,217.35999999999999,0
568319,42,229.5,2
568320,215,175.14000000000001,2
568321,572,646.34,0
568322,33,104.35,2
568323,136,304.36,2
568324,126,135.76,2
568325,311,546.84,0
568326,155,246.89000000000001,2
568327,313,346.94,0
568328,309,494.59000000000003,0
568329,185,316.68,2
568331,152,77.12,2
568332,48,106.20000000000002,2
568333,81,192.89000000000001,2
568340,57,145.67,2
568342,42,111.18,2
568343,18,41.1,2
568344,124,150.36,2
568346,786,2136.9,1
568350,224,654.0,0
568364,141,245.82999999999998,2
568366,34,164.3,2
568367,398,558.99,0
568368,63,93.69,2
568369,108,169.2,2
568374,40,31.6,2
568375,1,0.001,2
568376,250,1071.64,0
568378,84,144.60000000000002,2
568379,32,86.1,2
568381,422,296.34000000000003,0
568382,90,112.62,2
568383,40,152.20000000000002,2
568387,182,254.36,2
568389,76,164.28000000000003,2
568390,57,124.18,2
568392,327,255.41,0
568393,110,211.62,2
568394,350,440.02,0
568397,112,265.1,2
568398,8,36.65,2
568399,174,290.5,2
568400,396,538.4,0
568402,139,150.21,2
568408,287,1103.71,0
568409,20,33.12,2
568411,362,1494.96,0
568413,119,218.42000000000002,2
568414,2,16.5,2
568415,6,29.700000000000003,2
568417,198,736.5,0
568423,106,468.5,2
568428,120,233.65,2
568458,77,261.55,2
568460,24,90.0,2
568469,81,204.15,2
568471,70,211.83,2
568472,208,381.2,2
568480,102,227.9,2
568491,193,352.59000000000003,2
568492,66,173.9,2
568493,106,196.5,2
568494,43,80.87,2
568495,128,304.3,2
568505,22,40.9,2
568510,581,958.36,0
568513,287,456.25,0
568514,1,1.36,2
568515,184,178.79999999999998,2
568517,279,344.06,0
568518,60,131.4,2
568519,266,314.36,2
568526,464,496.2,0
568527,479,666.0,0
568528,639,869.87,0
568529,104,163.94,2
568530,108,226.8,2
568531,660,600.05,0
568533,64,309.6,2
568535,46,66.66,2
568536,68,201.83999999999997,2
568539,204,318.26,2
568540,6,12.48,2
568541,26,199.5,2
568542,29,83.12,2
568547,169,228.31,2
568549,66,114.5,2
568550,20,29.3,2
568551,202,165.48999999999998,2
568552,52,147.2,2
568553,509,950.86,0
568554,322,262.5,0
568555,24,9.36,2
568556,132,225.18,2
568558,142,348.2,2
568564,93,184.15,2
568565,31,9.899999999999999,2
568566,85,203.4,2
568567,614,1354.29,0
568568,470,376.85,0
568574,264,308.4,2
568576,252,457.56,0
568577,98,233.3,2
568578,127,289.15,2
568583,39,93.03,2
568585,128,93.12,2
568586,136,250.08,2
568588,88,144.2,2
568589,222,429.8,2
568590,316,239.94,0
568591,218,318.62,2
568592,172,441.8,2
568593,743,1028.52,0
568594,68,265.94,2
568614,208,367.16,2
568645,235,541.25,0
568647,44,168.32,2
568648,40,150.0,2
568650,1044,1346.38,1
568651,219,638.99,0
568652,84,188.76000000000002,2
568654,534,1123.9,0
568655,163,255.57,2
568656,20,103.0,2
568657,187,239.82,2
568658,66,105.42,2
568659,263,461.91,0
568660,149,282.69,2
568661,71,157.92000000000002,2
568662,74,190.59,2
568663,102,308.22,2
568665,237,275.25,2
568667,43,100.01,2
568668,210,487.39,0
568669,136,305.65999999999997,2
568670,108,394.14,2
568671,702,1431.3400000000001,0
568672,84,158.04,2
568673,40,72.8,2
568674,158,277.22,2
568675,300,537.0,0
568676,488,1155.34,0
568680,81,242.61,2
568685,108,86.03999999999999,2
568686,211,334.39,2
568687,36,75.0,2
568688,96,144.22,2
568690,238,416.12,0
568691,10,16.5,2
568692,190,195.02,2
568693,31,64.52,2
568695,36,75.0,2
568696,350,548.72,0
568697,62,121.5,2
568698,329,430.77,0
568699,47,186.45,2
568700,55,69.93,2
568701,308,549.5600000000001,0
568702,134,135.98,2
568703,875,912.78,0
568705,44,241.2,2
568706,52,217.6,2
568707,16,50.400000000000006,2
568708,264,472.0,0
568709,173,217.07,2
568710,131,186.27,2
568711,60,97.32,2
568712,280,568.95,0
568713,107,248.61,2
568715,301,171.06,2
568716,290,733.26,0
568718,20,91.6,2
568719,650,1282.68,0
568721,460,1087.15,0
568726,66,165.08,2
568727,111,294.99,2
568728,58,140.4,2
568729,184,263.22,2
568780,720,874.04,0
568782,494,1018.22,0
568783,84,504.0,2
568784,20,141.6,2
568785,48,97.4,2
568786,128,303.2,2
568787,61,165.6,2
568788,50,123.06,2
568789,10,70.8,2
568791,274,430.38,0
568792,294,797.82,0
568793,166,271.88,2
568794,350,372.48,0
568795,77,159.79,2
568798,247,475.53000000000003,0
568800,182,337.70000000000005,2
568801,166,269.74,2
568802,192,376.5,2
568803,24,194.4,2
568804,24,61.2,2
568805,133,234.0,2
568819,34,100.8,2
568828,338,212.5,0
568829,223,355.89,2
568831,206,353.51,2
568833,368,402.66,0
568868,439,846.73,0
568869,24,53.2,2
568870,85,152.46,2
568872,92,174.92,2
568873,201,334.5,2
568874,27,106.11,2
568875,31,105.55,2
568876,112,325.5,2
568877,75,193.55,2
568878,114,335.3,2
568880,77,75.4,2
568881,40,128.1,2
568882,205,278.66,2
568883,176,376.64,2
568893,24,99.6,2
568894,487,676.3100000000001,0
568895,193,326.87,2
568896,206,334.94,2
568897,124,218.56,2
568898,496,701.41,0
568900,166,421.22,2
568901,441,717.5,0
568902,246,192.95,2
568904,133,423.59000000000003,2
568905,10,70.8,2
568906,16,60.0,2
568907,177,389.49,2
568908,694,965.01,0
568909,475,650.35,0
568910,368,425.04,0
568912,238,217.87,2
568913,24,30.0,2
568914,1,1.36,2
568915,84,168.48000000000002,2
568916,86,166.08,2
568917,380,477.14,0
568918,12,25.200000000000003,2
568919,221,316.61,2
568921,90,146.22,2
568938,249,321.93,2
568943,8,30.0,2
568944,212,244.56,2
568945,100,338.5,2
568947,205,226.82999999999998,2
568949,481,1245.81,0
568950,192,315.08,2
568951,100,325.2,2
568952,507,810.51,0
568953,114,160.22,2
568954,56,157.56,2
568955,215,357.09000000000003,2
568966,12,45.0,2
568984,61,218.16,2
568987,305,688.83,0
568988,199,182.35,2
568989,160,311.3,2
568990,271,316.46,2
568991,275,548.48,0
568992,99,214.81,2
568993,124,155.2,2
568994,214,312.08,2
568995,146,423.4,2
568996,129,225.9,2
568997,84,210.18,2
568999,168,237.04000000000002,2
569000,1117,1022.08,0
569001,163,265.55,2
569002,15,30.750000000000004,2
569003,71,134.96,2
569004,70,115.72,2
569005,465,493.76,0
569006,66,83.94,2
569007,481,578.07,0
569008,418,366.9,0
569011,111,212.61,2
569012,162,194.18,2
569013,12,23.4,2
569014,300,283.02,0
569015,150,216.86,2
569016,222,280.46,2
569017,175,245.94,2
569018,108,111.68,2
569019,236,324.48,2
569020,500,1165.1200000000001,0
569021,78,290.5,2
569022,140,251.06,2
569024,86,155.98000000000002,2
569025,72,221.75,2
569026,756,1278.2,0
569027,368,692.16,0
569028,277,186.51999999999998,2
569029,40,320.0,2
569031,20,41.6,2
569033,1,6.0,2
569035,28,88.80000000000001,2
569036,220,291.5,2
569037,275,321.51,0
569046,656,1011.9,0
569060,46,176.56,2
569077,48,29.759999999999998,2
569078,87,142.23000000000002,2
569079,87,185.77,2
569080,60,199.8,2
569081,145,44.349999999999994,2
569082,124,237.0,2
569087,96,60.48,2
569089,340,559.13,0
569097,356,578.4,0
569099,1,3.25,2
569100,60,154.47,2
569103,78,187.06,2
569104,176,340.98,2
569105,316,434.17,0
569106,51,97.35,2
569110,350,819.38,0
569111,12,25.200000000000003,2
569120,173,291.23,2
569122,130,162.01999999999998,2
569123,130,327.05,2
569124,194,285.98,2
569125,18,74.7,2
569126,96,148.8,2
569127,168,678.0,0
569129,295,532.61,0
569130,18,66.3,2
569132,181,253.78,2
569133,264,139.92,2
569134,247,569.25,0
569136,233,400.16,2
569137,337,1466.78,0
569139,145,312.95,2
569140,508,596.78,0
569141,117,326.21000000000004,2
569142,12,25.200000000000003,2
569143,116,332.21,2
569144,75,87.25,2
569145,14,8.28,2
569147,230,427.78,0
569148,293,618.59,0
569149,2,8.3,2
569202,488,1089.17,0
569203,20,25.0,2
569204,41,213.5,2
569205,202,509.53000000000003,0
569206,74,139.49,2
569207,86,159.97,2
569208,147,242.1,2
569209,14,31.5,2
569210,152,327.62,2
569211,80,197.9,2
569212,208,451.4,2
569213,27,99.71000000000001,2
569215,200,205.28,2
569216,257,222.74,2
569217,61,123.75,2
569218,105,196.89000000000001,2
569219,118,161.5,2
569220,546,718.22,0
569221,75,385.51,2
569222,215,570.59,0
569223,487,668.34,0
569224,146,236.59,2
569225,135,174.93,2
569226,4,11.8,2
569227,145,759.75,0
569228,269,353.19,0
569229,298,424.94,0
569230,158,329.02000000000004,2
569231,308,289.58,0
569232,153,287.48,2
569234,203,496.66999999999996,0
569236,319,306.73,0
569237,9,41.63,2
569238,119,149.55,2
569239,126,193.52,2
569240,104,124.08,2
569241,575,706.18,0
569242,155,356.85,2
569243,238,520.96,0
569244,106,230.48000000000002,2
569246,629,1688.09,0
569247,180,695.88,0
569248,298,504.98,0
569249,153,351.17,2
569250,211,394.0,2
569252,36,188.20000000000002,2
569253,675,1047.13,0
569254,56,119.10000000000001,2
569257,46,120.60000000000001,2
569258,28,174.9,2
569261,312,483.89,0
569262,460,551.58,0
569263,34,154.38,2
569302,144,261.7,2
569319,448,728.5,0
569321,124,169.39999999999998,2
569322,212,464.64,2
569323,5,32.85,2
569324,144,336.68,2
569325,96,119.32,2
569326,183,328.21000000000004,2
569327,342,446.71,0
569328,56,157.68,2
569329,194,426.82000000000005,2
569330,54,126.58,2
569331,579,937.4300000000001,0
569332,148,288.09999999999997,2
569333,38,172.12,2
569334,22,15.16,2
569336,339,779.19,0
569338,190,237.5,2
569357,139,426.63,2
569358,131,345.53000000000003,2
569359,3,14.85,2
569360,134,301.79,2
569361,113,338.71000000000004,2
569362,194,704.76,0
569363,402,1060.5,0
569364,109,144.89000000000001,2
569365,188,629.91,0
569367,332,713.26,0
569368,25,52.1,2
569369,325,501.23,0
569371,158,238.28,2
569372,572,1217.55,0
569373,48,52.8,2
569374,537,1112.75,0
569383,843,1087.29,0
569384,168,122.4,2
569386,38,243.6,2
569396,61,147.75,2
569397,133,310.73,2
569401,448,867.5,0
569402,80,176.20000000000002,2
569403,327,678.11,0
569404,36,180.0,2
569405,204,259.92,2
569406,728,1144.77,0
569407,122,609.54,2
569408,94,465.2,2
569409,142,304.62,2
569412,272,397.62,0
569413,20,27.0,2
569414,498,2158.0299999999997,0
569415,263,1016.5699999999999,0
569416,162,263.0,2
569417,335,524.44,0
569418,72,284.15999999999997,2
569419,46,195.70000000000002,2
569423,310,370.02,0
569424,314,414.57,0
569457,61,117.94,2
569459,98,337.90000000000003,2
569460,361,737.91,0
569461,449,687.9300000000001,0
569462,51,137.05,2
569467,526,610.42,0
569468,440,666.21,0
569469,413,823.13,0
569470,191,222.04,2
569471,55,164.46,2
569472,231,502.06,0
569474,218,198.74,2
569479,138,430.62,2
569480,4,23.8,2
569481,487,865.35,0
569482,111,295.09,2
569483,130,277.26,2
569484,12,45.0,2
569486,193,304.01,2
569487,116,323.94,2
569488,259,349.01,2
569491,237,510.03,0
569493,484,889.4,0
569494,16,77.6,2
569496,110,240.18,2
569513,188,395.20000000000005,2
569514,454,870.84,0
569515,24,39.6,2
569516,1,6.95,2
569518,55,127.85000000000001,2
569519,63,108.45,2
569520,128,279.0,2
569521,222,499.65000000000003,0
569523,142,331.1,2
569524,200,619.82,0
569527,92,116.48,2
569528,470,805.79,0
569529,4,15.7,2
569530,185,96.25,2
569531,32,146.1,2
569532,174,363.02,2
569533,184,292.63,2
569534,2,7.84,2
569535,116,389.40000000000003,2
569536,194,404.52000000000004,2
569537,90,97.7,2
569538,191,284.87,2
569544,326,805.28,0
569545,486,1227.62,0
569546,60,120.13,2
569550,10,8.5,2
569551,1,1.65,2
569555,953,1721.8700000000001,1
569556,593,981.22,0
569557,4,33.0,2
569558,264,504.64000000000004,0
569559,24,13.2,2
569560,170,318.44,2
569561,30,67.3,2
569562,359,417.74,0
569563,492,671.4,0
569564,227,244.66,2
569565,475,314.5,0
569566,72,242.4,2
569567,40,105.30000000000001,2
569568,747,1255.71,0
569569,36,209.6,2
569573,193,944.52,0
569574,203,346.53000000000003,2
569575,74,108.38,2
569576,57,222.25,2
569577,152,245.8,2
569579,42,65.34,2
569580,103,146.17000000000002,2
569581,32,80.30000000000001,2
569583,1,2.95,2
569590,209,282.75,2
569629,307,641.57,0
569630,246,498.36,0
569631,160,140.34,2
569632,144,322.0,2
569633,98,172.66,2
569635,201,195.26,2
569637,240,424.02,0
569638,336,401.16,0
569640,278,602.22,0
569641,105,157.71,2
569643,200,343.66,2
569648,10,16.5,2
569649,24,90.0,2
569650,193,926.35,0
569651,183,595.17,0
569652,238,386.22,2
569653,1284,2097.9700000000003,1
569654,36,157.56,2
569656,24,99.6,2
569659,170,344.46000000000004,2
569660,24,50.400000000000006,2
569661,93,139.3,2
569662,161,299.63,2
569664,71,123.05,2
569666,60,120.6,2
569667,215,318.29,2
569668,123,371.81,2
569669,186,321.04,2
569670,194,324.16,2
569671,248,391.8,0
569672,143,317.55,2
569673,122,328.65,2
569674,12,30.6,2
569675,273,496.81,0
569676,10,33.9,2
569677,237,269.63,2
569678,5,9.01,2
569679,30,173.09999999999997,2
569680,245,332.3,2
569683,150,221.09,2
569684,44,90.60000000000001,2
569685,120,207.86,2
569686,158,230.60000000000002,2
569687,285,529.42,0
569688,22,59.52,2
569689,24,82.80000000000001,2
569690,44,131.4,2
569691,287,480.43,0
569692,274,510.8,0
569693,104,241.0,2
569694,225,438.53000000000003,0
569695,566,764.8000000000001,0
569696,4,15.8,2
569697,25,82.11,2
569698,62,92.46000000000001,2
569699,183,195.21,2
569700,330,833.16,0
569702,185,365.14,2
569705,104,268.44,2
569714,44,71.82,2
569715,197,366.84000000000003,2
569716,108,223.22,2
569717,78,157.86,2
569718,183,332.63,2
569719,24,81.36,2
569720,15,23.39,2
569721,192,298.64,2
569722,226,467.06,0
569723,28,89.80000000000001,2
569725,20,141.6,2
569726,249,465.55,0
569727,13,56.75,2
569728,360,785.9100000000001,0
569729,156,355.90000000000003,2
569731,142,308.44,2
569732,91,282.45,2
569734,119,227.85,2
569736,250,458.08,0
569737,254,298.0,2
569738,73,204.31,2
569739,188,308.36,2
569741,306,478.66,0
569742,4,33.0,2
569766,274,292.29,2
569767,199,368.38,2
569768,132,312.88,2
569769,34,100.8,2
569780,92,324.1,2
569789,84,252.54,2
569790,132,175.91,2
569799,219,398.65,2
569803,241,343.77,2
569815,24,90.0,2
569816,4,2.2,2
569822,20,79.8,2
569823,89,183.37,2
569824,130,204.08,2
569825,89,199.35,2
569826,174,347.18,2
569827,222,340.9,2
569828,36,122.06,2
569832,312,241.68,0
569833,293,467.53000000000003,0
569834,310,506.52,0
569835,145,309.19,2
569836,184,551.28,0
569837,13,15.03,2
569838,175,260.48,2
569840,72,258.0,2
569841,34,124.30000000000001,2
569842,219,506.46000000000004,0
569843,273,280.93,2
569844,849,1251.55,0
569845,57,136.35,2
569846,1276,2388.4,1
569847,149,310.45,2
569848,279,513.4,0
569849,265,393.74,0
569850,76,143.4,2
569852,364,673.52,0
569853,176,319.2,2
569856,45,108.35,2
569859,72,116.32,2
569860,66,121.88,2
569861,138,254.34,2
569862,84,112.44,2
569864,54,56.1,2
569865,26,54.6,2
569866,947,1385.07,0
569867,244,284.4,2
569868,343,339.69,0
569870,77,121.95,2
569871,51,253.65,2
569872,4,33.0,2
569873,4,33.0,2
569887,84,192.76,2
569888,90,279.9,2
569889,56,121.44,2
569890,139,238.01000000000002,2
569892,73,145.35000000000002,2
569893,660,1038.02,0
569894,155,179.72,2
569896,70,147.34,2
569897,510,762.03,0
569898,518,1185.98,0
569899,136,225.24,2
569900,637,791.13,0
569901,66,152.92000000000002,2
569903,271,284.57,2
569904,122,291.5,2
569905,18,37.5,2
569906,2,1.9,2
569907,12,59.400000000000006,2
569910,412,819.7,0
569912,38,95.54,2
569914,56,105.56,2
569915,2,5.9,2
569917,160,342.0,2
569918,168,289.56,2
569919,288,454.44,0
569920,136,233.76000000000002,2
569921,24,107.6,2
569923,91,172.99,2
569932,148,171.8,2
569936,34,82.58,2
569943,233,262.71,2
569948,94,158.1,2
569962,112,460.4,2
569965,36,133.13,2
569968,135,206.31,2
569977,21,100.37,2
569983,186,336.17,2
569998,219,279.5,2
569999,96,115.95,2
570000,190,443.9,2
570001,136,246.14,2
570002,216,809.5400000000001,0
570003,2,6.2,2
570007,168,242.84,2
570008,160,389.56,2
570009,449,621.71,0
570010,96,230.46,2
570011,220,467.36,0
570014,59,104.6,2
570016,389,758.27,0
570019,91,181.67,2
570020,184,229.76,2
570021,6,8.1,2
570022,145,150.03,2
570023,34,98.8,2
570024,93,245.39000000000001,2
570026,132,155.88,2
570027,430,736.13,0
570028,28,121.8,2
570030,300,376.6,0
570036,351,459.79,0
570049,246,398.26,0
570076,168,275.92,2
570082,160,176.82,2
570086,179,326.79,2
570087,302,1194.96,0
570088,91,198.06,2
570089,24,30.0,2
570090,53,218.13000000000002,2
570091,360,556.56,0
570093,81,129.96,2
570095,94,174.01,2
570096,88,178.22000000000003,2
570098,74,155.9,2
570100,32,110.4,2
570101,174,211.82,2
570102,232,517.8,0
570103,173,354.16,2
570108,336,467.2,0
570111,90,143.0,2
570113,221,528.25,0
570114,68,234.0,2
570115,32,118.25999999999999,2
570116,176,364.09,2
570117,48,121.20000000000002,2
570118,139,435.65000000000003,2
570119,2,5.9,2
570121,275,221.06,2
570123,13,69.95,2
570125,306,313.56,0
570126,44,72.07,2
570127,493,719.83,0
570128,12,15.0,2
570129,291,485.57,0
570130,16,10.4,2
570144,2,16.5,2
570167,486,714.24,0
570168,149,327.36,2
570177,357,654.6899999999999,0
570178,147,228.46,2
570179,500,898.14,0
570180,500,898.14,0
570181,6,29.700000000000003,2
570183,58,121.30000000000001,2
570184,134,252.46,2
570186,353,639.6899999999999,0
570187,547,1471.9199999999998,0
570188,72,308.4,2
570189,122,118.82,2
570190,252,420.86,0
570191,163,130.53,2
570192,500,898.14,0
570195,65,151.24,2
570196,84,183.48000000000002,2
570197,196,408.65,2
570200,140,206.24,2
570201,1,2.08,2
570202,1,6.32,2
570206,22,149.1,2
570208,119,247.36,2
570209,101,361.38,2
570210,123,249.18,2
570211,66,120.01,2
570212,35,49.02,2
570213,78,152.94,2
570214,144,116.23,2
570215,245,315.44,2
570216,96,141.75,2
570217,108,158.82,2
570218,466,1042.02,0
570219,87,149.68,2
570220,31,69.65,2
570222,68,203.66,2
570223,275,409.8,0
570224,126,175.25,2
570225,334,350.21,0
570226,3,4.35,2
570227,24,82.32000000000001,2
570228,89,193.43,2
570229,74,158.17000000000002,2
570230,104,132.03,2
570231,338,227.82,0
570232,175,645.01,0
570233,10,82.5,2
570234,125,292.33,2
570235,45,95.13,2
570236,21,44.84,2
570237,74,179.32,2
570238,49,129.93,2
570239,202,285.12,2
570240,14,45.400000000000006,2
570241,172,180.84,2
570242,116,142.79,2
570243,130,480.78,2
570244,286,409.24,0
570245,141,281.11,2
570246,154,154.18,2
570247,83,353.45,2
570249,500,898.14,0
570250,62,104.82,2
570251,96,196.8,2
570252,236,525.62,0
570254,96,177.58,2
570255,183,544.3100000000001,0
570256,213,306.09000000000003,2
570257,126,342.06,2
570258,370,1593.27,0
570265,24,82.80000000000001,2
570266,60,292.19999999999993,2
570267,60,95.4,2
570268,104,445.40000000000003,2
570269,57,97.35,2
570270,12,35.400000000000006,2
570271,113,242.59,2
570272,278,447.26,0
570273,561,1060.0900000000001,0
570275,197,464.14000000000004,2
570282,66,151.48,2
570284,50,126.39,2
570285,218,332.38,2
570286,2,2.5,2
570287,371,688.97,0
570288,133,156.56,2
570289,30,131.4,2
570292,88,340.8,2
570293,294,319.46,0
570332,57,151.65,2
570333,135,200.92,2
570337,105,183.75,2
570342,359,968.6500000000001,0
570348,182,384.06,2
570353,30,75.66,2
570374,157,251.58,2
570380,45,111.55,2
570388,633,1088.78,0
570404,201,199.12,2
570405,123,111.33000000000001,2
570409,156,252.18,2
570410,253,356.59000000000003,2
570411,84,115.68,2
570412,101,238.54,2
570413,123,329.55,2
570414,50,176.8,2
570415,52,102.06,2
570416,344,578.04,0
570417,1,3.82,2
570418,112,377.94,2
570419,24,24.96,2
570420,142,244.48,2
570421,102,116.78,2
570422,173,196.4,2
570423,174,283.9,2
570424,72,156.61,2
570425,300,293.92,0
570426,320,347.98,0
570427,67,165.53,2
570428,445,390.58,0
570430,34,104.5,2
570442,154,297.39,2
570443,104,157.04000000000002,2
570444,124,158.44,2
570445,13,12.12,2
570446,194,302.68,2
570448,600,787.02,0
570449,76,116.96000000000001,2
570452,112,246.58,2
570455,137,212.77,2
570457,2,3.5999999999999996,2
570458,695,1118.22,0
570459,462,830.1800000000001,0
570461,20,141.6,2
570465,541,1191.51,0
570466,173,395.65000000000003,2
570467,1191,1539.16,1
570470,4,7.34,2
570472,4,5.6,2
570473,18,24.2,2
570474,5,18.75,2
570475,46,64.56,2
570479,324,561.1,0
570481,10,16.5,2
570482,186,232.97,2
570485,12,17.4,2
570488,726,2064.66,1
570489,12,23.4,2
570491,155,300.59,2
570492,234,500.6,0
570493,10,70.8,2
570494,172,757.8,0
570495,20,42.0,2
570496,126,219.3,2
570497,2,3.33,2
570498,256,365.14,0
570499,538,615.3199999999999,0
570500,168,270.21999999999997,2
570501,272,608.1,0
570502,35,83.75,2
570503,16,30.79,2
570504,47,125.85000000000001,2
570505,165,302.31,2
570506,60,68.16,2
570507,158,264.96,2
570509,224,409.85,2
570510,4,33.0,2
570511,64,116.60000000000001,2
570512,60,424.79999999999995,2
570513,336,861.24,0
570514,403,884.07,0
570516,234,233.1,2
570517,230,357.74,2
570521,508,1300.46,0
570554,1,0.38,2
570555,249,434.63,0
570590,181,244.14000000000001,2
570591,115,302.65000000000003,2
570592,282,1144.44,0
570593,190,219.74,2
570594,289,446.15000000000003,0
570597,406,553.7,0
570598,814,1597.26,0
570600,122,304.26,2
570601,56,47.44,2
570602,57,199.47000000000003,2
570632,80,153.56,2
570634,37,148.45000000000002,2
570637,215,386.39000000000004,2
570638,91,147.96,2
570640,244,398.56,0
570642,127,73.66,2
570646,232,397.12,2
570648,91,167.61,2
570649,160,308.86,2
570650,210,277.75,2
570651,12,10.2,2
570652,639,857.74,0
570653,113,155.91,2
570656,242,351.40000000000003,2
570657,184,321.5,2
570659,72,219.6,2
570660,42,290.7,2
570661,82,185.58,2
570663,64,65.92000000000002,2
570664,80,134.25,2
570665,8,17.1,2
570666,135,153.66,2
570667,160,325.8,2
570668,53,153.20000000000002,2
570669,199,454.33,2
570670,138,210.25,2
570671,24,73.19999999999999,2
570672,2529,3774.27,1
570673,44,103.4,2
570674,635,429.97,0
570675,62,97.5,2
570676,102,247.92000000000002,2
570677,198,410.13,2
570678,41,173.45,2
570679,129,344.05,2
570680,345,663.6,0
570681,1,6.0,2
570682,153,303.37,2
570685,175,317.45,2
570688,639,1480.87,0
570690,527,1092.42,0
570693,177,346.65,2
570694,43,134.45000000000002,2
570695,160,152.96,2
570696,138,96.82,2
570697,83,140.37,2
570698,114,222.96,2
570699,121,211.0,2
570700,54,142.10000000000002,2
570701,246,968.4200000000001,0
570703,472,736.86,0
570705,18,6.48,2
570707,44,146.0,2
570713,117,256.25,2
570714,287,473.97,0
570715,474,513.52,0
570716,6,24.9,2
570717,108,357.0,2
570718,320,328.06,0
570719,100,137.24,2
570720,148,307.68,2
570721,382,454.66,0
570722,4,19.8,2
570724,160,129.22,2
570725,1,4.5,2
570726,105,132.75,2
570731,12,15.0,2
570733,110,228.74,2
570754,93,197.23000000000002,2
570761,13,55.35,2
570769,24,99.6,2
570776,276,626.9200000000001,0
570784,22,51.5,2
570790,115,147.41,2
570791,168,211.69,2
570792,298,513.62,0
570793,45,185.51000000000002,2
570794,60,158.4,2
570795,48,149.51999999999998,2
570796,86,110.03,2
570797,138,300.02,2
570799,104,214.6,2
570806,469,698.7,0
570807,162,346.29,2
570818,252,444.65,0
570821,108,324.96,2
570823,98,285.09999999999997,2
570824,98,179.14000000000001,2
570825,50,252.3,2
570826,188,215.42000000000002,2
570827,210,195.89,2
570829,168,275.56,2
570830,357,648.27,0
570832,17,90.15,2
570833,114,326.94,2
570834,48,92.72,2
570836,194,348.6,2
570837,258,313.86,2
570838,35,20.53,2
570839,289,643.45,0
570840,18,62.78,2
570841,214,393.75,2
570842,238,292.74,2
570843,89,172.37,2
570846,13,12.97,2
570847,57,87.39,2
570851,68,163.4,2
570852,52,190.70000000000002,2
570855,589,650.47,0
570856,396,606.73,0
570857,30,66.92,2
570858,7,16.25,2
570859,68,110.38,2
570861,252,255.0,2
570862,289,344.11,0
570863,140,416.6,2
570864,116,213.1,2
570865,64,46.8,2
570866,61,203.91,2
570871,646,1572.96,0
570872,465,1145.69,0
570875,387,426.13,0
570876,48,96.46000000000001,2
570877,120,249.60000000000002,2
570878,10,82.5,2
570879,122,295.72,2
570880,241,308.6,2
570881,67,211.25000000000003,2
570882,64,127.34,2
570883,299,450.15000000000003,0
570884,87,210.03,2
570885,172,355.78000000000003,2
570886,42,136.62,2
570887,386,494.98,0
570888,496,883.14,0
570896,25,83.05000000000001,2
570906,120,355.56,2
570910,128,262.8,2
570919,56,267.16,2
570964,786,1271.6100000000001,0
570973,19,60.45,2
570983,128,192.15,2
570984,12,25.43,2
571006,230,387.7,2
571007,52,166.6,2
571008,12,35.400000000000006,2
571017,178,232.86,2
571028,91,107.72,2
571030,455,699.59,0
571031,126,140.98,2
571032,42,100.54,2
571033,470,851.58,0
571034,582,1610.0,0
571035,332,783.86,0
571036,405,699.45,0
571038,46,123.25,2
571039,435,547.47,0
571040,117,305.23,2
571041,33,81.08,2
571043,4,10.2,2
571044,171,357.93,2
571046,261,335.94,2
571047,214,388.72,2
571048,60,43.800000000000004,2
571049,179,316.78,2
571050,24,15.6,2
571052,3,3.29,2
571053,224,412.5,2
571054,354,340.12,0
571055,23,38.65,2
571056,261,353.99,0
571057,4,27.0,2
571058,252,676.9,0
571060,1,2.49,2
571061,333,1364.83,0
571062,50,114.84,2
571063,55,200.05,2
571064,21,44.6,2
571065,834,1637.66,1
571067,144,226.84,2
571069,96,178.99,2
571080,74,215.64000000000001,2
571081,58,168.88,2
571082,331,785.1,0
571090,34,79.5,2
571098,188,358.63,2
571100,36,33.480000000000004,2
571101,211,474.01,0
571102,4,31.8,2
571103,147,319.51,2
571104,258,313.86,2
571105,232,354.67,2
571106,69,209.4,2
571107,73,199.17000000000002,2
571108,32,126.2,2
571109,2,6.5,2
571117,315,394.57,0
571118,46,66.3,2
571119,337,1461.1499999999999,0
571120,131,206.07,2
571121,97,359.51,2
571122,12,15.0,2
571123,466,760.52,0
571125,108,111.88,2
571129,348,317.04,0
571142,240,729.6,0
571158,58,73.53,2
571169,38,119.89999999999999,2
571178,85,127.55,2
571180,309,953.89,0
571181,10,70.8,2
571182,8,15.6,2
571183,447,574.05,0
571184,166,424.33000000000004,2
571185,222,510.78000000000003,0
571187,190,381.74,2
571188,150,393.34000000000003,2
571189,378,416.3,0
571190,177,130.01,2
571192,130,291.6,2
571193,160,343.28,2
571197,147,247.25,2
571200,142,153.54000000000002,2
571201,240,649.92,0
571203,146,313.18,2
571205,312,650.32,0
571212,254,500.99,0
571213,173,306.03000000000003,2
571214,450,869.85,0
571215,164,446.8,2
571216,108,184.8,2
571217,237,442.71,0
571218,48,18.72,2
571219,372,612.1,0
571221,151,296.26,2
571222,3,14.25,2
571224,291,459.53000000000003,0
571225,56,97.96000000000001,2
571226,52,43.32,2
571227,270,1158.78,0
571228,36,106.20000000000002,2
571229,143,177.01,2
571230,176,242.14000000000001,2
571231,336,474.2,0
571232,10,20.8,2
571235,198,423.42,2
571236,12,30.6,2
571237,12,25.200000000000003,2
571238,72,250.52,2
571239,236,774.32,0
571240,230,443.7,0
571241,106,125.44,2
571243,626,1042.64,0
571244,153,221.22,2
571245,38,115.5,2
571246,134,61.4,2
571247,400,679.02,0
571248,31,55.85,2
571255,28,164.2,2
571256,1,2.89,2
571257,339,958.74,0
571258,29,112.35,2
571260,69,127.19999999999999,2
571263,94,174.61,2
571265,119,178.74,2
571266,127,368.51,2
571267,69,146.7,2
571268,95,252.62,2
571269,42,110.05,2
571270,251,408.7,0
571271,70,129.02,2
571272,319,982.83,0
571273,252,461.96,0
571274,358,735.28,0
571275,135,342.37,2
571276,156,350.46000000000004,2
571277,35,140.95000000000002,2
571278,100,114.88,2
571279,119,248.47,2
571280,197,364.58,2
571281,765,3739.37,1
571282,85,136.64000000000001,2
571283,257,484.1,0
571284,143,379.52,2
571286,204,380.6,2
571288,230,303.54,2
571289,594,1304.29,0
571290,221,539.21,0
571291,89,204.28,2
571292,126,255.54,2
571293,49,121.55,2
571294,115,369.27,2
571295,115,283.53000000000003,2
571296,101,151.70000000000002,2
571300,146,155.05,2
571301,26,71.30000000000001,2
571303,261,326.27000000000004,2
571304,222,447.28,0
571305,315,1223.93,0
571306,62,229.39999999999998,2
571307,272,428.68,0
571308,330,609.64,0
571309,13,5.930000000000001,2
571310,319,341.49,0
571311,2,16.5,2
571312,340,491.90999999999997,0
571314,8,65.2,2
571315,46,119.62,2
571317,161,253.43,2
571318,24,118.8,2
571322,208,451.6,2
571323,203,383.55,2
571328,1173,1437.95,1
571352,27,93.35,2
571360,146,324.5,2
571372,85,155.07999999999998,2
571377,61,234.55,2
571404,309,441.29,0
571405,12,45.0,2
571406,198,307.68,2
571407,13,86.55000000000001,2
571408,139,193.78,2
571409,599,964.22,0
571410,49,151.15,2
571411,86,335.0,2
571412,76,122.92,2
571413,183,334.13,2
571418,63,135.99,2
571425,212,515.04,0
571426,222,188.55,2
571427,33,20.5,2
571428,103,223.36,2
571429,78,161.72,2
571430,72,312.0,2
571433,858,1396.6000000000001,0
571434,124,60.129999999999995,2
571435,255,353.73,2
571436,62,127.5,2
571437,7,14.56,2
571438,307,783.09,0
571439,76,204.24,2
571441,911,2466.79,1
571442,645,1215.76,0
571443,66,123.44,2
571444,216,369.48,2
571445,196,310.24,2
571446,96,303.6,2
571456,322,493.05,0
571457,84,105.22,2
571461,82,150.23000000000002,2
571462,48,75.36000000000001,2
571463,291,402.88,0
571464,10,67.4,2
571465,164,188.88,2
571474,124,154.44,2
571475,248,330.93,2
571476,103,191.87,2
571477,327,478.51,0
571486,302,343.56,0
571496,188,225.95999999999998,2
571497,280,540.4,0
571498,184,344.48,2
571500,100,157.20000000000002,2
571502,587,1161.05,0
571504,58,148.44,2
571505,299,532.53,0
571506,21,126.25,2
571508,758,1583.67,0
571509,46,158.4,2
571510,66,91.38,2
571511,158,223.68,2
571544,151,201.73,2
571545,11,13.65,2
571546,63,175.38,2
571547,34,130.56,2
571548,148,390.7,2
571549,86,290.3,2
571550,24,61.2,2
571551,128,223.36,2
571552,182,281.42,2
571554,262,1071.47,0
571555,106,183.9,2
571556,234,443.07000000000005,0
571557,154,290.3,2
571558,122,294.78,2
571559,274,716.7,0
571560,156,276.12,2
571561,166,607.62,0
571562,294,673.78,0
571563,188,359.3,2
571564,218,417.29,2
571565,78,124.2,2
571566,359,396.97,0
571595,20,41.6,2
571601,88,256.08,2
571622,46,76.34,2
571628,44,131.4,2
571629,281,674.3100000000001,0
571636,136,131.6,2
571638,109,125.1,2
571640,125,164.35,2
571641,129,119.62,2
571642,14,16.0,2
571652,195,349.11,2
571653,2249,3083.83,1
571654,67,136.74,2
571655,62,190.83,2
571656,141,352.41,2
571657,102,175.72,2
571658,243,355.03000000000003,2
571660,482,471.18,0
571662,39,83.37,2
571663,40,298.0,2
571665,565,746.43,0
571666,18,53.1,2
571667,223,324.98,2
571668,132,325.78000000000003,2
571669,427,598.01,0
571670,634,940.42,0
571671,727,1107.98,0
571672,152,302.2,2
571673,108,125.08,2
571675,100,285.6,2
571676,122,213.52,2
571677,55,125.65,2
571679,159,178.13,2
571681,237,344.35,2
571682,210,484.42,0
571683,60,231.8,2
571684,212,235.61,2
571685,48,109.2,2
571690,243,315.93,2
571691,78,164.74,2
571692,6,17.34,2
571693,236,177.84,2
571694,160,284.68,2
571696,159,216.39000000000001,2
571697,265,340.57,0
571700,1,5.95,2
571701,579,871.79,0
571702,10,47.1,2
571703,1,2.08,2
571705,484,872.88,0
571706,152,206.6,2
571708,112,114.96000000000001,2
571709,180,294.82,2
571710,195,450.63,2
571712,296,599.23,0
571713,540,1244.93,0
571714,298,646.09,0
571715,162,289.05,2
571716,644,1360.59,0
571717,146,202.68,2
571724,283,389.59000000000003,0
571725,91,127.37,2
571726,254,379.8,0
571728,168,287.88,2
571730,83,111.09,2
571732,82,219.34,2
571733,163,274.01,2
571734,82,124.88,2
571735,123,335.87,2
571736,12,9.48,2
571737,330,662.74,0
571739,1,3.0,2
571740,128,331.28000000000003,2
571741,66,112.46000000000001,2
571742,26,28.9,2
571743,135,110.8,2
571744,24,99.6,2
571745,603,1229.75,0
571746,390,722.1,0
571747,680,894.97,0
571748,134,212.72,2
571779,174,262.37,2
571793,36,55.5,2
571797,363,1577.59,0
571809,39,103.55,2
571824,877,1141.83,0
571828,542,1103.3600000000001,0
571829,296,696.6,0
571830,24,50.400000000000006,2
571831,100,246.98000000000002,2
571836,6,28.5,2
571837,164,213.64,2
571839,91,203.85,2
571840,248,425.8,0
571841,149,381.92,2
571844,200,654.2,0
571845,133,264.29,2
571846,305,434.55,0
571847,216,434.89000000000004,2
571848,127,234.49,2
571849,120,83.84,2
571850,214,473.34000000000003,0
571851,84,110.12,2
571852,68,109.92,2
571853,18,104.7,2
571857,151,426.81,2
571864,90,249.3,2
571883,555,571.98,0
571890,157,328.95,2
571891,5,7.85,2
571892,132,298.8,2
571894,2,5.5,2
571895,232,235.84,2
571898,78,85.8,2
571899,41,113.15,2
571903,53,155.15,2
571904,28,67.4,2
571905,250,570.66,0
571906,3,14.85,2
571908,90,154.86,2
571909,281,434.98,0
571910,1,3.75,2
571911,46,103.8,2
571912,263,502.21000000000004,0
571913,557,1047.77,0
571914,236,177.84,2
571916,24,15.6,2
571917,69,174.8,2
571918,179,121.61,2
571920,23,106.97,2
571923,91,217.64000000000001,2
571926,218,328.33,2
571929,3,4.53,2
571930,1,4.95,2
571931,550,1609.54,0
571932,1,1.65,2
571934,237,293.47,2
571935,31,103.85000000000001,2
571936,326,473.3,0
571937,729,822.51,0
571938,96,124.8,2
571939,113,427.45000000000005,2
571940,400,556.52,0
571941,4,32.2,2
571942,206,288.48,2
571943,162,401.6,2
571944,229,234.85,2
571945,65,56.690000000000005,2
571965,162,257.48,2
571987,211,272.93,2
572021,151,311.43,2
572023,234,499.43,0
572024,198,347.74,2
572025,206,306.58,2
572026,111,259.85,2
572028,417,797.45,0
572030,362,646.1,0
572032,32,55.42,2
572033,118,247.94,2
572034,14,23.5,2
572035,240,1227.16,0
572036,30,62.400000000000006,2
572037,468,611.5,0
572045,44,138.1,2
572047,160,326.6,2
572048,40,83.2,2
572049,158,365.96000000000004,2
572050,68,139.42000000000002,2
572053,40,83.2,2
572054,104,238.96,2
572055,58,146.19,2
572057,28,44.68,2
572058,209,372.02,2
572060,48,67.68,2
572061,515,668.26,0
572062,83,210.75,2
572063,66,90.78999999999999,2
572065,190,267.11,2
572066,1222,2730.78,1
572067,72,139.8,2
572068,178,293.75,2
572069,450,665.19,0
572070,36,111.96000000000001,2
572072,1,1.36,2
572073,167,167.12,2
572074,192,367.83,2
572075,135,214.32,2
572076,418,578.94,0
572077,48,251.8,2
572078,2,16.5,2
572079,162,301.76,2
572080,12,25.200000000000003,2
572081,116,173.72,2
572082,788,1212.72,0
572085,20,41.6,2
572086,200,311.16,2
572087,362,567.1,0
572088,90,148.55,2
572089,32,84.36000000000001,2
572090,98,210.44,2
572091,77,242.67000000000002,2
572092,81,167.03,2
572093,72,120.92,2
572094,94,175.42000000000002,2
572095,36,100.6,2
572096,188,234.6,2
572097,12,25.330000000000002,2
572098,292,499.7,0
572099,8,15.2,2
572100,6,41.7,2
572101,102,302.58,2
572103,369,628.77,0
572104,17,91.25,2
572106,137,200.82999999999998,2
572107,19,49.97,2
572108,110,169.26,2
572121,434,690.29,0
572122,44,139.2,2
572124,36,226.20000000000002,2
572125,106,284.98,2
572126,64,150.62,2
572127,385,659.29,0
572128,60,292.79999999999995,2
572129,169,386.39,2
572130,197,107.46000000000001,2
572131,190,206.66,2
572132,82,114.86,2
572133,112,140.01,2
572134,50,103.7,2
572139,20,54.6,2
572182,436,425.38,0
572183,367,581.55,0
572184,22,92.9,2
572185,228,1170.41,0
572186,593,1230.19,0
572188,60,139.8,2
572189,28,125.80000000000001,2
572190,4,7.46,2
572191,24,78.18,2
572192,141,291.44,2
572194,172,148.53,2
572195,64,173.98000000000002,2
572197,28,89.28,2
572203,176,307.32,2
572210,52,124.80000000000001,2
572211,240,196.68,2
572212,222,366.90000000000003,2
572213,334,402.58,0
572214,18,37.800000000000004,2
572215,190,316.48,2
572216,273,264.89,2
572217,31,64.85,2
572218,215,401.55,2
572219,237,396.61,2
572220,58,95.11,2
572221,129,229.41,2
572224,355,553.05,0
572225,475,741.94,0
572227,495,690.26,0
572229,558,990.96,0
572230,80,126.80000000000001,2
572231,249,413.59000000000003,0
572232,160,303.58000000000004,2
572233,24,15.6,2
572234,19,28.25,2
572235,22,82.5,2
572236,29,81.02,2
572237,200,270.42,2
572238,218,319.98,2
572240,338,607.8000000000001,0
572241,68,232.40000000000003,2
572242,315,597.43,0
572243,93,211.53,2
572244,270,503.62,0
572272,54,47.64,2
572274,142,485.3,2
572277,17,43.35,2
572278,38,211.1,2
572279,52,176.7,2
572280,211,216.1,2
572281,173,369.33,2
572282,83,132.91,2
572283,182,459.92,2
572284,210,259.05,2
572285,75,113.73,2
572286,147,196.93,2
572287,118,230.57,2
572288,95,161.57,2
572289,58,111.5,2
572290,260,216.86,2
572291,162,214.91,2
572292,99,172.03,2
572294,535,876.47,0
572295,331,534.34,0
572296,49,121.79,2
572297,22,70.26,2
572298,7,42.95,2
572300,43,81.12,2
572301,55,111.16,2
572302,235,283.07,2
572303,51,181.95,2
572304,247,373.67,2
572305,10,26.8,2
572306,276,469.96,0
572307,424,1005.85,0
572308,38,54.51,2
572309,602,559.48,0
572310,7,7.33,2
572311,137,208.51,2
572312,227,307.93,2
572313,73,116.5,2
572314,133,183.39,2
572315,45,130.55,2
572316,88,110.21000000000001,2
572317,202,470.48,2
572318,210,335.45,2
572319,77,112.43,2
572320,74,178.22,2
572321,258,314.65999999999997,2
572322,58,143.8,2
572323,290,467.22,0
572326,44,202.8,2
572327,157,241.98,2
572328,24,79.2,2
572329,249,379.39,0
572330,119,221.25,2
572331,406,633.74,0
572333,143,219.33,2
572335,172,399.5,2
572336,268,316.56,2
572338,42,229.5,2
572339,44,202.8,2
572348,48,144.0,2
572350,17,38.9,2
572351,6,6.36,2
572352,49,71.25,2
572353,120,318.6,2
572354,6,28.9,2
572380,322,416.7,0
572392,60,79.8,2
572399,232,306.38,2
572442,156,345.3,2
572447,72,119.55,2
572451,324,533.36,0
572452,220,269.08,2
572453,55,180.33,2
572454,90,156.1,2
572457,289,722.4,0
572458,317,480.02,0
572459,147,328.27,2
572460,208,430.8,2
572461,63,132.62,2
572462,66,125.58000000000001,2
572464,23,86.9,2
572465,126,387.86,2
572466,52,56.72,2
572472,316,278.28000000000003,0
572474,145,248.99,2
572475,172,354.45,2
572483,38,61.17,2
572484,137,273.81,2
572487,33,46.35,2
572490,89,156.82,2
572499,994,1349.26,1
572504,34,83.9,2
572509,106,253.24,2
572511,133,336.15000000000003,2
572512,101,177.18,2
572513,339,377.57,0
572515,22,16.919999999999998,2
572517,183,274.79,2
572519,73,156.35,2
572520,368,265.76,0
572521,132,108.83999999999999,2
572528,241,345.68,2
572540,344,1454.61,0
572541,65,138.01,2
572542,455,644.93,0
572544,131,219.12,2
572549,543,1218.08,0
572550,490,1321.44,0
572552,799,2214.2,1
572553,544,1378.41,0
572558,625,503.15,0
572559,290,423.88,0
572560,40,197.88,2
572561,240,442.92,0
572562,281,443.23,0
572563,216,334.0,2
572565,191,493.55,2
572566,206,216.29,2
572567,1317,1397.1399999999999,1
572568,96,296.36,2
572569,137,160.23,2
572612,96,205.9,2
572613,69,230.39000000000001,2
572616,48,48.96,2
572617,235,571.61,0
572650,139,223.34,2
572651,391,616.85,0
572652,738,1017.58,0
572653,403,523.12,0
572654,24,45.480000000000004,2
572655,281,602.83,0
572657,58,105.1,2
572658,90,290.24,2
572660,45,187.31,2
572661,46,150.3,2
572662,282,523.69,0
572663,42,60.44,2
572664,132,234.3,2
572665,1,4.48,2
572666,96,125.28,2
572667,170,260.14,2
572668,137,169.84,2
572669,372,460.76,0
572671,98,266.78000000000003,2
572672,74,204.02000000000004,2
572673,278,271.81,2
572674,25,63.17,2
572675,53,91.37,2
572676,509,1022.6500000000001,0
572677,103,104.1,2
572678,201,121.18,2
572679,24,39.6,2
572680,136,307.21,2
572681,386,514.39,0
572682,22,106.2,2
572683,96,119.76,2
572688,344,345.5,0
572695,248,392.64,0
572703,374,603.07,0
572704,264,1033.77,0
572718,138,157.01999999999998,2
572719,356,676.47,0
572720,99,94.73,2
572721,362,409.56,0
572726,286,494.1,0
572732,565,314.95,0
572734,82,360.86,2
572735,510,661.59,0
572737,140,193.36,2
572738,72,63.84,2
572741,458,673.1,0
572742,174,245.56,2
572743,297,346.33,0
572744,161,209.91,2
572745,5,29.75,2
572746,125,193.49,2
572751,204,332.1,2
572752,56,189.62,2
572753,231,292.25,2
572755,201,289.88,2
572758,518,1365.52,0
572760,42,142.68,2
572762,172,288.1,2
572763,164,229.64000000000001,2
572764,56,184.0,2
572766,40,50.0,2
572767,261,344.19,2
572769,182,889.5,0
572771,139,262.57,2
572772,47,236.65,2
572773,48,78.72,2
572774,1,3.25,2
572775,138,243.82,2
572792,3,8.67,2
572810,168,329.3,2
572811,177,299.29,2
572812,25,101.75,2
572830,88,148.77,2
572832,1,1.0,2
572833,15,30.82,2
572834,15,38.22,2
572835,18,67.5,2
572836,110,160.31,2
572837,313,409.78000000000003,0
572838,53,72.13,2
572843,281,825.53,0
572846,207,340.79,2
572847,53,98.15,2
572848,136,211.88,2
572852,24,18.96,2
572853,209,403.21000000000004,2
572854,120,367.74,2
572856,69,106.14,2
572858,142,133.25,2
572859,102,197.86,2
572860,232,250.28,2
572861,69,146.65,2
572862,46,114.74,2
572863,140,194.16,2
572865,99,163.0,2
572866,109,184.01,2
572867,189,221.97,2
572868,43,124.34,2
572870,96,226.56,2
572871,93,73.98,2
572872,85,189.03,2
572873,244,343.76,2
572874,132,347.52,2
572875,12,20.04,2
572876,63,95.13,2
572877,12,34.68,2
572880,147,181.62,2
572882,291,460.1,0
572883,20,23.5,2
572884,127,267.45000000000005,2
572885,112,232.06,2
572886,239,300.45,2
572887,199,565.25,0
572889,104,118.98,2
572892,12,19.8,2
572893,102,95.78,2
572895,15,19.89,2
572896,366,589.86,0
572897,441,1828.16,0
572899,138,488.4,2
572900,40,16.8,2
572901,68,114.77,2
572903,113,125.6,2
572904,54,112.50000000000001,2
572905,83,142.49,2
572906,44,142.3,2
572907,117,217.75,2
572908,103,233.73000000000002,2
572909,101,252.93,2
572910,162,288.64,2
572911,282,430.01,0
572912,26,77.66000000000001,2
572913,620,773.37,0
572914,68,127.68,2
572918,164,237.12,2
572921,199,316.67,2
572922,91,88.61,2
572923,403,620.84,0
572924,90,403.5,2
572925,85,166.06,2
572926,75,275.85,2
572928,18,81.30000000000001,2
572929,8,13.200000000000001,2
572930,80,199.68,2
572931,47,109.25,2
572932,173,389.45000000000005,2
572933,270,495.86,0
572935,298,340.86,0
572946,283,455.31,0
572960,152,207.74,2
572964,276,529.24,0
572969,405,530.83,0
572986,253,363.19,2
572990,150,312.46000000000004,2
572994,143,217.51,2
572997,175,244.83,2
572999,15,32.73,2
573000,44,129.0,2
573001,40,68.1,2
573002,17,7.14,2
573006,52,190.84,2
573007,104,224.16000000000003,2
573008,106,128.16,2
573019,184,251.54,2
573020,452,890.52,0
573022,102,245.3,2
573023,198,320.1,2
573025,4,8.7,2
573026,238,326.67,2
573027,138,304.18,2
573028,78,193.44,2
573029,235,458.61,0
573032,101,130.67000000000002,2
573033,158,179.77,2
573035,574,1211.6200000000001,0
573036,74,207.56,2
573038,171,281.21,2
573066,243,236.09,2
573068,68,89.18,2
573069,43,104.45,2
573070,90,135.3,2
573074,315,527.1800000000001,0
573075,46,64.0,2
573076,572,808.1800000000001,0
573078,242,387.8,2
573082,28,79.8,2
573083,200,501.71,0
573085,129,462.99,2
573093,59,88.54,2
573094,124,250.28,2
573095,90,161.46,2
573096,373,654.33,0
573100,200,324.26,2
573102,196,354.26,2
573103,21,108.45,2
573104,85,215.15,2
573106,136,198.96,2
573108,112,168.6,2
573109,168,678.46,0
573110,10,16.5,2
573112,249,268.51,2
573113,44,99.44,2
573116,125,208.36,2
573117,487,568.09,0
573119,118,302.64,2
573121,10,20.8,2
573122,146,215.17000000000002,2
573123,447,749.03,0
573124,24,99.60000000000001,2
573125,80,151.20000000000002,2
573126,189,272.55,2
573128,38,290.1,2
573129,24,118.8,2
573130,384,1026.65,0
573131,105,356.95,2
573132,24,9.36,2
573133,38,138.66,2
573134,25,74.65,2
573135,98,251.22,2
573136,99,134.93,2
573137,314,899.63,0
573138,248,672.58,0
573139,104,112.11,2
573140,136,303.96000000000004,2
573141,90,149.7,2
573142,70,88.53999999999999,2
573143,223,349.9,2
573144,38,48.83,2
573145,143,363.52000000000004,2
573146,42,68.7,2
573149,99,148.72,2
573150,81,139.94,2
573151,720,932.4300000000001,0
573152,111,179.03,2
573153,152,319.76,2
573154,80,199.2,2
573155,431,834.63,0
573156,24,90.0,2
573157,20,33.0,2
573158,60,193.04000000000002,2
573159,245,267.26,2
573160,130,272.64,2
573162,6,29.700000000000003,2
573163,151,296.05,2
573164,35,235.35,2
573165,134,205.46,2
573166,288,634.76,0
573167,24,6.959999999999999,2
573168,10,70.8,2
573171,160,169.48000000000002,2
573173,160,405.15999999999997,2
573174,10,9.02,2
573175,119,206.89000000000001,2
573176,7,5.86,2
573177,1,4.15,2
573178,112,217.28,2
573179,84,269.88,2
573181,1,2.08,2
573182,270,395.66,0
573183,215,288.99,2
573184,128,256.92,2
573185,68,153.4,2
573195,266,451.86,0
573196,15,18.75,2
573200,6,44.7,2
573245,231,382.0,2
573248,409,675.53,0
573262,107,128.37,2
573264,273,551.2,0
573265,109,304.49,2
573266,264,668.16,0
573267,19,75.88,2
573269,104,228.63,2
573270,150,296.07,2
573272,60,67.56,2
573274,312,1268.75,0
573275,45,105.09,2
573276,224,379.1,2
573277,35,98.47,2
573278,94,409.7,2
573279,24,118.8,2
573280,164,158.76,2
573281,68,105.0,2
573282,14,12.7,2
573284,72,85.38,2
573285,42,118.9,2
573286,283,362.92,0
573287,447,781.6700000000001,0
573288,59,212.63,2
573289,445,749.55,0
573290,2,7.5,2
573291,269,487.19,0
573292,142,146.2,2
573295,18,136.8,2
573300,339,456.59000000000003,0
573305,150,374.83000000000004,2
573308,3,14.15,2
573310,3,9.89,2
573311,173,199.10999999999999,2
573313,7,19.72,2
573314,106,358.95,2
573315,257,318.15,2
573319,141,286.73,2
573320,543,1427.7,0
573323,212,504.76,0
573324,76,152.12,2
573326,216,360.02,2
573327,6,12.48,2
573328,90,160.91,2
573329,102,198.6,2
573330,179,443.98,2
573331,55,102.01,2
573332,47,83.66,2
573333,196,374.20000000000005,2
573334,126,318.06,2
573335,59,136.01,2
573336,83,124.94,2
573337,74,409.5,2
573338,172,457.1,2
573339,416,459.86,0
573340,576,488.1,0
573341,191,230.73,2
573342,71,94.21000000000001,2
573343,232,289.53000000000003,2
573344,104,163.25,2
573345,314,280.52,0
573346,111,161.09,2
573347,366,571.97,0
573348,162,196.68,2
573349,13,29.97,2
573350,212,262.02,2
573351,80,152.88,2
573352,24,46.8,2
573353,100,181.99,2
573354,29,58.55,2
573355,46,133.07999999999998,2
573356,12,91.8,2
573358,207,482.71000000000004,0
573359,147,231.95000000000002,2
573360,49,134.41,2
573361,216,205.57,2
573362,1096,1548.74,1
573363,74,51.0,2
573364,94,146.32,2
573365,49,187.35000000000002,2
573366,80,173.06,2
573367,229,430.47,0
573368,63,151.69,2
573369,104,94.21,2
573370,84,243.6,2
573371,84,144.35999999999999,2
573372,30,42.900000000000006,2
573373,220,265.61,2
573374,165,421.31,2
573375,268,477.68,0
573376,84,167.56,2
573377,152,332.63,2
573378,24,92.52000000000001,2
573379,320,505.38,0
573380,220,566.35,0
573381,204,336.63,2
573382,85,229.87,2
573383,93,169.05,2
573384,174,437.86,2
573385,457,836.35,0
573386,84,211.4,2
573387,111,168.42,2
573388,415,708.58,0
573389,12,47.400000000000006,2
573390,207,482.71000000000004,0
573391,182,434.66,2
573392,79,211.69,2
573393,581,397.38,0
573394,76,197.8,2
573395,113,158.96,2
573396,135,174.92000000000002,2
573397,212,217.92000000000002,2
573398,118,213.4,2
573399,168,171.6,2
573400,16,50.400000000000006,2
573401,266,269.06,2
573402,206,176.84,2
573403,24,55.2,2
573404,84,166.20000000000002,2
573405,396,415.08,0
573406,373,738.11,0
573407,182,319.03,2
573408,37,94.99000000000001,2
573409,4,33.0,2
573410,32,32.88,2
573411,176,333.12,2
573412,28,54.6,2
573413,187,335.85,2
573414,143,261.93,2
573415,282,611.36,0
573416,90,245.32,2
573417,159,169.76,2
573418,223,427.93,2
573419,70,141.94,2
573420,368,939.7,0
573421,78,218.46,2
573422,12,17.4,2
573423,27,87.45,2
573424,10,20.8,2
573425,81,160.55,2
573426,218,874.18,0
573428,254,241.02,2
573430,110,333.64,2
573442,54,154.66,2
573452,22,65.88,2
573464,240,301.32000000000005,2
573481,222,588.4,0
573483,48,93.36000000000001,2
573484,72,78.96000000000001,2
573485,302,513.28,0
573486,125,260.83000000000004,2
573492,48,154.55,2
573496,241,468.56,0
573500,132,190.02,2
573501,322,822.7,0
573504,123,108.03999999999999,2
573507,32,79.2,2
573508,76,214.97,2
573509,208,298.62,2
573510,133,193.89,2
573511,548,982.4,0
573512,132,130.08,2
573531,12,19.8,2
573532,24,118.8,2
573540,2,10.5,2
573542,233,271.83,2
573543,158,224.4,2
573544,185,336.24,2
573545,75,156.45,2
573546,230,488.82,0
573548,415,672.55,0
573551,273,728.6700000000001,0
573552,330,396.38,0
573553,305,1230.01,0
573556,204,447.0,2
573564,323,656.25,0
573572,45,165.57,2
573576,1170,3271.56,1
573578,110,232.96,2
573579,86,149.92,2
573580,134,534.63,2
573581,359,512.71,0
573582,273,640.9100000000001,0
573583,42,152.84,2
573584,282,1092.64,0
573585,3654,9624.43,1
573587,128,242.38,2
573588,43,79.65,2
573589,1,0.55,2
573599,30,112.5,2
573601,244,891.05,0
573629,64,85.32,2
573632,94,219.2,2
573633,45,185.6,2
573656,89,270.75,2
573665,273,546.15,0
573666,123,186.52,2
573669,1,2.46,2
573695,10,26.97,2
573744,278,296.58,2
573745,125,301.41,2
573746,30,62.400000000000006,2
573747,177,151.3,2
573748,585,1143.8200000000002,0
573749,72,154.32,2
573757,21,78.75,2
573758,50,108.98,2
573762,116,190.92000000000002,2
573763,238,578.9,0
573769,163,266.73,2
573770,92,141.2,2
573772,75,143.0,2
573773,274,743.4200000000001,0
573776,21,65.55000000000001,2
573777,156,136.44,2
573778,162,488.1,2
573780,209,303.53000000000003,2
573808,69,173.71,2
573814,328,351.38,0
573822,224,492.86,0
573829,264,325.91,2
573830,76,148.96,2
573840,12,91.8,2
573841,50,102.72,2
573846,18,83.7,2
573863,202,392.58,2
573865,57,119.07,2
573866,145,293.19,2
573867,176,356.44,2
573868,183,350.75,2
573870,68,144.35,2
573871,114,153.42000000000002,2
573872,175,306.97,2
573873,103,180.03,2
573874,415,476.07,0
573875,91,147.22,2
573876,350,487.01,0
573877,60,109.80000000000001,2
573878,40,143.0,2
573879,50,95.32000000000001,2
573886,310,280.06,0
573887,25,94.75,2
573888,253,216.52,2
573889,151,199.32,2
573890,7,17.85,2
573891,205,349.17,2
573892,251,640.23,0
573893,60,171.20000000000002,2
573894,16,26.52,2
573895,1,7.5,2
573896,18,107.10000000000001,2
573897,483,481.93,0
573898,52,149.08,2
573899,98,173.74,2
573900,23,70.25,2
573901,248,275.86,2
573902,40,227.98000000000002,2
573903,258,631.69,0
573904,490,910.65,0
573905,62,124.46000000000001,2
573906,112,195.02,2
573907,66,225.9,2
573908,77,354.49,2
573909,61,142.57,2
573910,62,210.9,2
573911,119,173.3,2
573913,324,473.42,0
573914,168,251.56,2
573915,92,207.1,2
573916,16,22.34,2
573917,18,22.5,2
573918,52,115.58,2
573921,144,204.92000000000002,2
573922,8,16.8,2
573923,94,198.57,2
573924,166,284.26,2
573927,72,282.2,2
573928,49,150.97,2
573930,25,48.66,2
573931,203,296.76,2
573934,104,256.14,2
573937,411,542.0,0
573945,103,211.47,2
573955,240,441.9,0
573992,347,489.79,0
573993,321,664.21,0
573994,1,7.5,2
573996,149,245.03,2
573999,313,662.51,0
574009,192,320.05,2
574011,81,103.2,2
574013,24,66.0,2
574015,289,592.13,0
574016,45,103.53,2
574017,35,117.45,2
574018,48,90.96,2
574020,158,290.76,2
574021,44,241.2,2
574023,154,400.74,2
574024,78,79.08,2
574025,52,72.04,2
574029,684,964.9200000000001,0
574032,347,513.6,0
574033,96,277.0,2
574034,173,401.44,2
574035,60,113.01,2
574036,247,293.3,2
574037,161,97.5,2
574038,183,386.9,2
574039,66,127.30000000000001,2
574040,36,79.99000000000001,2
574041,24,19.92,2
574042,136,136.68,2
574043,386,554.12,0
574044,24,30.0,2
574045,100,409.08,2
574046,44,120.56,2
574047,136,245.56,2
574048,111,283.25,2
574049,14,23.21,2
574050,109,131.52,2
574051,146,211.89999999999998,2
574052,26,82.95,2
574053,502,721.98,0
574054,362,754.64,0
574055,56,220.10000000000002,2
574056,100,271.8,2
574059,62,87.97,2
574060,93,199.31,2
574062,534,992.4,0
574063,240,211.49,2
574064,214,313.74,2
574066,58,204.7,2
574067,290,1118.54,0
574068,188,362.7,2
574069,311,496.21000000000004,0
574070,198,339.0,2
574071,60,122.58000000000001,2
574072,130,342.1,2
574074,796,2300.73,1
574075,114,258.76,2
574076,961,2505.2799999999997,1
574077,125,190.05,2
574079,83,145.85,2
574080,71,117.49000000000001,2
574081,270,362.43,0
574082,78,111.08,2
574084,174,234.84,2
574085,115,175.89000000000001,2
574086,89,200.14,2
574087,56,114.2,2
574088,118,229.70000000000002,2
574089,154,232.1,2
574090,188,312.95,2
574091,302,283.74,0
574092,24,150.0,2
574093,512,635.5,0
574096,382,516.38,0
574097,256,452.88,0
574098,85,133.15,2
574099,79,192.35,2
574100,104,147.35,2
574102,110,278.52000000000004,2
574103,209,201.03,2
574104,277,431.11,0
574107,104,219.12,2
574138,24,10.08,2
574143,39,81.12,2
574149,280,640.3000000000001,0
574150,30,42.38,2
574154,119,216.99,2
574161,3,6.24,2
574165,164,185.64000000000001,2
574169,59,163.23000000000002,2
574170,311,475.24,0
574175,20,41.6,2
574182,276,280.92,2
574194,139,223.28,2
574196,16,30.0,2
574227,141,331.46000000000004,2
574228,250,301.2,2
574233,66,105.78,2
574234,54,78.84,2
574237,171,319.77,2
574239,217,387.38,2
574240,381,559.31,0
574241,24,10.08,2
574245,24,34.8,2
574246,12,45.0,2
574247,121,303.13,2
574249,153,393.34000000000003,2
574250,104,133.66,2
574251,112,254.7,2
574252,90,207.48000000000002,2
574253,423,440.23,0
574255,39,74.25,2
574258,58,104.74000000000001,2
574260,79,253.85,2
574262,314,503.34000000000003,0
574265,123,303.45,2
574269,556,843.24,0
574270,2,6.58,2
574272,36,55.32000000000001,2
574273,118,193.18,2
574274,24,30.0,2
574275,119,177.82999999999998,2
574278,116,265.64,2
574279,40,123.08,2
574280,108,339.0,2
574281,123,128.37,2
574282,20,110.5,2
574283,4,10.2,2
574284,145,312.75,2
574286,38,92.46000000000001,2
574287,124,149.0,2
574289,96,40.32,2
574290,110,253.97,2
574292,70,113.86,2
574295,42,149.10000000000002,2
574297,287,497.21000000000004,0
574298,842,2127.98,1
574299,107,222.41,2
574300,124,309.66,2
574301,134,316.7,2
574302,125,321.07,2
574303,48,155.4,2
574304,148,350.38,2
574305,102,95.28,2
574306,196,304.72,2
574307,50,116.56,2
574308,359,543.03,0
574309,1,2.55,2
574310,411,661.21,0
574311,432,832.22,0
574312,115,132.28,2
574313,173,367.69,2
574314,152,261.8,2
574315,38,183.25999999999996,2
574316,21,159.85,2
574317,272,254.48000000000002,2
574319,24,195.6,2
574320,20,7.800000000000001,2
574321,118,233.84,2
574323,57,95.01,2
574325,12,76.19999999999999,2
574326,279,290.3,2
574327,127,265.29,2
574328,2310,3868.37,1
574329,170,387.34,2
574330,54,63.06,2
574331,264,262.26,2
574333,15,81.75,2
574334,24,47.400000000000006,2
574335,13,42.45,2
574336,532,873.84,0
574338,234,352.46,2
574340,130,156.25,2
574342,181,203.81,2
574343,254,360.56,2
574345,168,340.48,2
574346,108,149.4,2
574348,48,132.96,2
574349,196,494.2,2
574351,159,109.49,2
574353,145,312.55,2
574354,88,170.85,2
574355,32,85.32000000000001,2
574356,281,1419.83,0
574368,248,335.28000000000003,2
574383,16,80.60000000000001,2
574387,142,292.56,2
574393,174,324.3,2
574428,3,12.05,2
574432,8,5.34,2
574442,54,138.6,2
574444,151,198.47,2
574445,198,310.02000000000004,2
574466,154,335.72,2
574467,20,41.6,2
574468,8,47.6,2
574470,178,55.86,2
574471,306,402.12,0
574474,110,227.92000000000002,2
574475,239,282.36,2
574476,141,177.06,2
574477,267,322.83,2
574478,160,261.14,2
574479,88,103.56,2
574480,183,296.19,2
574481,455,531.72,0
574482,14,16.54,2
574484,312,429.15000000000003,0
574490,112,241.02,2
574491,163,304.75,2
574501,304,327.89,0
574502,45,81.26,2
574506,28,71.62,2
574509,200,269.25,2
574511,279,324.57,0
574513,56,337.79999999999995,2
574514,74,185.4,2
574519,1,8.25,2
574521,198,379.7,2
574523,108,390.6,2
574528,61,142.5,2
574529,97,139.32,2
574530,156,192.32999999999998,2
574531,71,37.29,2
574532,1284,2026.6000000000001,1
574533,122,290.4,2
574534,48,223.2,2
574535,85,133.91,2
574536,195,264.78,2
574537,70,71.66,2
574544,908,1625.2,1
574545,270,557.38,0
574547,215,429.65,2
574549,1,1.45,2
574550,317,647.82,0
574555,196,198.68,2
574556,18,16.9,2
574557,60,146.60000000000002,2
574559,339,453.93,0
574560,214,307.78000000000003,2
574561,826,2053.0,1
574573,65,136.39000000000001,2
574574,2,6.2,2
574575,214,357.29,2
574576,6,8.7,2
574586,66,247.9,2
574587,569,1075.49,0
574588,20,41.6,2
574589,62,115.63,2
574590,118,249.94,2
574591,113,289.63,2
574592,54,105.10000000000001,2
574619,93,204.55,2
574624,191,538.74,0
574629,49,196.59,2
574631,40,287.4,2
574643,134,214.92000000000002,2
574653,80,132.0,2
574654,53,137.05,2
574655,90,191.51,2
574656,107,196.9,2
574657,232,439.66,0
574659,95,203.84,2
574660,221,283.56,2
574661,163,396.65000000000003,2
574662,217,424.07,2
574663,169,341.72,2
574664,76,158.8,2
574665,6,17.34,2
574667,221,484.77,0
574668,6,29.700000000000003,2
574669,120,223.08,2
574670,125,251.71,2
574671,45,100.28,2
574672,129,210.31,2
574673,534,371.4,0
574674,57,109.85,2
574675,244,430.64,0
574676,59,133.25,2
574677,109,208.06,2
574678,821,1295.57,0
574679,148,232.12,2
574680,304,553.1,0
574681,264,270.0,2
574682,179,288.08,2
574683,151,300.28,2
574684,518,787.09,0
574685,86,174.9,2
574686,225,186.19,2
574687,10,14.5,2
574688,4,5.8,2
574689,2,3.9,2
574690,541,498.25,0
574691,93,124.51,2
574692,81,144.3,2
574693,68,150.62,2
574694,134,245.56,2
574695,18,67.69,2
574696,122,202.88,2
574697,60,90.36000000000001,2
574698,44,82.6,2
574699,167,303.25,2
574700,595,1043.54,0
574701,156,248.84,2
574702,135,258.13,2
574703,18,23.39,2
574704,213,613.41,0
574705,19,19.45,2
574706,196,265.8,2
574707,354,1200.02,0
574708,10,70.8,2
574709,554,804.08,0
574710,247,457.26,0
574711,18,78.0,2
574713,65,169.57,2
574714,390,537.87,0
574715,93,346.35,2
574716,26,72.13,2
574717,38,88.9,2
574718,228,421.8,2
574719,210,304.46000000000004,2
574720,251,423.41,0
574721,189,312.76,2
574722,374,360.31,0
574723,32,82.94,2
574724,20,99.0,2
574725,70,121.06,2
574726,297,347.59,0
574727,10,9.14,2
574728,191,277.71,2
574730,24,55.5,2
574731,12,35.400000000000006,2
574732,356,694.5,0
574733,567,1140.71,0
574734,183,350.01,2
574735,50,59.36,2
574736,4,31.8,2
574737,259,558.59,0
574738,138,241.14000000000001,2
574739,186,348.38,2
574740,1603,3410.81,1
574741,261,360.82,0
574742,4,5.0,2
574743,75,218.29,2
574744,106,266.36,2
574745,192,123.96,2
574746,108,489.6,2
574747,239,357.81,2
574749,366,522.86,0
574750,216,361.38,2
574751,27,44.85,2
574752,12,24.96,2
574754,94,129.76000000000002,2
574755,70,286.32,2
574756,128,306.2,2
574777,160,285.64,2
574824,128,268.64,2
574826,332,342.94,0
574827,48,45.599999999999994,2
574830,211,285.31,2
574831,134,67.6,2
574832,140,462.6,2
574833,33,100.95,2
574834,160,528.3,2
574835,136,407.96000000000004,2
574836,263,503.15000000000003,0
574837,298,396.49,0
574839,101,346.90000000000003,2
574840,79,143.22,2
574841,21,67.83,2
574842,61,114.75,2
574844,88,194.26,2
574846,82,148.26,2
574852,81,186.71,2
574856,439,1887.47,0
574861,65,166.92,2
574862,248,487.98,0
574863,372,613.94,0
574864,360,714.66,0
574866,207,226.57,2
574867,95,207.99,2
574868,108,269.1,2
574869,137,242.87,2
574870,73,99.39,2
574871,27,118.92,2
574873,79,201.05,2
574874,66,155.8,2
574877,202,231.42,2
574878,20,119.28999999999999,2
574880,42,114.45,2
574881,63,115.23,2
574882,174,392.07,2
574883,83,102.34,2
574885,88,164.16,2
574887,128,154.72,2
574888,78,162.3,2
574889,63,213.45,2
574890,20,75.0,2
574891,51,93.69,2
574892,226,398.88,2
574893,79,149.43,2
574895,100,316.42,2
574896,60,143.06,2
574898,464,804.74,0
574899,100,101.4,2
574901,280,510.67,0
574903,186,305.62,2
574907,169,341.51,2
574908,24,42.96,2
574909,43,114.47,2
574910,118,156.72,2
574911,130,151.04,2
574913,22,97.7,2
574914,140,170.58,2
574915,226,661.98,0
574916,68,177.3,2
574917,28,38.14,2
574918,160,208.95000000000002,2
574919,52,102.3,2
574920,160,418.26,2
574921,251,686.85,0
574923,117,176.55,2
574933,96,153.3,2
574934,180,303.16,2
574935,44,102.80000000000001,2
574936,135,139.31,2
574937,5,35.25,2
574938,12,19.8,2
574939,8,19.59,2
574940,130,172.88,2
574941,61,247.95000000000002,2
574942,48,29.759999999999998,2
574943,108,119.4,2
574944,96,94.56,2
574945,122,303.3,2
574947,36,65.4,2
574948,56,192.0,2
574949,138,194.3,2
574950,931,2270.14,1
574951,66,313.58,2
574952,123,172.33,2
574953,220,316.36,2
574956,269,589.83,0
574958,242,260.38,2
574959,112,198.92000000000002,2
574960,228,615.36,0
574961,114,79.61999999999999,2
574962,351,817.77,0
574963,176,316.22,2
574964,96,166.07999999999998,2
574965,96,163.25,2
574966,48,132.64000000000001,2
574967,346,1512.31,0
574994,61,138.16,2
575003,153,333.69,2
575007,516,528.24,0
575017,89,114.23,2
575034,63,113.33,2
575036,199,407.55,2
575037,181,271.25,2
575039,243,309.32,2
575040,300,585.76,0
575041,137,335.93,2
575043,1,4.95,2
575045,54,101.64,2
575046,81,147.25,2
575049,404,543.32,0
575051,208,399.04,2
575053,24,56.6,2
575054,163,337.89,2
575057,1,4.15,2
575059,82,114.58,2
575060,375,915.89,0
575061,26,111.9,2
575062,190,303.28000000000003,2
575063,138,316.14,2
575066,105,140.97,2
575067,347,634.25,0
575068,170,249.7,2
575069,61,174.11,2
575070,364,672.7,0
575071,70,145.6,2
575072,44,60.599999999999994,2
575073,539,722.07,0
575074,94,150.04,2
575075,57,182.55,2
575076,328,554.5600000000001,0
575077,72,209.5,2
575078,146,320.34000000000003,2
575080,24,20.4,2
575083,80,108.2,2
575084,2,7.4,2
575085,100,270.54,2
575086,534,965.0799999999999,0
575087,100,267.6,2
575088,18,64.7,2
575089,264,422.04,0
575090,23,67.65,2
575091,439,516.85,0
575117,165,207.52,2
575127,168,296.78000000000003,2
575128,266,447.68,0
575129,62,231.78,2
575130,5,12.01,2
575131,50,166.7,2
575132,166,303.6,2
575133,18,43.92,2
575134,26,97.7,2
575135,20,81.42,2
575136,178,366.78000000000003,2
575137,368,764.04,0
575138,609,2519.27,1
575139,216,274.63,2
575140,60,134.4,2
575141,435,787.2900000000001,0
575143,147,260.04,2
575144,235,472.76,0
575145,72,154.0,2
575146,146,577.8,2
575147,12,45.0,2
575148,181,377.05,2
575149,22,76.5,2
575151,128,248.08,2
575152,246,408.51,0
575154,78,135.32,2
575162,1,5.95,2
575163,2,9.9,2
575164,191,377.35,2
575165,44,74.03999999999999,2
575166,108,71.0,2
575167,122,251.82,2
575168,110,227.68,2
575169,181,368.46000000000004,2
575170,23,108.85000000000001,2
575176,1171,2823.7799999999997,1
575177,956,2377.81,1
575178,10,70.8,2
575179,89,317.65,2
575181,150,312.0,2
575182,20,33.0,2
575183,185,321.09,2
575185,100,436.8,2
575186,185,216.95,2
575187,174,93.0,2
575188,116,257.1,2
575189,24,25.2,2
575190,60,301.8,2
575191,60,162.0,2
575192,48,124.8,2
575193,340,616.24,0
575194,186,298.62,2
575195,202,271.36,2
575197,46,41.08,2
575198,19,71.25,2
575199,369,579.62,0
575200,6,12.48,2
575202,220,308.66,2
575203,24,42.96,2
575204,42,99.18,2
575206,382,637.62,0
575207,170,254.1,2
575208,24,15.6,2
575209,48,49.800000000000004,2
575210,120,294.24,2
575211,133,266.31,2
575212,169,270.03,2
575214,277,216.02,2
575215,25,124.25,2
575216,355,522.52,0
575217,47,117.65,2
575218,119,268.85,2
575219,321,809.26,0
575221,323,622.3000000000001,0
575222,132,298.56,2
575256,72,149.27999999999997,2
575258,105,134.49,2
575269,427,611.61,0
575297,50,172.14000000000001,2
575298,188,366.68,2
575299,100,345.26,2
575300,120,270.2,2
575301,13,48.79,2
575302,36,56.96,2
575303,90,176.55,2
575304,6,8.9,2
575305,148,274.0,2
575312,196,222.0,2
575317,26,41.7,2
575318,286,397.94,0
575319,31,76.05,2
575320,186,270.9,2
575321,38,83.14,2
575322,24,34.980000000000004,2
575323,279,514.9300000000001,0
575324,335,615.69,0
575325,149,291.3,2
575326,151,313.83000000000004,2
575329,28,112.4,2
575330,232,293.96,2
575331,557,1019.0600000000001,0
575333,95,360.61,2
575334,254,451.72,0
575336,126,139.09,2
575337,133,185.44,2
575339,82,159.02,2
575340,489,764.33,0
575342,93,229.57,2
575352,48,60.0,2
575356,10,49.5,2
575360,58,101.69999999999999,2
575366,326,431.74,0
575367,420,461.71999999999997,0
575368,97,182.23000000000002,2
575369,288,376.68,0
575370,44,125.80000000000001,2
575371,108,110.75999999999999,2
575383,148,126.11999999999999,2
575384,177,470.53000000000003,2
575387,64,76.8,2
575388,12,35.400000000000006,2
575389,101,97.63,2
575390,60,55.32,2
575391,90,87.78,2
575392,215,209.48,2
575410,168,379.6,2
575418,10,20.8,2
575433,10,20.8,2
575475,202,306.6,2
575476,61,70.43,2
575477,1179,3126.79,1
575480,53,182.55,2
575481,508,418.78,0
575482,172,278.78,2
575483,122,361.1,2
575484,139,338.43,2
575485,87,163.17,2
575486,316,721.52,0
575487,374,404.84,0
575490,130,158.82,2
575491,784,1348.82,0
575492,64,108.5,2
575493,111,210.69,2
575494,4,33.0,2
575495,170,553.0600000000001,2
575496,72,188.4,2
575497,12,34.68,2
575498,12,15.0,2
575499,186,378.92,2
575500,328,415.55,0
575501,106,170.7,2
575502,216,350.4,2
575504,290,591.22,0
575507,137,525.01,2
575508,64,271.2,2
575509,54,198.90000000000003,2
575510,32,136.0,2
575512,667,1064.08,0
575514,256,336.04,2
575515,143,245.55,2
575516,1371,3001.1,1
575517,104,271.52,2
575519,113,171.91,2
575520,138,207.16,2
575563,138,206.74,2
575574,62,110.14,2
575576,338,439.65999999999997,0
575581,32,45.6,2
575583,173,230.54,2
575584,100,227.4,2
575586,108,185.04,2
575587,300,324.35,0
575589,274,514.16,0
575591,46,106.1,2
575593,132,303.12,2
575595,60,125.4,2
575601,27,71.05,2
575602,456,724.73,0
575603,109,197.85,2
575604,90,212.70000000000002,2
575605,145,290.26,2
575607,905,2558.0299999999997,1
575609,227,364.25,2
575610,361,568.21,0
575611,260,113.5,2
575612,423,817.9300000000001,0
575618,70,119.30000000000001,2
575619,120,495.6,2
575620,125,198.39000000000001,2
575621,50,89.19,2
575622,369,352.23,0
575623,188,209.23,2
575624,127,224.17000000000002,2
575627,133,111.79,2
575628,48,151.08,2
575629,206,157.54,2
575631,125,154.22,2
575633,24,150.8,2
575634,112,184.06,2
575637,143,356.18,2
575639,96,121.80000000000001,2
575640,58,159.21,2
575642,159,271.65,2
575643,148,328.28000000000003,2
575647,392,856.4100000000001,0
575649,76,278.97,2
575652,4,23.8,2
575654,67,280.49,2
575655,51,90.33,2
575656,483,1347.5700000000002,0
575657,58,112.03999999999999,2
575658,12,24.96,2
575659,68,179.76,2
575660,76,149.8,2
575661,208,333.08,2
575668,61,108.4,2
575671,234,485.7,0
575673,132,266.76,2
575674,52,105.48,2
575675,1,1.95,2
575676,6,29.700000000000003,2
575677,4,17.7,2
575678,350,516.66,0
575680,428,563.52,0
575681,245,343.3,2
575682,141,279.5,2
575683,48,241.2,2
575684,32,63.2,2
575685,114,437.46,2
575686,174,347.68,2
575687,427,1561.53,0
575688,106,181.08,2
575689,56,139.36,2
575690,208,314.66,2
575691,29,108.15,2
575692,202,274.8,2
575693,78,265.2,2
575694,127,165.05,2
575695,94,226.60000000000002,2
575696,8,10.0,2
575697,60,77.64,2
575698,310,383.96,0
575700,148,329.68,2
575701,296,694.9200000000001,0
575702,92,108.86,2
575703,38,136.9,2
575705,224,568.64,0
575706,248,360.84,2
575707,187,324.15,2
575708,89,75.98,2
575710,19,49.730000000000004,2
575711,48,65.28,2
575712,36,30.119999999999997,2
575713,146,218.28,2
575718,65,210.92000000000002,2
575723,162,296.98,2
575724,23,102.65,2
575725,301,417.2,0
575726,241,432.61,0
575727,24,84.60000000000001,2
575728,366,822.33,0
575729,192,363.06,2
575730,61,120.61,2
575731,80,142.24,2
575732,47,171.65,2
575733,126,178.26000000000002,2
575734,60,188.68,2
575735,152,320.8,2
575736,76,155.6,2
575737,80,169.2,2
575738,120,138.92000000000002,2
575739,1114,2783.83,1
575740,287,386.72,0
575741,42,110.4,2
575742,180,328.96000000000004,2
575743,16,32.0,2
575744,84,210.44,2
575745,110,203.6,2
575747,208,329.28,2
575748,441,1894.95,0
575750,110,306.86,2
575751,673,1558.3600000000001,0
575753,148,218.61,2
575754,48,80.74000000000001,2
575755,279,272.58,2
575756,92,155.37,2
575757,71,147.1,2
575759,71,86.97,2
575760,247,469.63,0
575764,26,32.5,2
575765,211,325.01,2
575766,132,254.17,2
575767,112,181.85999999999999,2
575787,319,415.96000000000004,0
575828,134,231.9,2
575837,298,300.56,0
575838,147,288.63,2
575840,407,682.17,0
575842,189,269.29,2
575843,121,148.96,2
575844,14,14.28,2
575845,124,186.12,2
575846,579,818.58,0
575847,58,139.10000000000002,2
575848,231,236.86,2
575849,145,188.66,2
575851,217,188.47,2
575852,153,336.04,2
575853,25,81.43,2
575854,464,960.58,0
575855,73,160.89,2
575856,177,220.22,2
575866,24,94.80000000000001,2
575867,386,662.64,0
575868,433,653.22,0
575869,4,15.8,2
575870,131,276.26,2
575871,256,391.42,0
575874,56,61.36,2
575875,1181,3003.5699999999997,1
575877,116,416.56,2
575878,13,5.43,2
575880,412,488.65999999999997,0
575881,1,1.34,2
575884,200,359.12,2
575885,138,282.72,2
575886,313,479.0,0
575887,76,383.4,2
575889,106,184.26,2
575890,40,87.6,2
575891,138,191.04,2
575892,131,202.31,2
575893,118,194.38,2
575895,217,350.08,2
575896,363,661.96,0
575897,108,157.8,2
575898,123,285.53000000000003,2
575899,142,284.02,2
575900,6,5.84,2
575901,1,1.69,2
575902,441,425.02,0
575903,274,283.38,2
575904,66,162.22,2
575905,498,491.86,0
575906,83,96.92,2
575908,248,281.08,2
575910,2,3.0,2
575911,158,249.94,2
575914,274,356.26,0
575915,72,306.0,2
575917,384,574.86,0
575918,301,464.07,0
575919,431,1091.98,0
575922,260,479.8,0
575923,361,501.56,0
575924,89,149.23,2
575925,3,5.0,2
575928,6,7.5,2
575929,192,314.38,2
575930,1136,3223.0,1
575931,324,423.73,0
575932,255,424.37,0
575934,4,4.199999999999999,2
575935,188,234.4,2
575936,312,257.52,0
575937,207,267.66,2
575938,111,265.01,2
575939,177,303.79,2
575941,91,160.61,2
575942,357,312.91,0
575943,128,233.49,2
575944,232,430.82,0
575946,24,61.2,2
575947,471,1995.53,0
575948,29,41.05,2
575949,12,34.68,2
575950,181,292.79,2
575951,124,178.2,2
575952,238,200.68,2
575954,280,396.05,0
575955,56,95.76,2
575956,89,112.29,2
575957,105,101.97,2
575958,9,22.220000000000002,2
575959,550,970.78,0
575960,70,141.79,2
575961,33,99.98,2
575964,66,174.42000000000002,2
575965,325,342.95,0
575966,32,101.18,2
575967,1,2.95,2
575968,92,341.8,2
575969,191,228.97,2
575970,111,195.48000000000002,2
575971,138,308.1,2
575972,308,440.63,0
575973,474,839.5600000000001,0
575974,8,31.6,2
575975,231,552.37,0
575976,80,183.14000000000001,2
575977,82,133.31,2
575978,44,131.4,2
575979,132,116.64,2
575981,162,297.12,2
575982,29,101.25,2
575983,126,136.74,2
575984,68,141.44,2
575985,230,459.69,0
575986,120,230.1,2
575987,12,29.82,2
575988,52,75.0,2
575989,149,260.72,2
576014,145,243.22,2
576019,322,495.94,0
576025,72,121.4,2
576045,110,279.8,2
576051,712,1434.14,0
576052,188,305.44,2
576053,433,581.58,0
576054,58,86.82000000000001,2
576055,296,326.82,0
576056,125,282.15,2
576057,202,213.84,2
576058,24,68.4,2
576059,84,300.84,2
576060,68,179.67000000000002,2
576061,154,228.91,2
576062,694,855.06,0
576063,115,330.45,2
576064,69,123.08,2
576065,198,312.04,2
576066,131,167.67000000000002,2
576067,148,278.44,2
576068,187,296.75,2
576069,160,129.44,2
576070,385,512.76,0
576071,202,248.07,2
576073,144,105.44,2
576074,120,220.56,2
576075,400,483.90999999999997,0
576076,430,448.58,0
576077,132,139.03,2
576078,422,552.64,0
576079,68,124.82000000000001,2
576080,24,49.2,2
576081,241,291.36,2
576082,144,294.34000000000003,2
576083,124,160.8,2
576084,12,15.0,2
576085,146,218.72,2
576086,51,135.45,2
576087,335,584.98,0
576088,44,170.72,2
576089,99,303.63,2
576091,156,299.4,2
576092,276,353.76,0
576093,342,221.34,0
576094,116,165.48,2
576095,271,209.1,2
576096,22,40.6,2
576097,92,139.56,2
576098,292,494.48,0
576099,366,339.2,0
576111,24,78.0,2
576112,218,332.66,2
576121,87,247.09,2
576137,168,710.16,0
576141,168,276.42,2
576147,414,1030.9,0
576148,132,71.88,2
576172,228,971.16,0
576175,78,234.6,2
576176,134,246.11,2
576181,285,503.89,0
576182,92,100.22,2
576184,40,93.5,2
576186,52,157.3,2
576187,152,229.04,2
576188,52,106.56,2
576189,247,313.13,2
576190,60,129.08,2
576191,105,213.61,2
576196,98,129.42000000000002,2
576198,86,92.66,2
576200,143,226.85999999999999,2
576201,42,92.3,2
576202,60,196.20000000000002,2
576212,434,579.38,0
576213,243,220.67,2
576214,15,41.19,2
576215,140,269.12,2
576217,48,140.11,2
576219,48,107.28,2
576222,284,352.32,0
576224,108,142.92000000000002,2
576228,222,241.1,2
576236,140,289.52,2
576237,12,65.4,2
576238,3,6.24,2
576239,70,87.5,2
576245,220,447.12,0
576246,273,355.37,0
576249,143,284.71999999999997,2
576251,134,310.38,2
576252,545,596.55,0
576254,126,218.1,2
576255,291,333.4,0
576256,76,157.02,2
576259,118,307.42,2
576269,193,405.59,2
576274,78,186.82,2
576300,68,164.9,2
576301,141,234.78,2
576303,99,247.65,2
576317,114,134.16,2
576318,92,221.95,2
576321,150,252.09,2
576322,79,191.31,2
576323,141,271.95,2
576326,447,430.51,0
576327,67,170.03,2
576328,194,493.8,2
576329,1114,3019.32,1
576339,1815,5040.13,1
576345,335,563.53,0
576346,46,91.66000000000001,2
576347,2,8.2,2
576349,24,38.68,2
576351,98,208.16,2
576352,50,95.1,2
576353,159,300.79,2
576355,356,1016.5,0
576356,106,243.14000000000001,2
576357,171,314.27,2
576358,6,17.34,2
576359,24,61.2,2
576361,6,7.5,2
576362,259,557.73,0
576364,275,555.36,0
576365,79,414.05,2
576370,216,309.0,2
576371,116,165.56,2
576372,314,696.24,0
576373,23,113.73,2
576374,36,127.44,2
576376,124,163.12,2
576377,34,56.5,2
576378,138,290.01,2
576379,194,285.28,2
576380,94,84.74,2
576381,378,490.52,0
576382,9,32.550000000000004,2
576383,62,181.02,2
576384,54,162.82,2
576385,7,34.65,2
576387,46,141.4,2
576388,212,282.98,2
576390,54,102.9,2
576391,303,1311.94,0
576392,84,219.96,2
576394,10,70.8,2
576395,12,61.2,2
576396,103,242.22000000000003,2
576398,47,205.25,2
576399,437,423.99,0
576400,128,364.78000000000003,2
576403,31,80.35000000000001,2
576405,160,419.64000000000004,2
576406,411,412.74,0
576412,150,213.3,2
576447,184,259.6,2
576463,263,377.63,0
576503,126,276.1,2
576508,180,214.91,2
576510,46,111.06,2
576511,41,175.53,2
576513,117,193.78,2
576514,52,140.94,2
576516,122,202.6,2
576518,67,129.09,2
576519,66,141.66,2
576520,89,160.20000000000002,2
576521,300,935.4000000000001,0
576538,340,458.48,0
576539,25,123.75,2
576540,33,75.3,2
576543,164,256.3,2
576553,159,175.35,2
576554,181,249.34,2
576555,191,220.59,2
576556,163,269.53000000000003,2
576557,34,46.9,2
576558,36,59.760000000000005,2
576559,87,172.08,2
576560,216,258.74,2
576563,73,210.55,2
576564,89,263.57,2
576567,79,114.0,2
576568,104,213.78,2
576570,88,145.88,2
576571,104,186.8,2
576572,7,11.55,2
576573,146,104.1,2
576574,109,555.09,2
576575,120,291.34000000000003,2
576577,62,135.7,2
576581,283,541.13,0
576587,202,265.96,2
576588,5,5.8100000000000005,2
576589,245,383.09000000000003,2
576590,485,939.42,0
576592,251,474.68,0
576593,240,472.23,0
576595,102,81.78,2
576596,48,72.0,2
576597,311,786.73,0
576598,102,318.70000000000005,2
576599,431,719.76,0
576600,129,324.40000000000003,2
576601,22,81.54,2
576602,150,541.3,2
576603,190,433.38,2
576604,92,295.15,2
576605,65,205.89,2
576606,40,134.0,2
576607,522,638.86,0
576609,193,201.37,2
576610,42,27.9,2
576611,147,341.64,2
576612,2,5.9,2
576613,52,230.44,2
576614,121,250.04,2
576615,218,339.51,2
576616,28,49.2,2
576617,1352,3306.2599999999998,1
576618,1170,3073.02,1
576622,43,105.76,2
576624,178,396.0,2
576625,34,121.6,2
576626,220,369.88,2
576627,58,74.78,2
576628,222,291.88,2
576629,244,505.28000000000003,0
576630,90,181.98000000000002,2
576631,40,147.2,2
576633,105,281.51,2
576634,44,94.56,2
576635,24,118.8,2
576636,24,54.0,2
576637,4,27.0,2
576638,116,206.6,2
576639,140,269.7,2
576641,30,54.660000000000004,2
576642,53,112.71000000000001,2
576644,590,2550.22,1
576645,402,558.66,0
576646,188,333.2,2
576648,112,136.42000000000002,2
576649,77,129.35,2
576650,1297,1658.7,1
576651,169,458.77000000000004,2
576652,75,98.36,2
576653,24,30.0,2
576654,67,144.06,2
576655,153,335.53000000000003,2
576656,24,30.0,2
576657,259,355.02,0
576658,129,228.41,2
576660,60,201.8,2
576661,42,102.79,2
576663,66,188.58,2
576665,451,832.9,0
576666,2,4.2,2
576667,207,407.09000000000003,2
576669,24,59.760000000000005,2
576671,54,55.16,2
576672,214,551.4,0
576676,80,134.6,2
576677,143,319.86,2
576684,232,608.86,0
576686,257,352.3,2
576687,82,159.13,2
576688,766,1779.56,1
576689,195,211.57,2
576690,216,337.28000000000003,2
576692,130,187.52,2
576694,159,233.05,2
576695,99,177.93,2
576696,388,543.54,0
576704,27,97.82000000000001,2
576734,96,184.4,2
576736,24,70.80000000000001,2
576758,112,273.03999999999996,2
576768,60,349.8,2
576769,67,107.45,2
576770,101,166.00000000000003,2
576771,597,739.02,0
576772,24,183.6,2
576774,136,224.60000000000002,2
576778,114,199.76,2
576779,534,920.74,0
576780,123,288.76,2
576781,104,127.28,2
576783,235,475.13,0
576784,218,384.18,2
576786,53,59.989999999999995,2
576787,407,772.49,0
576789,72,28.08,2
576792,59,82.05000000000001,2
576809,156,242.22000000000003,2
576824,90,309.66,2
576826,36,49.8,2
576828,18,54.46,2
576829,33,114.50999999999999,2
576830,149,278.13,2
576832,111,152.07999999999998,2
576833,211,150.21,2
576834,193,389.41,2
576836,84,142.68,2
576837,1473,3925.88,1
576838,166,308.58,2
576840,1073,3051.2,1
576841,28,65.98,2
576842,190,281.76,2
576844,164,455.36,2
576845,44,200.2,2
576846,240,471.3,0
576847,132,270.96,2
576848,122,228.68,2
576849,7,23.55,2
576851,144,223.28,2
576852,194,294.32,2
576853,9,53.550000000000004,2
576854,36,42.36000000000001,2
576855,164,162.17000000000002,2
576857,129,171.07,2
576859,152,495.78000000000003,2
576860,591,749.2,0
576861,122,116.44,2
576862,125,290.81,2
576863,120,203.22,2
576864,179,200.78,2
576865,43,69.79,2
576867,119,247.05,2
576872,108,232.98000000000002,2
576873,101,86.44,2
576874,65,171.19000000000003,2
576875,70,145.6,2
576876,148,361.98,2
576877,24,6.959999999999999,2
576878,52,86.6,2
576879,92,275.08000000000004,2
576880,145,276.72,2
576881,137,252.81,2
576888,98,210.9,2
576889,148,292.67,2
576890,221,292.65,2
576891,42,120.9,2
576892,34,30.16,2
576893,104,154.88,2
576894,102,204.86,2
576896,18,53.1,2
576897,76,104.96000000000001,2
576899,235,604.33,0
576900,78,163.98000000000002,2
576901,87,194.55,2
576902,20,99.0,2
576904,77,161.63,2
576905,164,285.88,2
576906,407,558.64,0
576907,168,208.2,2
576909,447,662.52,0
576910,422,1597.44,0
576911,313,327.56,0
576912,60,108.36,2
576913,60,55.08,2
576914,46,45.699999999999996,2
576915,22,25.7,2
576916,104,254.8,2
576917,143,289.1,2
576920,230,419.36,2
576922,20,7.800000000000001,2
576923,24,102.0,2
576924,201,477.67,2
576926,138,316.34000000000003,2
576927,714,1356.78,0
576928,22,31.0,2
576929,54,112.78,2
576930,114,243.44,2
576931,322,267.94,0
576932,202,416.11,2
576933,240,311.04,2
576941,156,342.28000000000003,2
576948,180,443.54,2
576958,9,13.05,2
576971,146,175.1,2
576984,59,148.85,2
576995,62,194.66,2
577008,104,126.72000000000001,2
577009,153,433.79,2
577010,378,354.1,0
577011,24,30.0,2
577016,378,720.5,0
577018,6,47.7,2
577019,46,92.10000000000001,2
577020,139,270.07,2
577022,194,321.6,2
577023,208,392.0,2
577024,91,130.45,2
577025,171,323.37,2
577026,79,243.6,2
577027,36,106.2,2
577028,92,191.4,2
577029,451,486.41,0
577030,84,127.44,2
577031,170,301.64,2
577032,56,91.8,2
577033,225,393.75,2
577034,534,633.49,0
577035,126,341.15999999999997,2
577036,16,34.67,2
577038,345,393.28000000000003,0
577039,428,838.96,0
577043,90,174.9,2
577046,489,978.71,0
577047,18,53.10000000000001,2
577048,38,65.7,2
577049,100,254.88,2
577050,438,602.59,0
577051,109,136.98,2
577052,146,382.63,2
577053,185,351.99,2
577054,96,103.2,2
577055,72,319.8,2
577056,137,571.35,2
577057,246,380.41,2
577058,228,362.05,2
577059,92,135.36,2
577060,56,86.8,2
577061,377,750.84,0
577062,88,108.08,2
577063,75,239.85000000000002,2
577064,10,70.5,2
577065,53,146.35000000000002,2
577067,24,42.96,2
577069,10,19.16,2
577071,299,651.6,0
577072,20,79.80000000000001,2
577074,164,197.16,2
577076,95,138.75,2
577077,316,427.71,0
577078,1242,3521.5299999999997,1
577079,16,43.3,2
577080,136,334.2,2
577082,263,426.1,0
577083,57,73.71000000000001,2
577084,27,116.85,2
577085,82,131.54000000000002,2
577086,206,165.3,2
577089,72,153.4,2
577090,95,168.45,2
577091,41,98.05000000000001,2
577092,202,394.7,2
577093,144,336.36,2
577094,52,125.84,2
577095,143,205.52,2
577097,48,208.8,2
577098,70,175.0,2
577099,154,253.28,2
577100,20,59.0,2
577101,66,130.7,2
577103,22,53.7,2
577104,78,264.98,2
577105,118,186.18,2
577106,220,303.97,2
577107,302,692.26,0
577108,151,244.15,2
577109,206,253.62,2
577110,78,93.48,2
577121,297,445.19,0
577125,60,77.4,2
577126,917,1664.45,1
577127,192,445.08000000000004,2
577128,57,105.59,2
577129,24,46.8,2
577132,28,104.36,2
577133,56,39.2,2
577134,20,141.6,2
577135,42,75.24000000000001,2
577136,40,170.0,2
577138,6,17.700000000000003,2
577139,22,42.900000000000006,2
577140,18,55.6,2
577141,307,485.14,0
577142,171,344.51,2
577143,68,117.38,2
577146,10,65.5,2
577148,58,263.9,2
577150,410,1896.98,0
577152,250,422.6,0
577155,144,335.48,2
577156,415,525.13,0
577157,499,653.6,0
577158,132,300.68,2
577160,213,334.56,2
577161,116,245.4,2
577162,30,137.3,2
577165,112,112.32,2
577167,131,286.98,2
577169,90,110.46000000000001,2
577170,53,176.55,2
577171,517,609.33,0
577172,74,115.05,2
577173,246,404.78000000000003,0
577174,131,273.8,2
577175,120,199.66,2
577176,141,316.45,2
577177,2,4.16,2
577178,95,137.31,2
577179,16,92.4,2
577180,117,270.85,2
577182,186,304.7,2
577202,48,142.56,2
577217,200,168.60999999999999,2
577218,110,90.58,2
577228,263,406.88,0
577230,129,127.33,2
577231,6,22.5,2
577235,105,175.35,2
577252,238,215.51,2
577256,92,257.3,2
577258,107,213.93,2
577286,60,90.89,2
577295,82,191.8,2
577296,116,142.87,2
577297,212,277.56,2
577298,207,401.97,2
577299,80,108.0,2
577300,286,306.24,0
577301,9,30.450000000000003,2
577302,53,115.77,2
577303,308,745.9,0
577308,115,240.53,2
577309,269,379.19,0
577311,36,106.06,2
577312,322,657.34,0
577313,61,49.620000000000005,2
577314,209,436.59,2
577315,116,187.35,2
577316,400,893.9,0
577317,85,166.23,2
577318,281,763.13,0
577319,136,152.84,2
577320,257,379.65,0
577321,74,212.31,2
577324,223,278.41,2
577328,18,53.1,2
577329,47,169.06,2
577331,173,290.52,2
577332,151,297.65000000000003,2
577333,130,370.14,2
577334,2,16.5,2
577335,30,118.98000000000002,2
577336,91,228.99,2
577337,64,119.8,2
577338,150,166.07999999999998,2
577341,448,685.32,0
577344,86,104.1,2
577347,102,102.12,2
577352,50,126.0,2
577355,288,702.36,0
577356,60,114.60000000000001,2
577357,180,380.52,2
577358,1252,3226.42,1
577359,198,346.56,2
577361,4,15.0,2
577365,131,249.33,2
577382,16,12.4,2
577387,1,4.25,2
577393,180,602.13,0
577396,88,182.32,2
577400,328,571.24,0
577401,1,4.25,2
577402,50,252.66,2
577403,257,388.81,0
577404,134,300.02,2
577405,38,89.3,2
577406,52,201.0,2
577407,68,75.8,2
577408,13,91.05,2
577409,124,525.9,2
577410,161,219.0,2
577411,245,376.9,2
577429,208,221.2,2
577438,84,187.31,2
577443,48,33.599999999999994,2
577469,190,255.08,2
577472,388,852.64,0
577473,210,311.61,2
577474,68,57.08,2
577475,220,349.51,2
577476,301,682.35,0
577477,37,135.55,2
577478,126,190.72,2
577479,357,759.71,0
577480,272,578.2,0
577482,144,319.64,2
577483,241,317.13,2
577484,87,162.75,2
577485,411,664.99,0
577487,72,113.04000000000002,2
577488,92,167.76,2
577489,42,80.93,2
577490,197,289.74,2
577491,49,125.99000000000001,2
577492,74,45.62,2
577493,154,211.8,2
577494,18,35.1,2
577495,115,197.1,2
577496,24,107.6,2
577497,192,284.86,2
577498,68,129.88,2
577499,15,24.11,2
577500,86,198.41,2
577501,246,294.16,2
577502,211,482.59000000000003,0
577503,70,180.9,2
577504,713,821.59,0
577505,123,353.31,2
577506,204,359.91,2
577507,129,225.44,2
577508,106,145.94,2
577510,12,19.8,2
577511,107,137.5,2
577512,70,184.62,2
577514,91,172.29000000000002,2
577515,64,79.12,2
577516,75,107.7,2
577517,155,353.81,2
577518,50,126.7,2
577519,387,629.5,0
577520,187,141.48,2
577521,62,83.15,2
577522,77,112.13,2
577523,75,165.21,2
577524,216,377.8,2
577525,81,100.95,2
577526,318,554.34,0
577527,95,154.82999999999998,2
577528,63,177.31,2
577530,122,243.5,2
577531,474,1838.3899999999999,0
577532,233,118.98,2
577533,71,135.11,2
577534,15,16.95,2
577535,218,256.0,2
577536,58,108.77,2
577537,160,149.44,2
577538,50,101.2,2
577539,346,447.56,0
577540,38,100.14,2
577541,148,340.9,2
577542,94,130.04,2
577543,182,285.56,2
577544,348,617.56,0
577545,238,294.93,2
577546,25,10.5,2
577548,70,29.4,2
577549,299,408.21,0
577550,221,257.96999999999997,2
577551,120,205.98000000000002,2
577552,90,150.3,2
577554,102,197.03,2
577555,4,33.0,2
577556,28,52.2,2
577557,214,351.56,2
577572,45,108.75,2
577579,38,111.18,2
577594,109,215.92000000000002,2
577595,99,169.16,2
577597,252,281.90000000000003,2
577598,228,249.57999999999998,2
577599,202,316.90000000000003,2
577600,126,290.76,2
577601,432,873.6800000000001,0
577602,175,329.04,2
577603,99,130.09,2
577604,32,43.2,2
577605,72,109.2,2
577606,141,213.69,2
577607,12,95.4,2
577609,547,1197.15,0
577610,68,213.78,2
577613,611,760.35,0
577615,308,551.3,0
577616,110,273.24,2
577617,90,95.52000000000001,2
577618,53,192.33,2
577633,387,941.11,0
577646,160,92.64,2
577669,30,59.7,2
577680,33,17.41,2
577687,220,257.8,2
577689,195,278.45,2
577690,140,299.94,2
577691,30,96.96000000000001,2
577694,65,112.45,2
577695,224,530.41,0
577696,116,154.35,2
577697,86,121.02,2
577698,179,203.92000000000002,2
577699,234,400.70000000000005,2
577700,106,174.83,2
577701,64,183.32,2
577711,90,141.59,2
577716,228,174.6,2
577719,60,75.0,2
577720,50,62.5,2
577721,54,97.72,2
577723,287,416.8,0
577724,26,97.5,2
577725,14,45.300000000000004,2
577726,68,147.12,2
577728,168,288.73,2
577729,384,532.24,0
577730,39,128.91,2
577732,97,347.2,2
577733,106,123.77000000000001,2
577734,54,132.0,2
577735,96,91.12,2
577736,62,52.47,2
577738,18,125.10000000000001,2
577739,40,60.8,2
577740,193,411.35,2
577741,201,467.11,2
577742,210,316.27,2
577743,63,135.16,2
577744,98,288.9,2
577745,364,359.4,0
577746,257,349.19,2
577748,796,1397.5,0
577749,294,490.35,0
577751,122,165.42,2
577754,276,618.12,0
577755,82,171.96,2
577756,147,238.81,2
577757,11,13.77,2
577768,1086,3010.25,1
577769,270,427.58,0
577770,121,188.44,2
577771,20,41.6,2
577772,400,458.4,0
577773,239,370.96,2
577774,203,349.97,2
577777,4,8.73,2
577778,71,139.97,2
577780,1,2.95,2
577782,118,240.5,2
577783,228,548.52,0
577784,145,102.66,2
577785,416,561.35,0
577790,38,104.1,2
577791,757,916.49,0
577792,7,31.85,2
577793,67,115.53,2
577794,446,524.58,0
577795,51,93.51,2
577796,58,165.9,2
577797,12,15.0,2
577798,168,187.84,2
577800,436,614.38,0
577801,118,40.14,2
577802,10,29.5,2
577803,8,16.080000000000002,2
577804,92,189.87,2
577805,34,152.16,2
577806,26,82.0,2
577807,106,216.9,2
577808,8,30.0,2
577809,50,264.9,2
577811,130,183.24,2
577812,108,225.04,2
577813,314,487.74,0
577814,86,106.02,2
577816,360,645.72,0
577818,195,256.45,2
577820,30,82.5,2
577824,97,301.29,2
577825,58,131.97,2
577826,107,130.98000000000002,2
577827,81,256.95,2
577830,52,113.4,2
577831,190,266.7,2
577833,52,93.2,2
577834,319,441.89,0
577835,157,216.02,2
577837,48,84.84,2
577838,156,289.52,2
577840,32,40.64,2
577841,38,119.7,2
577842,81,312.35,2
577844,387,1954.8799999999999,0
577845,399,482.7,0
577848,9,44.55,2
577850,764,958.72,0
577851,120,309.68,2
577853,44,117.08000000000001,2
577854,88,189.64000000000001,2
577855,172,239.31,2
577856,110,157.0,2
577857,20,41.6,2
577858,1,2.95,2
577859,111,238.41,2
577860,120,65.64,2
577861,236,351.64,2
577869,276,287.88,2
577880,88,167.66,2
577893,155,229.37,2
577905,96,291.6,2
577919,49,121.05,2
577938,158,193.76,2
577950,115,221.65,2
577951,192,247.68,2
577973,22,83.52,2
577980,33,81.95,2
577985,69,123.6,2
578004,39,28.85,2
578005,114,468.9,2
578006,218,319.96000000000004,2
578008,127,209.28,2
578009,58,114.14,2
578011,204,292.59000000000003,2
578012,12,59.400000000000006,2
578013,112,103.41,2
578015,36,55.800000000000004,2
578016,210,402.57,2
578017,111,199.1,2
578018,216,290.2,2
578019,49,115.53,2
578020,154,355.91,2
578021,8,21.85,2
578022,77,186.95000000000002,2
578023,24,30.0,2
578024,333,571.2,0
578025,348,237.36,0
578026,162,429.98,2
578027,304,462.7,0
578028,27,55.81,2
578029,277,786.9,0
578030,254,662.66,0
578031,76,330.8,2
578032,254,573.04,0
578033,153,354.95,2
578035,60,71.4,2
578036,225,343.4,2
578037,30,9.5,2
578038,114,256.14,2
578040,117,199.48000000000002,2
578041,668,1198.74,0
578043,179,346.17,2
578044,306,572.86,0
578045,62,99.78,2
578053,210,275.28000000000003,2
578054,76,134.10000000000002,2
578055,110,186.06,2
578056,158,230.86,2
578057,90,114.84,2
578058,56,81.66,2
578059,92,192.60000000000002,2
578063,132,235.96,2
578065,1102,2876.41,1
578066,36,40.14,2
578067,1032,2657.7599999999998,1
578068,323,668.59,0
578069,183,283.31,2
578070,10,16.5,2
578071,88,170.36,2
578072,377,519.3100000000001,0
578074,359,702.38,0
578075,62,106.04,2
578078,78,186.54000000000002,2
578079,198,466.18,2
578080,99,243.55,2
578081,144,499.8,2
578082,132,166.56,2
578084,183,271.25,2
578085,139,273.88,2
578086,120,282.12,2
578087,51,135.43,2
578088,476,682.33,0
578089,32,85.2,2
578091,48,72.96000000000001,2
578092,177,256.93,2
578093,149,147.79,2
578094,61,157.45,2
578096,32,83.96000000000001,2
578098,53,79.48,2
578099,181,333.57,2
578100,195,230.19,2
578101,60,105.0,2
578102,124,389.1,2
578103,84,177.8,2
578104,80,214.96,2
578105,56,89.08,2
578106,38,134.5,2
578107,80,112.56,2
578108,114,191.38,2
578109,224,287.67,2
578111,52,49.4,2
578112,24,30.0,2
578113,24,13.2,2
578114,107,194.41,2
578115,98,97.18,2
578116,35,67.89,2
578117,134,223.5,2
578118,368,458.02,0
578119,32,72.0,2
578120,252,381.2,0
578121,243,349.40000000000003,2
578125,350,547.16,0
578126,1,4.95,2
578127,28,79.4,2
578128,84,162.24,2
578129,154,102.83999999999999,2
578130,24,70.2,2
578133,78,243.8,2
578140,40,262.8,2
578143,52,242.2,2
578146,114,259.2,2
578147,129,141.59,2
578149,864,3759.4,1
578150,10,16.5,2
578151,185,298.71,2
578153,186,160.69,2
578154,1,1.65,2
578155,68,164.77,2
578171,207,392.4,2
578174,61,166.61,2
578187,314,358.20000000000005,0
578196,12,83.4,2
578211,254,270.71,2
578220,22,88.10000000000001,2
578225,402,791.66,0
578229,107,256.35,2
578230,24,102.0,2
578231,57,184.95000000000002,2
578233,1233,2038.31,1
578234,121,208.99,2
578243,316,900.48,0
578244,390,555.75,0
578246,66,79.02,2
578247,85,103.92,2
578248,306,437.12,0
578250,49,94.13,2
578251,354,349.9,0
578252,20,36.24,2
578253,72,73.2,2
578254,38,138.9,2
578255,264,469.26,0
578258,201,321.23,2
578260,168,339.1,2
578261,142,588.5,2
578262,241,307.05,2
578263,208,172.16,2
578264,99,123.64,2
578265,163,344.13,2
578266,65,131.73,2
578267,3,12.75,2
578268,1,5.45,2
578270,1340,3840.52,1
578271,34,90.02,2
578272,123,164.66,2
578273,38,107.36,2
578275,117,167.36,2
578277,176,315.08,2
578278,397,439.13,0
578279,50,280.7,2
578281,70,167.8,2
578283,36,59.400000000000006,2
578284,66,71.60000000000001,2
578285,29,62.61,2
578287,6,10.76,2
578288,6,39.05,2
578289,375,779.6,0
578290,366,496.28000000000003,0
578291,22,54.900000000000006,2
578292,350,554.44,0
578293,348,711.6600000000001,0
578294,31,91.45000000000002,2
578295,72,168.3,2
578296,24,94.80000000000001,2
578297,144,300.96,2
578298,202,160.38,2
578299,95,168.17000000000002,2
578301,186,355.69,2
578302,236,633.5400000000001,0
578303,119,541.71,2
578304,20,91.0,2
578305,907,4274.7699999999995,1
578306,50,164.34,2
578307,174,294.71,2
578308,27,34.29,2
578309,256,256.8,2
578310,157,283.77,2
578311,10,20.8,2
578312,42,143.34,2
578313,49,110.23,2
578314,129,262.65000000000003,2
578315,163,273.93,2
578316,239,285.44,2
578317,390,665.28,0
578318,120,164.7,2
578319,56,107.76,2
578322,58,184.44,2
578323,47,185.9,2
578324,97,159.95,2
578325,84,141.62,2
578326,86,137.21,2
578331,44,94.2,2
578332,14,24.85,2
578333,164,226.76000000000002,2
578334,64,82.8,2
578335,244,417.56,0
578339,76,150.48000000000002,2
578343,60,83.0,2
578344,1390,3740.93,1
578345,24,70.80000000000001,2
578346,24,70.80000000000001,2
578347,1400,3807.7,1
578348,128,86.7,2
578349,325,428.19,0
578350,145,293.75,2
578352,50,129.5,2
578353,108,184.2,2
578354,224,372.12,2
578357,150,146.37,2
578358,96,393.6,2
578361,91,97.14,2
578362,202,515.5,0
578364,187,220.2,2
578365,48,196.8,2
578366,133,278.95,2
578369,56,106.8,2
578370,80,128.5,2
578372,6,17.34,2
578373,214,328.57,2
578375,33,60.150000000000006,2
578384,30,41.099999999999994,2
578400,110,168.13,2
578420,39,261.35,2
578427,20,71.80000000000001,2
578429,351,521.21,0
578433,88,242.16000000000003,2
578441,5,8.25,2
578445,154,171.77,2
578459,128,268.16,2
578461,42,176.8,2
578463,158,284.7,2
578468,202,167.34,2
578469,108,230.92000000000002,2
578470,102,237.74,2
578472,533,1403.1100000000001,0
578479,93,187.23000000000002,2
578480,142,245.5,2
578485,396,716.44,0
578488,276,455.46999999999997,0
578506,170,316.5,2
578508,66,126.45,2
578509,64,135.8,2
578510,199,496.22,2
578511,100,204.17000000000002,2
578512,28,132.28,2
578513,515,1333.14,0
578514,36,39.480000000000004,2
578515,100,141.86,2
578516,284,387.26,0
578517,218,710.7,0
578518,73,110.57000000000001,2
578519,147,297.83,2
578520,74,164.4,2
578521,79,147.03,2
578522,113,132.91,2
578523,54,89.32,2
578526,98,215.76,2
578530,138,301.14,2
578531,202,228.21,2
578532,142,256.48,2
578533,128,271.2,2
578534,221,415.25,2
578535,58,52.74,2
578539,453,632.55,0
578541,719,1510.39,0
578544,91,269.73,2
578547,118,177.14000000000001,2
578548,164,238.51,2
578550,57,94.34,2
578551,411,586.88,0
578620,100,214.24,2
578621,34,91.42,2
578623,58,76.82,2
578626,202,338.3,2
578627,150,312.0,2
578631,30,189.8,2
578633,260,290.32,2
578634,62,88.98,2
578653,210,424.06,2
578661,128,178.16,2
578662,38,114.38,2
578663,54,75.06,2
578664,212,243.76,2
578665,44,164.4,2
578666,636,972.85,0
578667,91,137.97,2
578670,3,4.949999999999999,2
578672,60,40.2,2
578674,12,39.48,2
578675,368,577.36,0
578676,61,144.43,2
578677,85,173.1,2
578678,223,336.14,2
578679,68,188.10000000000002,2
578680,146,239.66000000000003,2
578681,82,261.54,2
578682,260,818.8800000000001,0
578683,70,151.38,2
578684,12,35.400000000000006,2
578685,96,309.84000000000003,2
578686,186,331.48,2
578687,183,318.17,2
578688,193,230.08,2
578689,24,40.56,2
578690,41,138.55,2
578696,336,721.34,0
578697,197,308.36,2
578698,343,336.25,0
578699,44,107.16,2
578701,240,425.28000000000003,0
578702,621,1147.71,0
578703,196,246.16,2
578705,44,95.27,2
578707,189,279.52,2
578708,20,41.6,2
578719,139,162.49,2
578736,154,272.1,2
578745,18,37.8,2
578746,372,1912.37,0
578757,245,378.26,2
578781,182,274.35,2
578782,1,2.1,2
578783,200,251.45,2
578785,24,90.0,2
578786,125,196.85,2
578787,83,182.15,2
578788,4,12.46,2
578789,78,227.8,2
578790,143,167.9,2
578791,101,106.34,2
578792,22,31.0,2
578793,30,57.42,2
578794,110,208.04000000000002,2
578795,128,212.84,2
578802,92,107.0,2
578804,114,102.3,2
578805,212,324.14,2
578806,212,401.76,2
578807,50,104.0,2
578808,320,462.32,0
578809,280,452.36,0
578810,56,208.7,2
578811,560,1452.98,0
578812,178,338.40000000000003,2
578813,22,100.9,2
578814,198,243.17,2
578815,101,266.29,2
578817,125,265.9,2
578818,72,116.14,2
578819,15,43.43,2
578820,16,54.24,2
578821,10,29.5,2
578822,146,255.82,2
578824,115,204.5,2
578825,96,165.70000000000002,2
578826,75,279.75,2
578827,1050,3087.74,1
578828,3,11.54,2
578829,37,54.81,2
578830,51,156.65,2
578833,732,3121.7799999999997,1
578834,123,364.13,2
578835,20,49.8,2
578836,116,143.59,2
578842,11,12.3,2
578843,48,102.87,2
578844,1016,2887.52,1
578845,1,3.75,2
578846,263,334.73,2
578847,1,4.25,2
578848,2,4.16,2
578849,46,120.0,2
578850,172,223.79,2
578851,155,257.17,2
578852,263,367.06,0
578853,44,91.28,2
578854,186,388.42,2
578855,66,148.85,2
578856,240,588.59,0
578857,22,38.2,2
578858,657,693.67,0
578901,98,206.76,2
578914,96,170.06,2
578921,187,326.22,2
578922,72,192.95,2
578923,44,171.83,2
578924,122,188.42000000000002,2
578925,172,308.38,2
578926,212,452.31,2
578927,131,298.87,2
578928,348,583.0600000000001,0
578929,109,209.37,2
578931,117,261.71,2
578933,13,96.85,2
578934,73,213.07,2
578935,137,300.16,2
578936,222,411.89,2
578937,225,440.98,0
578938,12,25.200000000000003,2
578939,80,151.34,2
578940,292,1258.2,0
578941,277,224.39,2
578942,243,436.13,0
578943,165,348.84000000000003,2
578944,96,152.68,2
578945,71,125.83,2
578946,66,142.12,2
578947,197,352.26,2
578948,66,209.5,2
578949,108,194.15,2
578950,109,147.84,2
578951,61,109.95,2
578952,71,109.67,2
578953,143,198.76,2
578954,87,133.68,2
578977,202,374.59000000000003,2
578992,34,88.34,2
578993,168,239.14,2
578994,194,509.22,2
578995,444,554.45,0
578996,125,149.24,2
578997,73,109.25,2
578998,112,193.3,2
578999,144,230.89,2
579000,14,31.299999999999997,2
579001,422,438.96,0
579002,319,411.9,0
579003,166,231.95,2
579007,24,34.8,2
579008,58,274.8,2
579009,12,39.0,2
579010,10,45.6,2
579011,152,307.56,2
579012,40,114.18,2
579013,82,317.1,2
579014,28,111.0,2
579015,24,42.96,2
579016,42,146.7,2
579017,51,130.05,2
579027,67,100.42999999999999,2
579037,157,389.58000000000004,2
579039,80,92.0,2
579062,151,291.95,2
579067,53,113.55000000000001,2
579069,563,975.49,0
579087,206,283.76,2
579089,57,100.71,2
579091,424,664.2,0
579093,646,1193.8,0
579094,290,718.78,0
579095,13,41.010000000000005,2
579096,172,350.92,2
579097,113,308.81,2
579098,106,160.45,2
579099,114,137.85,2
579100,268,303.08,2
579101,157,285.69,2
579102,327,648.85,0
579103,140,223.35,2
579106,280,646.9,0
579107,10,16.5,2
579108,24,69.36,2
579109,24,34.8,2
579116,128,193.03,2
579121,69,91.06,2
579122,18,87.7,2
579123,6,17.700000000000003,2
579124,287,458.90000000000003,0
579125,331,394.81,0
579128,54,67.8,2
579129,15,44.35,2
579130,62,163.02,2
579131,244,415.46,0
579132,151,189.69,2
579133,38,69.99,2
579134,330,499.56,0
579135,210,275.14,2
579136,100,213.38,2
579138,184,202.5,2
579141,158,222.45,2
579142,174,268.96,2
579143,152,265.24,2
579144,270,387.32,0
579145,216,295.74,2
579146,104,338.94,2
579147,176,187.1,2
579148,48,108.6,2
579149,196,361.62,2
579150,108,241.8,2
579151,24,49.92,2
579152,377,426.35,0
579153,90,203.70000000000002,2
579154,111,172.21,2
579155,62,112.17,2
579156,82,270.94,2
579157,128,185.22,2
579158,140,309.12,2
579159,105,152.43,2
579160,60,58.4,2
579161,331,342.16,0
579162,136,300.02,2
579165,107,182.91000000000003,2
579166,97,264.53000000000003,2
579167,407,889.73,0
579168,556,445.11,0
579170,62,179.59,2
579171,168,267.13,2
579173,51,64.4,2
579174,122,194.68,2
579175,108,303.29,2
579176,85,154.11,2
579177,114,426.3,2
579179,26,71.09,2
579182,76,139.52,2
579183,24,78.96000000000001,2
579184,81,199.20000000000002,2
579185,24,99.6,2
579187,1253,3404.59,1
579188,289,449.77,0
579190,54,156.38,2
579193,54,156.38,2
579194,105,192.41,2
579196,1590,4374.43,1
579250,143,279.05,2
579254,208,276.32,2
579255,90,186.32,2
579256,224,197.32,2
579257,36,191.39999999999998,2
579258,187,301.29,2
579259,110,173.56,2
579260,94,172.79999999999998,2
579261,238,295.08,2
579262,12,5.04,2
579263,18,29.88,2
579264,34,30.16,2
579265,48,58.56,2
579267,345,922.75,0
579268,260,248.68,2
579269,96,123.96000000000001,2
579270,68,197.82,2
579271,50,199.2,2
579273,237,229.85999999999999,2
579274,153,247.6,2
579276,48,75.0,2
579278,32,171.60000000000002,2
579279,104,214.6,2
579280,16,90.9,2
579281,60,124.80000000000001,2
579282,58,127.76,2
579283,520,783.6,0
579284,24,39.6,2
579285,17,76.95,2
579286,48,119.45,2
579287,112,152.32,2
579288,4,13.8,2
579289,4,7.0600000000000005,2
579291,268,1356.8899999999999,0
579293,83,210.9,2
579297,562,2313.0099999999998,1
579300,146,193.56,2
579301,165,270.45,2
579307,110,358.94,2
579328,139,164.57,2
579332,162,308.22,2
579339,28,155.0,2
579345,222,542.8,0
579350,132,257.74,2
579352,29,54.14,2
579358,75,154.95,2
579361,4,12.9,2
579364,37,59.55,2
579365,6,12.48,2
579387,70,131.68,2
579391,228,196.68,2
579393,306,512.98,0
579399,262,460.83,0
579400,8,19.92,2
579401,150,342.98,2
579402,16,60.0,2
579403,110,290.5,2
579404,68,183.4,2
579406,42,177.5,2
579407,76,214.8,2
579408,245,477.81,0
579409,1,6.95,2
579410,36,64.56,2
579411,69,143.38,2
579412,180,316.92,2
579413,209,369.88,2
579414,210,370.42,2
579416,108,286.14,2
579419,48,94.02,2
579427,64,201.68,2
579430,61,154.19,2
579432,66,83.28,2
579433,173,302.87,2
579434,239,288.39,2
579435,6,43.5,2
579437,3,14.85,2
579439,88,216.88000000000002,2
579440,172,409.58000000000004,2
579442,86,232.9,2
579443,35,69.65,2
579444,181,372.57,2
579445,72,183.60000000000002,2
579446,284,510.24,0
579447,169,407.16,2
579448,12,4.68,2
579453,88,91.74,2
579454,19,19.09,2
579455,221,318.8,2
579456,149,184.78,2
579457,62,129.5,2
579458,139,285.41,2
579459,72,265.20000000000005,2
579461,321,749.49,0
579462,175,106.78,2
579463,2,16.4,2
579464,104,179.7,2
579465,73,168.18,2
579466,24,102.0,2
579467,105,253.51000000000002,2
579468,73,202.01,2
579470,577,1022.17,0
579471,342,1285.42,0
579472,172,277.48,2
579473,278,352.11,0
579489,26,112.2,2
579491,177,310.67,2
579492,216,496.8,0
579493,216,307.72,2
579494,24,30.0,2
579495,108,83.4,2
579497,85,125.0,2
579499,330,544.74,0
579501,289,937.69,0
579503,116,158.24,2
579505,11,54.15,2
579506,119,138.21,2
579507,118,244.68,2
579508,1267,3424.36,1
579509,46,136.28,2
579510,342,625.2,0
579511,12,23.4,2
579512,1023,2848.44,1
579513,27,87.15,2
579514,64,283.64,2
579515,238,370.13,2
579516,347,695.6899999999999,0
579517,16,34.120000000000005,2
579518,46,78.22,2
579520,61,137.54,2
579522,156,248.57999999999998,2
579523,120,474.0,2
579524,126,217.86,2
579525,132,257.4,2
579526,24,6.959999999999999,2
579527,182,311.82,2
579528,20,41.6,2
579529,267,477.21,0
579530,152,271.36,2
579531,114,222.9,2
579533,81,274.95,2
579535,192,338.40000000000003,2
579536,626,966.02,0
579537,4,9.65,2
579538,154,323.06,2
579539,94,239.42000000000002,2
579540,172,434.8,2
579541,127,200.14,2
579542,36,107.6,2
579543,2,4.16,2
579544,111,314.73,2
579545,217,319.46,2
579546,138,248.47,2
579548,63,181.45,2
579549,124,142.34,2
579550,256,392.34000000000003,0
579551,66,231.3,2
579552,164,229.86,2
579553,251,450.81,0
579555,350,562.65,0
579556,58,94.86,2
579557,257,1179.34,0
579558,220,616.8000000000001,0
579559,100,169.2,2
579560,70,154.68,2
579561,81,129.10999999999999,2
579571,193,177.85,2
579572,134,284.0,2
579600,176,321.4,2
579605,142,286.01,2
579619,70,117.54,2
579623,106,222.98000000000002,2
579629,90,159.4,2
579634,146,151.1,2
579666,223,428.73,2
579667,50,90.47,2
579668,251,362.07,2
579669,99,210.53,2
579670,60,95.91000000000001,2
579671,74,147.68,2
579672,302,653.54,0
579673,132,220.31,2
579674,92,155.7,2
579675,145,312.51,2
579676,154,244.76,2
579677,66,158.86,2
579678,84,157.32000000000002,2
579679,28,80.05,2
579684,28,69.24000000000001,2
579685,125,228.57,2
579687,12,35.400000000000006,2
579689,60,104.44,2
579690,89,114.42,2
579692,503,1142.41,0
579693,87,158.25,2
579694,422,1841.06,0
579708,148,283.04,2
579711,121,134.84,2
579712,75,122.32,2
579725,24,2.88,2
579740,12,23.57,2
579741,90,112.64,2
579744,264,543.86,0
579747,144,266.6,2
579749,334,732.3000000000001,0
579750,135,368.9,2
579751,119,485.65999999999997,2
579754,184,310.85,2
579768,92,330.96000000000004,2
579777,1501,4188.23,1
579779,15,50.25000000000001,2
579784,48,357.6,2
579786,12,27.0,2
579787,344,1474.5,0
579788,24,30.0,2
579789,39,75.35,2
579792,788,1061.66,0
579807,73,167.60999999999999,2
579832,226,352.84000000000003,2
579834,84,86.4,2
579837,100,708.0,2
579840,100,109.6,2
579843,180,399.9,2
579846,192,409.74,2
579848,80,136.7,2
579854,89,169.75,2
579865,15,61.35,2
579867,314,517.86,0
579868,406,328.32,0
579870,92,206.76,2
579872,167,250.74,2
579881,380,716.16,0
579885,561,966.5600000000001,0
579899,135,231.69,2
579900,135,278.15000000000003,2
579901,85,154.19,2
579909,30,75.51,2
579910,126,254.5,2
579916,40,162.96,2
579917,24,99.6,2
579920,24,19.92,2
579921,120,329.52,2
579922,36,116.75999999999999,2
579927,114,310.58000000000004,2
579937,87,66.9,2
579938,657,1192.51,0
579939,3,17.85,2
579940,215,325.63,2
579941,279,400.56,0
579942,180,367.39,2
579943,188,373.74,2
579946,161,180.94,2
579947,2,16.5,2
579949,158,250.9,2
579954,193,328.36,2
579962,66,107.42,2
579980,76,136.85,2
579986,54,153.18,2
579990,114,272.52,2
579991,252,282.56,2
580005,32,63.41,2
580021,109,351.15,2
580022,14,78.48,2
580023,18,67.5,2
580024,301,328.34,0
580025,107,210.77,2
580027,321,343.65,0
580028,93,154.45,2
580029,52,365.4,2
580030,171,295.34000000000003,2
580031,18,74.7,2
580032,76,149.4,2
580033,90,187.20000000000002,2
580043,57,195.56,2
580044,157,290.90000000000003,2
580045,66,235.98,2
580046,39,162.61,2
580047,49,67.92999999999999,2
580048,96,125.93,2
580049,134,204.22,2
580050,120,99.82,2
580051,97,264.65000000000003,2
580052,24,90.0,2
580053,148,408.36,2
580054,299,410.44,0
580055,150,261.7,2
580057,82,172.3,2
580058,253,429.53000000000003,0
580059,161,483.35,2
580060,45,93.35,2
580061,138,541.5,2
580062,85,156.5,2
580064,194,255.34,2
580065,46,150.9,2
580066,154,270.02,2
580068,5,41.25,2
580069,21,16.61,2
580070,134,270.9,2
580071,68,182.5,2
580073,79,148.54,2
580074,62,114.7,2
580075,126,229.62,2
580076,24,19.92,2
580077,248,304.7,2
580088,76,211.0,2
580089,145,430.11,2
580090,33,157.75,2
580091,66,119.13,2
580092,344,651.73,0
580093,18,59.1,2
580094,83,144.73,2
580095,68,303.0,2
580096,233,292.74,2
580097,58,294.06,2
580098,49,201.53,2
580100,68,113.88000000000001,2
580101,194,457.90000000000003,2
580102,32,80.80000000000001,2
580103,306,548.91,0
580104,8,16.8,2
580105,158,418.65999999999997,2
580106,138,318.14,2
580107,128,311.0,2
580108,105,464.25,2
580109,38,141.3,2
580110,42,72.24,2
580111,116,97.4,2
580112,124,300.84000000000003,2
580113,146,384.72,2
580114,156,245.0,2
580115,1583,4217.22,1
580116,60,184.92000000000002,2
580117,83,217.31,2
580118,154,348.03999999999996,2
580119,62,119.98,2
580120,120,173.1,2
580124,127,291.81,2
580125,100,177.5,2
580126,214,343.53000000000003,2
580127,208,240.48000000000002,2
580128,138,293.2,2
580129,408,589.24,0
580130,106,122.46,2
580132,48,160.8,2
580133,247,410.08,0
580134,158,277.46,2
580135,72,113.34,2
580136,326,543.36,0
580137,217,435.0,2
580138,60,188.76,2
580139,70,157.54,2
580140,357,619.19,0
580141,12,25.200000000000003,2
580142,22,51.18,2
580143,84,221.51999999999998,2
580144,84,161.4,2
580146,311,1593.33,0
580147,160,593.1800000000001,2
580148,103,448.65,2
580149,1,5.45,2
580150,2,6.58,2
580151,43,76.88,2
580152,501,295.32,0
580153,523,822.21,0
580154,4,15.0,2
580155,46,118.25999999999999,2
580156,118,332.86,2
580157,10,22.939999999999998,2
580158,160,195.08,2
580159,2,1.9,2
580160,594,1005.9300000000001,0
580162,125,204.6,2
580163,117,256.83,2
580164,224,567.72,0
580166,76,312.64,2
580167,40,75.8,2
580169,24,81.36,2
580172,24,129.36,2
580173,26,52.34,2
580176,36,65.75999999999999,2
580177,12,24.96,2
580178,140,166.6,2
580188,510,975.43,0
580193,67,271.78000000000003,2
580208,46,136.5,2
580213,79,154.97,2
580214,24,42.36,2
580221,130,305.8,2
580256,173,277.32,2
580258,20,141.6,2
580259,94,135.1,2
580260,212,386.34000000000003,2
580261,15,78.45,2
580262,230,341.9,2
580265,50,104.0,2
580272,384,460.71,0
580276,155,227.12,2
580277,47,121.11000000000001,2
580278,63,171.42000000000002,2
580279,470,840.66,0
580280,110,318.06,2
580281,32,72.84,2
580282,71,139.31,2
580283,220,258.0,2
580284,48,144.19,2
580285,14,85.1,2
580286,70,142.88,2
580287,37,108.33,2
580288,57,129.17000000000002,2
580289,313,557.86,0
580290,99,113.38,2
580291,362,478.46,0
580292,13,20.19,2
580293,70,72.43,2
580294,137,271.99,2
580295,52,113.78999999999999,2
580296,143,216.83,2
580298,366,351.24,0
580299,147,287.53,2
580300,9,13.95,2
580301,124,192.08,2
580302,2,16.5,2
580303,48,111.6,2
580304,324,735.22,0
580305,205,293.14,2
580306,196,435.0,2
580307,15,25.21,2
580308,138,240.22,2
580309,92,195.12,2
580310,12,35.400000000000006,2
580311,452,801.25,0
580314,55,20.11,2
580316,66,290.35,2
580317,278,584.52,0
580318,295,629.37,0
580319,166,172.14,2
580320,252,462.5,0
580321,24,50.400000000000006,2
580322,144,186.0,2
580351,51,95.85000000000001,2
580355,76,161.32000000000002,2
580356,2,15.0,2
580357,360,658.93,0
580358,179,495.95,2
580360,219,446.09000000000003,2
580361,12,15.0,2
580362,85,234.35000000000002,2
580364,208,206.07999999999998,2
580366,69,169.84,2
580367,1473,4214.48,1
580368,24,39.6,2
580369,19,59.21,2
580370,24,30.0,2
580372,88,64.08,2
580373,180,297.07,2
580374,171,347.55,2
580375,146,507.12,2
580384,115,238.04000000000002,2
580385,57,271.84,2
580386,48,169.0,2
580387,38,86.54,2
580388,71,105.05000000000001,2
580389,113,229.83,2
580393,95,149.81,2
580394,68,79.96000000000001,2
580395,143,200.25,2
580396,86,167.48,2
580397,68,109.92999999999999,2
580398,24,38.4,2
580399,519,791.05,0
580400,84,229.16000000000003,2
580401,76,164.1,2
580402,274,541.25,0
580403,113,430.57,2
580404,192,285.44,2
580405,67,194.83,2
580419,149,240.67000000000002,2
580431,52,39.72,2
580432,114,140.46,2
580434,36,76.09,2
580436,32,84.96000000000001,2
580438,47,111.45,2
580441,112,212.16,2
580460,42,32.19,2
580468,76,96.1,2
580469,199,245.24,2
580482,202,377.97,2
580490,119,128.8,2
580500,399,881.88,0
580501,228,467.43,0
580502,333,411.44,0
580503,47,105.15,2
580504,254,352.28000000000003,2
580505,157,205.39,2
580506,70,138.18,2
580508,20,36.6,2
580509,205,267.95,2
580511,286,625.7,0
580512,178,353.62,2
580513,311,341.02,0
580514,154,288.95,2
580515,148,62.92,2
580516,271,279.37,2
580517,200,557.2,0
580518,202,430.78000000000003,2
580519,207,1050.1499999999999,0
580520,242,375.85,2
580521,1,7.95,2
580523,235,366.06,2
580524,88,134.98000000000002,2
580525,24,73.6,2
580526,308,434.13,0
580527,262,300.12,2
580528,408,668.24,0
580529,19,79.71000000000001,2
580530,54,73.5,2
580531,33,74.55000000000001,2
580532,36,124.20000000000002,2
580533,18,96.3,2
580534,74,190.24,2
580535,41,100.87,2
580536,252,408.3,0
580537,16,29.51,2
580538,106,190.06,2
580539,231,280.13,2
580540,78,249.68,2
580541,632,778.04,0
580542,18,52.019999999999996,2
580543,286,578.72,0
580544,235,356.61,2
580545,127,224.25,2
580550,388,364.04,0
580552,87,127.33,2
580553,264,521.68,0
580554,8,15.6,2
580555,82,147.3,2
580556,44,121.8,2
580557,32,58.400000000000006,2
580558,56,164.4,2
580559,96,202.95000000000002,2
580595,188,439.1,2
580596,170,256.86,2
580598,70,111.6,2
580599,234,296.82,2
580600,110,106.46000000000001,2
580601,4,5.0,2
580602,92,96.68,2
580603,178,307.1,2
580606,32,60.400000000000006,2
580607,72,145.62,2
580608,82,207.3,2
580610,648,2708.65,1
580611,258,322.36,2
580612,601,2520.67,1
580613,317,697.47,0
580614,18,52.74000000000001,2
580615,809,1533.25,0
580619,122,120.55,2
580622,84,232.06,2
580630,140,148.88,2
580631,36,30.36,2
580632,450,686.44,0
580633,127,169.54,2
580634,144,203.88,2
580635,222,398.94,2
580636,462,352.96000000000004,0
580637,138,167.8,2
580638,90,94.26,2
580639,101,102.13,2
580640,141,151.7,2
580642,34,108.46000000000001,2
580643,124,304.3,2
580644,191,335.1,2
580647,318,418.72,0
580648,146,197.25,2
580650,290,288.26,0
580651,33,82.83,2
580652,148,281.4,2
580653,304,622.84,0
580654,82,107.13,2
580655,25,22.049999999999997,2
580656,85,110.55000000000001,2
580657,191,300.54,2
580658,90,210.6,2
580659,78,143.39999999999998,2
580660,460,827.44,0
580661,53,108.69,2
580662,13,15.29,2
580663,10,12.5,2
580664,170,248.08,2
580665,24,39.6,2
580667,52,122.93,2
580668,4,5.48,2
580669,504,968.6800000000001,0
580670,97,210.9,2
580671,372,321.48,0
580672,236,303.29,2
580673,906,2215.8,1
580674,7,4.97,2
580675,428,898.84,0
580676,37,63.18,2
580677,282,487.35,0
580678,157,120.03,2
580679,143,287.25,2
580680,113,274.21000000000004,2
580681,40,77.36,2
580682,228,186.12,2
580683,2,8.3,2
580684,108,172.36,2
580685,176,314.40000000000003,2
580687,226,401.64,2
580688,40,104.10000000000001,2
580689,151,276.4,2
580690,44,44.24,2
580691,424,236.83999999999997,0
580692,131,174.27,2
580693,156,110.03999999999999,2
580694,235,221.6,2
580695,222,368.01,2
580696,52,146.8,2
580697,174,265.59,2
580699,2,7.5,2
580700,78,89.94,2
580705,324,504.48,0
580709,2,6.7,2
580712,130,225.63,2
580713,17,22.75,2
580715,5,6.25,2
580716,112,138.3,2
580717,77,327.55,2
580718,24,30.0,2
580720,156,251.18,2
580721,242,332.58000000000004,2
580722,74,147.56,2
580723,319,384.62,0
580724,2,4.54,2
580725,326,204.58,0
580727,1750,5078.21,1
580728,128,158.36,2
580729,1782,4957.53,1
580730,1414,3948.7,1
580731,148,193.39000000000001,2
580732,15,26.15,2
580733,94,165.14,2
580734,203,494.53000000000003,0
580735,271,556.9300000000001,0
580736,165,315.75,2
580737,246,384.94,0
580738,24,45.24,2
580739,5,10.440000000000001,2
580744,12,17.4,2
580746,41,149.55,2
580748,5,9.95,2
580750,214,622.26,0
580752,229,511.99,0
580753,298,557.38,0
580754,227,1196.59,0
580755,12,19.8,2
580756,24,59.28,2
580757,209,497.11,0
580758,16,31.2,2
580759,694,609.7,0
580760,50,42.5,2
580765,24,61.2,2
580771,168,117.78,2
580772,16,27.04,2
580774,24,90.60000000000001,2
580775,20,33.0,2
580776,94,244.22,2
580777,95,153.45000000000002,2
580778,92,82.04,2
580808,206,145.9,2
580816,482,430.70000000000005,0
580819,534,284.9,0
580820,2,3.2,2
580822,115,94.93,2
580830,78,88.34,2
580831,665,819.95,0
580833,96,202.87,2
580848,38,81.9,2
580852,126,179.5,2
580865,273,246.57999999999998,2
580872,142,208.0,2
580873,86,297.9,2
580874,152,433.14,2
580875,580,567.0,0
580876,116,125.16000000000001,2
580877,89,139.92,2
580878,159,165.9,2
580879,66,137.09,2
580880,454,676.84,0
580881,40,83.2,2
580882,36,85.80000000000001,2
580883,58,231.74,2
580884,238,369.18,2
580887,76,122.9,2
580889,12,29.419999999999998,2
580890,8,15.6,2
580891,156,155.4,2
580893,123,164.18,2
580901,130,175.02,2
580903,101,183.99,2
580904,130,243.89999999999998,2
580905,27,69.45,2
580906,60,176.76,2
580907,346,415.38,0
580908,152,280.7,2
580909,160,330.28000000000003,2
580911,227,337.75,2
580914,70,165.98000000000002,2
580915,60,99.0,2
580916,9,6.3100000000000005,2
580937,204,475.58000000000004,2
580939,220,462.44000000000005,0
580955,181,144.06,2
580956,479,739.9,0
580958,112,152.16,2
580959,133,282.65,2
580960,76,140.6,2
580961,7,33.05,2
580962,28,59.660000000000004,2
580963,145,390.09000000000003,2
580964,215,445.27,2
580965,163,219.88,2
580967,70,100.5,2
580969,82,160.98000000000002,2
580972,206,374.24,2
580973,115,210.35,2
580974,282,307.15000000000003,0
580975,24,61.2,2
580976,1,5.29,2
580977,93,124.2,2
580978,46,121.74000000000001,2
580979,218,475.04,0
580980,315,406.5,0
580981,304,455.32,0
580982,373,369.7,0
580983,1487,3847.74,1
580984,24,30.0,2
580985,18,71.10000000000001,2
580986,250,242.44,2
580988,100,153.2,2
580992,60,87.3,2
580993,16,70.8,2
580996,84,111.51,2
580997,295,667.94,0
580998,74,223.68,2
580999,171,164.19,2
581000,157,241.47,2
581001,181,502.53000000000003,2
581002,149,284.79,2
581003,712,1056.2,0
581004,56,335.2,2
581005,67,83.62,2
581006,503,1007.21,0
581010,238,208.38,2
581011,80,88.0,2
581013,156,293.88,2
581014,86,175.5,2
581015,625,499.51,0
581016,77,226.35000000000002,2
581017,78,90.9,2
581018,108,163.8,2
581019,158,204.86,2
581020,161,628.5,0
581021,197,296.57,2
581022,63,142.6,2
581023,543,2352.67,1
581027,180,450.8,2
581034,194,294.0,2
581057,151,197.43,2
581058,24,35.400000000000006,2
581059,110,258.70000000000005,2
581064,148,73.24,2
581068,61,124.86000000000001,2
581074,180,335.77,2
581095,44,125.41,2
581096,86,186.4,2
581098,502,1107.62,0
581099,138,217.37,2
581101,65,114.14,2
581104,174,333.02,2
581108,54,116.06,2
581112,210,323.94,2
581113,82,120.87,2
581114,46,183.34,2
581116,92,209.73,2
581118,126,212.4,2
581119,38,44.5,2
581120,102,121.56,2
581122,399,661.59,0
581123,157,321.67,2
581125,220,185.17,2
581126,254,367.88,0
581129,402,851.02,0
581130,85,125.75,2
581131,140,306.7,2
581132,142,293.18,2
581133,548,368.02,0
581134,89,143.49,2
581135,116,439.8,2
581136,20,51.0,2
581137,198,302.62,2
581140,15,33.75,2
581141,169,255.59,2
581142,70,128.16,2
581143,1,1.65,2
581144,239,185.7,2
581146,823,957.84,0
581147,170,236.77,2
581149,223,364.38,2
581150,13,21.41,2
581163,86,195.5,2
581164,239,475.89,0
581165,260,284.94,2
581166,111,211.93,2
581167,180,357.2,2
581168,104,164.84,2
581169,62,173.20000000000002,2
581170,62,239.7,2
581171,197,347.43,2
581172,68,166.20000000000002,2
581173,236,232.9,2
581174,148,317.92,2
581175,192,757.76,0
581176,44,281.40000000000003,2
581177,16,54.24,2
581179,447,850.83,0
581180,192,224.82,2
581181,236,275.22,2
581182,138,288.58,2
581183,134,79.38,2
581184,20,51.00000000000001,2
581185,30,112.5,2
581186,80,197.8,2
581187,144,384.8,2
581188,680,665.22,0
581191,144,405.59000000000003,2
581192,149,227.22,2
581193,92,144.15,2
581194,138,161.62,2
581195,6,12.48,2
581196,240,275.38,2
581197,12,23.61,2
581214,84,191.28,2
581215,36,65.4,2
581216,130,345.5,2
581217,1651,4526.68,1
581218,372,399.96000000000004,0
581219,1934,5215.94,1
581220,290,195.42,2
581222,16,43.2,2
581223,52,76.76,2
581224,113,104.99,2
581225,240,265.12,2
581227,12,47.040000000000006,2
581230,458,514.49,0
581231,4,19.8,2
581232,108,509.16,2
581233,69,113.53999999999999,2
581236,76,62.52,2
581237,176,375.38,2
581238,507,2157.98,0
581241,194,320.70000000000005,2
581246,66,126.78,2
581251,46,126.9,2
581252,86,152.57999999999998,2
581253,24,72.5,2
581256,205,1096.59,0
581266,628,873.74,0
581279,12,35.400000000000006,2
581281,63,323.05,2
581285,138,226.5,2
581291,105,105.9,2
581310,90,166.92,2
581324,26,74.58,2
581325,93,176.62,2
581327,94,182.8,2
581333,21,103.95,2
581334,467,772.73,0
581335,152,128.76,2
581336,80,167.46,2
581345,107,180.1,2
581352,97,143.68,2
581356,26,101.1,2
581357,186,156.72,2
581358,42,93.9,2
581361,54,64.86,2
581375,30,101.28,2
581376,252,396.47,0
581377,151,344.17,2
581378,93,112.47,2
581379,98,163.66,2
581380,77,194.07,2
581381,159,318.6,2
581382,171,265.43,2
581383,188,266.64,2
581385,24,90.0,2
581394,4,11.8,2
581395,33,88.17,2
581396,42,200.1,2
581397,52,75.0,2
581398,85,460.35,2
581399,102,182.26,2
581400,186,386.77,2
581401,256,332.76,2
581402,183,370.63,2
581403,204,302.94,2
581404,322,635.08,0
581405,300,365.8,0
581407,122,190.7,2
581410,177,371.29999999999995,2
581411,78,238.3,2
581412,529,929.38,0
581413,128,384.24,2
581414,173,167.69,2
581415,154,204.8,2
581416,29,80.09,2
581417,70,193.1,2
581418,124,270.48,2
581419,354,476.77,0
581420,432,433.16,0
581421,93,213.64000000000001,2
581423,52,145.7,2
581424,63,154.05,2
581425,348,373.08,0
581426,67,136.45000000000002,2
581427,70,207.70000000000002,2
581428,12,34.68,2
581429,111,113.67,2
581430,48,92.24000000000001,2
581431,14,17.9,2
581433,702,862.38,0
581434,70,115.46000000000001,2
581435,2,3.35,2
581436,186,324.70000000000005,2
581437,170,248.02,2
581438,136,195.36,2
581439,1424,4015.47,1
581442,49,256.35,2
581443,120,79.44,2
581445,160,112.6,2
581448,39,129.65,2
581449,16,48.47,2
581450,63,99.41,2
581451,127,341.93,2
581452,176,360.12,2
581453,318,225.62,0
581454,84,167.58,2
581455,130,542.78,2
581456,167,199.08,2
581461,36,64.92,2
581467,133,130.32,2
581469,62,104.3,2
581471,73,186.89000000000001,2
581472,129,354.15000000000003,2
581473,53,70.99,2
581474,23,51.6,2
581475,268,252.28,2
581476,503,1122.61,0
581477,96,202.98000000000002,2
581478,178,377.1,2
581479,10,29.5,2
581480,82,285.8,2
581481,234,242.3,2
581482,36,149.4,2
581485,18,89.10000000000001,2
581486,218,407.68,2
581488,40,249.20000000000002,2
581489,24,30.0,2
581491,12,19.8,2
581492,1735,4696.7,1
581493,202,193.64000000000001,2
581494,186,303.14,2
581495,116,406.5,2
581496,400,580.73,0
581497,161,740.65,0
581498,569,2404.98,1
581500,2,16.5,2
581501,272,395.6,0
581502,158,133.35,2
581514,231,133.79,2
581516,175,348.01,2
581538,115,186.83,2
581567,83,173.93,2
581570,95,206.95000000000002,2
581571,81,204.57,2
581572,4,19.8,2
581574,82,190.58,2
581578,499,722.85,0
581579,372,690.62,0
581580,80,74.21,2
581581,22,51.18,2
581582,18,29.88,2
581585,278,329.05,0
581586,42,124.4,2
581587,105,249.45,2
